filename,NOSE_x,NOSE_y,NOSE_score,LEFT_EYE_x,LEFT_EYE_y,LEFT_EYE_score,RIGHT_EYE_x,RIGHT_EYE_y,RIGHT_EYE_score,LEFT_EAR_x,LEFT_EAR_y,LEFT_EAR_score,RIGHT_EAR_x,RIGHT_EAR_y,RIGHT_EAR_score,LEFT_SHOULDER_x,LEFT_SHOULDER_y,LEFT_SHOULDER_score,RIGHT_SHOULDER_x,RIGHT_SHOULDER_y,RIGHT_SHOULDER_score,LEFT_ELBOW_x,LEFT_ELBOW_y,LEFT_ELBOW_score,RIGHT_ELBOW_x,RIGHT_ELBOW_y,RIGHT_ELBOW_score,LEFT_WRIST_x,LEFT_WRIST_y,LEFT_WRIST_score,RIGHT_WRIST_x,RIGHT_WRIST_y,RIGHT_WRIST_score,LEFT_HIP_x,LEFT_HIP_y,LEFT_HIP_score,RIGHT_HIP_x,RIGHT_HIP_y,RIGHT_HIP_score,LEFT_KNEE_x,LEFT_KNEE_y,LEFT_KNEE_score,RIGHT_KNEE_x,RIGHT_KNEE_y,RIGHT_KNEE_score,LEFT_ANKLE_x,LEFT_ANKLE_y,LEFT_ANKLE_score,RIGHT_ANKLE_x,RIGHT_ANKLE_y,RIGHT_ANKLE_score,class_no,class_name
chair/girl1_chair070.jpg,158.0,91.0,0.48621434,159.0,86.0,0.56700647,154.0,86.0,0.4717317,155.0,87.0,0.5762346,144.0,87.0,0.69680965,158.0,106.0,0.6557567,139.0,108.0,0.64299506,169.0,73.0,0.5975274,141.0,74.0,0.6685502,175.0,54.0,0.57364535,143.0,53.0,0.4072557,158.0,172.0,0.72845405,142.0,172.0,0.75700283,174.0,220.0,0.6524595,166.0,223.0,0.65920174,152.0,259.0,0.50173557,148.0,262.0,0.536224,0,chair
chair/girl1_chair070_flipped.jpg,138.0,91.0,0.6029569,143.0,87.0,0.5079382,139.0,87.0,0.7327896,155.0,88.0,0.7104994,147.0,87.0,0.6805879,160.0,106.0,0.8565266,141.0,105.0,0.8587423,158.0,71.0,0.7013102,131.0,72.0,0.7131256,155.0,54.0,0.54150176,125.0,50.0,0.640121,159.0,170.0,0.86647177,144.0,171.0,0.86727023,134.0,222.0,0.8597332,125.0,220.0,0.8793977,152.0,263.0,0.5310621,147.0,259.0,0.66397566,0,chair
chair/girl1_chair075.jpg,165.0,100.0,0.6745022,165.0,95.0,0.7712466,161.0,95.0,0.76739603,160.0,97.0,0.48981217,150.0,97.0,0.6568284,162.0,115.0,0.69897556,142.0,116.0,0.8431062,174.0,84.0,0.567278,147.0,83.0,0.6209779,181.0,60.0,0.72519267,152.0,60.0,0.5409958,156.0,178.0,0.7920233,139.0,179.0,0.7871954,180.0,222.0,0.84101003,173.0,226.0,0.8923189,155.0,262.0,0.7018632,152.0,263.0,0.7075262,0,chair
chair/girl1_chair075_flipped.jpg,134.0,101.0,0.49870062,138.0,96.0,0.5980848,134.0,95.0,0.54508734,151.0,97.0,0.7374623,143.0,97.0,0.5425488,157.0,115.0,0.814292,137.0,115.0,0.63579285,152.0,81.0,0.673525,126.0,82.0,0.78498703,147.0,63.0,0.4308899,120.0,64.0,0.7078607,162.0,177.0,0.8826196,145.0,178.0,0.83839774,127.0,226.0,0.7058886,120.0,224.0,0.83755827,150.0,265.0,0.76265216,145.0,261.0,0.6169464,0,chair
chair/girl1_chair076.jpg,165.0,102.0,0.6403023,166.0,99.0,0.5954764,162.0,98.0,0.70252144,160.0,100.0,0.51669955,151.0,99.0,0.5751168,164.0,116.0,0.74343854,143.0,118.0,0.80007035,176.0,86.0,0.6635474,147.0,87.0,0.398816,183.0,62.0,0.5559521,152.0,58.0,0.4983136,157.0,182.0,0.84316593,139.0,182.0,0.82357883,181.0,224.0,0.7809411,173.0,228.0,0.82862604,156.0,263.0,0.6309014,152.0,264.0,0.6725762,0,chair
chair/girl1_chair076_flipped.jpg,132.0,103.0,0.73116297,136.0,98.0,0.6925813,132.0,98.0,0.82011944,148.0,99.0,0.69588584,140.0,99.0,0.6489755,155.0,118.0,0.7482281,137.0,117.0,0.6813711,150.0,83.0,0.685025,125.0,86.0,0.67291236,147.0,64.0,0.617668,117.0,65.0,0.4586198,162.0,179.0,0.86197084,145.0,179.0,0.84226716,126.0,225.0,0.86288536,118.0,224.0,0.8761321,148.0,265.0,0.8253832,142.0,261.0,0.6028998,0,chair
chair/girl1_chair080.jpg,175.0,108.0,0.5821574,176.0,103.0,0.53404886,171.0,103.0,0.64210474,170.0,104.0,0.69647217,159.0,103.0,0.7593696,171.0,122.0,0.728444,149.0,124.0,0.84617126,187.0,89.0,0.7094111,158.0,89.0,0.5707989,196.0,60.0,0.7388115,161.0,66.0,0.7717253,153.0,186.0,0.67566687,138.0,188.0,0.7550615,186.0,226.0,0.84396154,176.0,230.0,0.7363271,158.0,264.0,0.62085515,156.0,265.0,0.6512969,0,chair
chair/girl1_chair080_flipped.jpg,125.0,108.0,0.68636036,130.0,103.0,0.795851,125.0,103.0,0.6207051,143.0,103.0,0.7345615,132.0,103.0,0.6207419,149.0,122.0,0.7148405,131.0,121.0,0.66282654,144.0,88.0,0.6529571,113.0,88.0,0.8306605,139.0,69.0,0.3464633,106.0,69.0,0.5395326,161.0,185.0,0.92132324,142.0,184.0,0.8542898,121.0,228.0,0.77571404,114.0,226.0,0.8495437,145.0,267.0,0.81207323,138.0,261.0,0.61430067,0,chair
chair/girl1_chair081.jpg,177.0,109.0,0.56168103,178.0,104.0,0.58377063,173.0,104.0,0.51206666,172.0,105.0,0.6796173,161.0,105.0,0.6927581,172.0,123.0,0.7123715,150.0,125.0,0.8398739,191.0,89.0,0.7213229,159.0,91.0,0.5473528,200.0,66.0,0.7200755,162.0,67.0,0.67908823,155.0,187.0,0.6843836,138.0,189.0,0.70141387,186.0,227.0,0.8510097,176.0,231.0,0.77257645,159.0,265.0,0.72199756,157.0,266.0,0.5879469,0,chair
chair/girl1_chair081_flipped.jpg,124.0,108.0,0.6084455,128.0,104.0,0.8372371,123.0,103.0,0.6791178,141.0,105.0,0.6183796,131.0,104.0,0.515188,148.0,123.0,0.706767,129.0,121.0,0.6738734,143.0,89.0,0.64204454,111.0,89.0,0.74317384,137.0,68.0,0.597395,102.0,68.0,0.32662266,161.0,185.0,0.906514,141.0,185.0,0.8360991,122.0,229.0,0.63199735,113.0,227.0,0.9382922,145.0,266.0,0.82833284,139.0,264.0,0.7353138,0,chair
chair/girl1_chair085.jpg,182.0,114.0,0.76145875,182.0,109.0,0.6492518,176.0,109.0,0.7812019,176.0,109.0,0.7302749,165.0,109.0,0.76779693,176.0,126.0,0.7336636,153.0,129.0,0.64052176,200.0,94.0,0.8395303,158.0,95.0,0.7006757,208.0,75.0,0.40981105,165.0,75.0,0.30787608,155.0,190.0,0.7992305,138.0,193.0,0.69300526,188.0,225.0,0.845194,175.0,230.0,0.7220743,161.0,265.0,0.68034995,159.0,266.0,0.68087655,0,chair
chair/girl1_chair085_flipped.jpg,118.0,114.0,0.5412488,123.0,109.0,0.84621173,116.0,109.0,0.8477865,136.0,109.0,0.76762205,121.0,109.0,0.71386194,145.0,127.0,0.66647434,121.0,125.0,0.76465976,140.0,94.0,0.73345894,99.0,93.0,0.7719715,134.0,76.0,0.19515006,92.0,76.0,0.22252308,163.0,188.0,0.8916019,140.0,188.0,0.82029015,122.0,228.0,0.8297714,111.0,227.0,0.8844772,141.0,268.0,0.77506506,136.0,265.0,0.844645,0,chair
chair/girl1_chair090.jpg,180.0,118.0,0.7380054,182.0,113.0,0.7949574,174.0,113.0,0.7787669,179.0,113.0,0.7193234,162.0,112.0,0.6768732,178.0,130.0,0.84792566,150.0,132.0,0.80565286,203.0,100.0,0.8470813,154.0,99.0,0.64773667,212.0,80.0,0.5383196,160.0,81.0,0.1793864,159.0,190.0,0.6041011,135.0,192.0,0.61019576,184.0,223.0,0.92443866,169.0,226.0,0.8787278,163.0,263.0,0.7584541,156.0,265.0,0.7594541,0,chair
chair/girl1_chair090_flipped.jpg,120.0,119.0,0.63577724,125.0,113.0,0.81985426,117.0,113.0,0.8223966,139.0,113.0,0.8180836,122.0,112.0,0.7051997,148.0,131.0,0.7641518,121.0,129.0,0.71215665,147.0,100.0,0.48770323,98.0,99.0,0.85258377,140.0,78.0,0.38500088,86.0,77.0,0.53524387,166.0,189.0,0.9129294,141.0,188.0,0.8119778,130.0,225.0,0.89580065,115.0,224.0,0.7604173,143.0,265.0,0.7026621,135.0,261.0,0.81305933,0,chair
chair/girl1_chair091.jpg,179.0,119.0,0.75167215,181.0,114.0,0.8022042,174.0,114.0,0.80190796,178.0,114.0,0.703925,161.0,113.0,0.6420851,178.0,131.0,0.81107223,149.0,132.0,0.8694097,203.0,101.0,0.82144535,153.0,99.0,0.7965815,212.0,82.0,0.5853195,159.0,82.0,0.20971407,159.0,190.0,0.62351644,134.0,191.0,0.7995932,183.0,222.0,0.9440046,167.0,224.0,0.93339545,162.0,264.0,0.67898595,156.0,265.0,0.73883075,0,chair
chair/girl1_chair091_flipped.jpg,121.0,119.0,0.72025883,127.0,114.0,0.72525537,119.0,113.0,0.67942035,140.0,113.0,0.74476767,123.0,112.0,0.57616436,149.0,132.0,0.79087913,120.0,128.0,0.78534764,148.0,100.0,0.5076088,97.0,100.0,0.75946695,141.0,80.0,0.2958786,88.0,80.0,0.36878186,167.0,188.0,0.91701657,141.0,188.0,0.8326497,132.0,223.0,0.6595208,116.0,223.0,0.9054239,144.0,264.0,0.7880799,136.0,261.0,0.76018715,0,chair
chair/girl1_chair094.jpg,173.0,117.0,0.6553412,177.0,112.0,0.8587903,168.0,111.0,0.7120496,176.0,112.0,0.68591213,157.0,111.0,0.8264731,176.0,129.0,0.67343503,146.0,131.0,0.818617,201.0,102.0,0.85260975,146.0,100.0,0.705446,213.0,78.0,0.69205886,152.0,80.0,0.2473798,160.0,187.0,0.8263614,135.0,189.0,0.82277095,179.0,218.0,0.7736104,162.0,220.0,0.9415569,162.0,260.0,0.7309312,153.0,259.0,0.78819185,0,chair
chair/girl1_chair094_flipped.jpg,126.0,118.0,0.79751647,131.0,112.0,0.819706,123.0,112.0,0.70228183,143.0,113.0,0.6700162,124.0,112.0,0.8151747,152.0,132.0,0.69120145,123.0,129.0,0.73053277,154.0,102.0,0.5575799,99.0,101.0,0.8393837,149.0,82.0,0.25953183,87.0,80.0,0.55668414,167.0,186.0,0.82347476,140.0,187.0,0.7505703,137.0,219.0,0.71521616,120.0,220.0,0.8945477,147.0,260.0,0.89937174,135.0,257.0,0.7262216,0,chair
chair/girl1_chair104.jpg,163.0,106.0,0.69521224,168.0,100.0,0.8365318,159.0,100.0,0.8018431,173.0,100.0,0.81015044,152.0,100.0,0.76354384,179.0,115.0,0.88937795,144.0,117.0,0.8570938,197.0,90.0,0.84076667,132.0,91.0,0.812789,204.0,70.0,0.559443,135.0,70.0,0.3178996,170.0,172.0,0.80306506,145.0,173.0,0.87058467,171.0,205.0,0.8622253,154.0,204.0,0.9325272,164.0,241.0,0.75197357,155.0,244.0,0.8240658,0,chair
chair/girl1_chair104_flipped.jpg,136.0,105.0,0.7228107,141.0,100.0,0.6719964,132.0,100.0,0.6574292,147.0,99.0,0.78083956,126.0,99.0,0.745515,155.0,115.0,0.78436834,121.0,115.0,0.87805533,169.0,89.0,0.74792176,104.0,92.0,0.69871545,169.0,70.0,0.2706016,99.0,69.0,0.398549,155.0,172.0,0.5958681,129.0,173.0,0.6104001,145.0,204.0,0.88614744,128.0,206.0,0.81304955,146.0,244.0,0.7827214,134.0,242.0,0.7850287,0,chair
chair/girl1_chair106.jpg,165.0,103.0,0.6641628,169.0,98.0,0.82359254,160.0,98.0,0.8516528,174.0,97.0,0.773476,153.0,97.0,0.8096405,182.0,113.0,0.8577626,146.0,114.0,0.9068786,199.0,89.0,0.87313515,133.0,89.0,0.820725,203.0,66.0,0.6663691,132.0,68.0,0.33848375,175.0,170.0,0.846751,149.0,171.0,0.8580988,172.0,202.0,0.87735224,155.0,202.0,0.91102344,167.0,240.0,0.63583934,156.0,240.0,0.83752,0,chair
chair/girl1_chair106_flipped.jpg,136.0,103.0,0.8124763,141.0,98.0,0.74594545,130.0,98.0,0.6834165,146.0,98.0,0.6940429,124.0,98.0,0.4990026,154.0,114.0,0.8291602,118.0,115.0,0.89530325,167.0,89.0,0.83686393,103.0,91.0,0.86206263,169.0,70.0,0.48427922,99.0,69.0,0.48047012,151.0,171.0,0.86167914,125.0,171.0,0.6158918,145.0,203.0,0.8907253,127.0,203.0,0.8994156,144.0,241.0,0.7259638,132.0,241.0,0.8487994,0,chair
chair/girl1_chair107.jpg,164.0,103.0,0.70671093,169.0,98.0,0.88129574,159.0,97.0,0.84088683,176.0,97.0,0.82383984,154.0,96.0,0.65715605,182.0,113.0,0.8946507,146.0,115.0,0.85288155,199.0,87.0,0.75856423,133.0,89.0,0.75592464,202.0,67.0,0.6110636,132.0,67.0,0.5091107,176.0,170.0,0.781875,151.0,171.0,0.881276,173.0,201.0,0.7730264,155.0,203.0,0.93759555,169.0,239.0,0.7487058,158.0,241.0,0.81001073,0,chair
chair/girl1_chair107_flipped.jpg,135.0,103.0,0.6415522,139.0,97.0,0.86435825,130.0,98.0,0.8685235,146.0,97.0,0.81649303,123.0,97.0,0.77006924,153.0,113.0,0.85400844,117.0,115.0,0.9303587,169.0,88.0,0.70862925,102.0,91.0,0.74594,169.0,68.0,0.6914902,99.0,67.0,0.6193024,148.0,170.0,0.7974997,123.0,171.0,0.8595686,144.0,202.0,0.836357,127.0,202.0,0.95136905,141.0,239.0,0.61579746,131.0,239.0,0.74759996,0,chair
chair/girl1_chair109.jpg,166.0,101.0,0.8058791,171.0,96.0,0.71642935,161.0,96.0,0.7148342,177.0,96.0,0.6897593,156.0,96.0,0.68755955,184.0,113.0,0.68648756,150.0,113.0,0.8771071,201.0,86.0,0.8576404,134.0,87.0,0.79736936,202.0,67.0,0.48053816,135.0,67.0,0.40974566,181.0,169.0,0.86529046,156.0,170.0,0.8390361,173.0,200.0,0.74500704,156.0,201.0,0.9287554,170.0,238.0,0.64050895,159.0,238.0,0.83710754,0,chair
chair/girl1_chair109_flipped.jpg,134.0,102.0,0.7477529,138.0,96.0,0.8004557,129.0,97.0,0.7983948,143.0,96.0,0.8727033,121.0,97.0,0.6581656,151.0,112.0,0.8956694,114.0,114.0,0.8498234,167.0,87.0,0.7380729,101.0,88.0,0.68407977,167.0,64.0,0.80962765,100.0,65.0,0.7135781,144.0,169.0,0.7802508,119.0,170.0,0.8640926,143.0,202.0,0.73337865,127.0,201.0,0.8652069,139.0,238.0,0.7663964,128.0,237.0,0.7978921,0,chair
chair/girl1_chair111.jpg,167.0,102.0,0.6828066,173.0,96.0,0.8202053,163.0,96.0,0.86430097,180.0,97.0,0.7769061,159.0,97.0,0.6819545,186.0,114.0,0.84448075,153.0,113.0,0.9160435,201.0,88.0,0.882595,136.0,87.0,0.88030493,203.0,66.0,0.6764284,133.0,65.0,0.67658,186.0,170.0,0.7054157,160.0,170.0,0.70547,175.0,200.0,0.8255398,158.0,202.0,0.91495514,175.0,239.0,0.69889796,164.0,240.0,0.6795847,0,chair
chair/girl1_chair111_flipped.jpg,133.0,102.0,0.8043335,137.0,96.0,0.8209972,128.0,96.0,0.6492728,141.0,96.0,0.8011,120.0,96.0,0.78563756,147.0,112.0,0.81735814,113.0,114.0,0.91496426,165.0,88.0,0.78449905,100.0,87.0,0.80645806,167.0,65.0,0.6764914,99.0,66.0,0.6248963,140.0,168.0,0.75895184,115.0,169.0,0.8644552,142.0,201.0,0.900424,125.0,201.0,0.9350083,137.0,239.0,0.6672257,126.0,238.0,0.86928326,0,chair
chair/girl1_chair112.jpg,168.0,102.0,0.46478498,173.0,97.0,0.89616376,163.0,96.0,0.8713419,181.0,97.0,0.8239811,160.0,96.0,0.78114974,187.0,113.0,0.6377391,154.0,113.0,0.81378365,202.0,87.0,0.8495555,136.0,86.0,0.7364876,202.0,65.0,0.3431533,134.0,66.0,0.5237086,188.0,171.0,0.72589326,161.0,171.0,0.6677064,175.0,200.0,0.91029686,157.0,201.0,0.83338726,175.0,241.0,0.5686807,165.0,239.0,0.66939056,0,chair
chair/girl1_chair112_flipped.jpg,132.0,102.0,0.66000116,136.0,96.0,0.74088985,127.0,96.0,0.7760473,141.0,96.0,0.79644006,119.0,97.0,0.70087993,146.0,114.0,0.8651748,111.0,115.0,0.891421,165.0,88.0,0.8917095,98.0,86.0,0.5991516,167.0,66.0,0.7543284,100.0,67.0,0.3661967,139.0,169.0,0.6445746,113.0,170.0,0.71998453,141.0,201.0,0.81943613,125.0,200.0,0.8700942,136.0,240.0,0.7389073,125.0,241.0,0.8329293,0,chair
chair/girl1_chair113.jpg,168.0,101.0,0.7292063,173.0,96.0,0.78733003,164.0,96.0,0.8698255,182.0,96.0,0.8030798,161.0,96.0,0.78458345,189.0,112.0,0.58336973,155.0,112.0,0.8243479,202.0,87.0,0.79573274,136.0,87.0,0.92437357,201.0,65.0,0.3774477,133.0,65.0,0.6560254,190.0,171.0,0.8626047,164.0,171.0,0.80733347,176.0,201.0,0.90933514,159.0,201.0,0.8400879,176.0,242.0,0.58196235,165.0,241.0,0.78043073,0,chair
chair/girl1_chair113_flipped.jpg,132.0,101.0,0.8359753,136.0,95.0,0.8303419,126.0,96.0,0.7464565,139.0,96.0,0.6928141,119.0,97.0,0.7866395,145.0,113.0,0.8842772,110.0,115.0,0.88304216,164.0,86.0,0.87445754,99.0,85.0,0.80033195,167.0,67.0,0.6347561,102.0,68.0,0.24400288,137.0,170.0,0.83899444,111.0,171.0,0.88189983,141.0,200.0,0.82445276,124.0,201.0,0.9404688,134.0,239.0,0.7883318,124.0,242.0,0.8159844,0,chair
chair/girl1_chair114.jpg,168.0,102.0,0.6673888,173.0,97.0,0.88907135,164.0,97.0,0.6926534,182.0,97.0,0.7170817,162.0,97.0,0.7678913,189.0,114.0,0.8790601,156.0,113.0,0.9328613,202.0,88.0,0.74563843,136.0,87.0,0.7955556,200.0,66.0,0.7215817,132.0,65.0,0.6723863,192.0,170.0,0.69590044,165.0,171.0,0.67119205,177.0,202.0,0.8948976,159.0,203.0,0.85010415,178.0,243.0,0.5303272,167.0,241.0,0.8080734,0,chair
chair/girl1_chair114_flipped.jpg,132.0,102.0,0.71974397,135.0,96.0,0.61272967,126.0,96.0,0.65044665,139.0,97.0,0.71859765,118.0,97.0,0.5933806,143.0,114.0,0.9014169,110.0,116.0,0.91491497,164.0,88.0,0.8610096,99.0,86.0,0.8013817,167.0,67.0,0.61997557,102.0,68.0,0.19493821,135.0,171.0,0.8221339,109.0,171.0,0.88766956,141.0,201.0,0.8390897,124.0,203.0,0.86466753,134.0,241.0,0.6748402,123.0,244.0,0.83234596,0,chair
chair/girl1_chair115.jpg,168.0,103.0,0.78251135,174.0,98.0,0.8035879,165.0,97.0,0.8053785,183.0,97.0,0.6309451,163.0,97.0,0.54657227,190.0,114.0,0.8684558,157.0,114.0,0.9308932,202.0,89.0,0.87347233,137.0,89.0,0.92604953,200.0,65.0,0.69607157,131.0,64.0,0.62558734,194.0,171.0,0.69423205,167.0,172.0,0.63610923,177.0,203.0,0.77928317,158.0,203.0,0.8405378,178.0,245.0,0.76277333,167.0,242.0,0.76814145,0,chair
chair/girl1_chair115_flipped.jpg,132.0,102.0,0.83067834,136.0,96.0,0.76094735,126.0,96.0,0.45685402,138.0,97.0,0.7922862,117.0,97.0,0.74181664,143.0,114.0,0.88497627,109.0,116.0,0.9096958,164.0,89.0,0.8484618,98.0,87.0,0.8407897,168.0,67.0,0.6515039,102.0,68.0,0.23540856,134.0,171.0,0.66728103,108.0,172.0,0.76070786,142.0,201.0,0.88581026,123.0,203.0,0.94582653,132.0,243.0,0.59740955,123.0,244.0,0.7935356,0,chair
chair/girl1_chair118.jpg,167.0,104.0,0.7865831,172.0,99.0,0.85461044,163.0,99.0,0.75562537,183.0,100.0,0.8744428,163.0,99.0,0.6537852,190.0,118.0,0.7728129,159.0,116.0,0.8722937,200.0,89.0,0.7774565,136.0,92.0,0.82208675,196.0,69.0,0.35671645,130.0,68.0,0.16754863,198.0,175.0,0.76470625,170.0,175.0,0.65657294,176.0,207.0,0.7362729,157.0,206.0,0.68419075,179.0,250.0,0.7716193,168.0,247.0,0.87349904,0,chair
chair/girl1_chair118_flipped.jpg,133.0,105.0,0.53306955,136.0,100.0,0.78745544,128.0,100.0,0.8966572,137.0,101.0,0.5249162,117.0,101.0,0.73506165,140.0,117.0,0.86658645,108.0,122.0,0.79373115,165.0,92.0,0.8398618,101.0,91.0,0.86457795,172.0,67.0,0.61647356,106.0,67.0,0.63879216,129.0,175.0,0.8102299,102.0,177.0,0.89463127,142.0,206.0,0.83991545,125.0,208.0,0.83127314,130.0,248.0,0.8182807,121.0,249.0,0.78479534,0,chair
chair/girl1_chair119.jpg,165.0,106.0,0.7462629,171.0,101.0,0.7384641,162.0,100.0,0.7473495,182.0,101.0,0.75214624,163.0,100.0,0.6747823,190.0,119.0,0.66567266,158.0,118.0,0.8474492,198.0,91.0,0.8463287,135.0,93.0,0.8634808,193.0,71.0,0.41438478,127.0,69.0,0.13023019,199.0,177.0,0.7631618,171.0,177.0,0.6509351,175.0,208.0,0.8666958,156.0,207.0,0.7810285,179.0,251.0,0.6729879,167.0,245.0,0.76625884,0,chair
chair/girl1_chair119_flipped.jpg,136.0,106.0,0.6802784,138.0,100.0,0.8921385,129.0,100.0,0.80932814,137.0,101.0,0.7248512,118.0,101.0,0.62747633,142.0,117.0,0.8999076,108.0,122.0,0.72658265,167.0,92.0,0.8934165,102.0,89.0,0.73687994,174.0,67.0,0.5321138,107.0,67.0,0.4660089,128.0,176.0,0.66277206,101.0,178.0,0.8995707,144.0,207.0,0.85055685,125.0,209.0,0.93523455,130.0,248.0,0.6803664,120.0,252.0,0.7417973,0,chair
chair/girl1_chair121.jpg,162.0,108.0,0.46474302,167.0,103.0,0.90023154,159.0,102.0,0.85579145,180.0,105.0,0.7438191,163.0,102.0,0.7040664,189.0,124.0,0.73587126,157.0,121.0,0.7651772,194.0,94.0,0.6997644,131.0,93.0,0.852234,188.0,71.0,0.28764418,124.0,69.0,0.125331,201.0,180.0,0.90231526,174.0,180.0,0.7890634,173.0,213.0,0.6343579,153.0,211.0,0.81770957,179.0,256.0,0.80632085,169.0,252.0,0.79821324,0,chair
chair/girl1_chair121_flipped.jpg,137.0,108.0,0.55376166,140.0,102.0,0.8748653,131.0,103.0,0.8828349,138.0,103.0,0.6953019,120.0,104.0,0.7580345,142.0,120.0,0.65057933,109.0,125.0,0.74764603,168.0,94.0,0.72580016,105.0,94.0,0.72668254,177.0,69.0,0.63217556,113.0,70.0,0.3955766,126.0,179.0,0.82295567,99.0,181.0,0.91259176,146.0,210.0,0.9192914,127.0,213.0,0.93431497,130.0,252.0,0.7897058,120.0,257.0,0.73372686,0,chair
chair/girl1_chair124.jpg,154.0,112.0,0.71536136,160.0,106.0,0.7182549,152.0,105.0,0.816942,175.0,107.0,0.8033054,156.0,105.0,0.73170483,185.0,127.0,0.7387846,154.0,122.0,0.8085156,185.0,94.0,0.8504158,126.0,97.0,0.91757256,175.0,74.0,0.5367241,116.0,71.0,0.3750987,201.0,184.0,0.8834796,174.0,183.0,0.8962001,166.0,217.0,0.80869174,148.0,214.0,0.79806983,174.0,262.0,0.73551977,166.0,256.0,0.77377707,0,chair
chair/girl1_chair124_flipped.jpg,145.0,111.0,0.7945788,147.0,106.0,0.7860329,139.0,106.0,0.77501595,142.0,106.0,0.71833634,126.0,107.0,0.8047858,144.0,123.0,0.8190502,114.0,127.0,0.6925776,174.0,96.0,0.7684618,115.0,98.0,0.6596993,182.0,74.0,0.5710839,124.0,75.0,0.44718146,125.0,184.0,0.6827201,98.0,186.0,0.75751317,150.0,214.0,0.86551076,133.0,217.0,0.923796,134.0,257.0,0.75620294,124.0,262.0,0.7297509,0,chair
chair/girl1_chair129.jpg,139.0,120.0,0.63141894,145.0,113.0,0.61472,137.0,113.0,0.8190301,159.0,113.0,0.7238911,144.0,112.0,0.67537606,171.0,131.0,0.659299,144.0,130.0,0.8314686,163.0,99.0,0.6276297,114.0,103.0,0.6628864,149.0,79.0,0.33909744,103.0,77.0,0.67149264,194.0,194.0,0.8838421,171.0,192.0,0.8416492,151.0,223.0,0.69657123,136.0,219.0,0.84212005,166.0,268.0,0.73991895,158.0,265.0,0.90520084,0,chair
chair/girl1_chair129_flipped.jpg,160.0,119.0,0.78870934,161.0,113.0,0.8217506,154.0,113.0,0.7652592,153.0,113.0,0.6978041,140.0,113.0,0.7519208,153.0,130.0,0.8371637,126.0,133.0,0.7181994,184.0,104.0,0.88288486,139.0,99.0,0.523558,198.0,77.0,0.6897863,151.0,79.0,0.61443603,128.0,192.0,0.78254145,106.0,195.0,0.66967046,163.0,221.0,0.8894788,149.0,223.0,0.88038576,141.0,266.0,0.73280287,134.0,269.0,0.6745889,0,chair
chair/girl1_chair131.jpg,133.0,122.0,0.7363617,138.0,116.0,0.8808028,132.0,115.0,0.8492504,152.0,115.0,0.80872744,140.0,112.0,0.72658324,165.0,134.0,0.7616476,143.0,132.0,0.7978377,156.0,105.0,0.776476,110.0,107.0,0.8037818,137.0,81.0,0.7384727,97.0,80.0,0.6347664,191.0,197.0,0.9167211,170.0,196.0,0.8823948,142.0,226.0,0.8634854,130.0,223.0,0.731372,161.0,270.0,0.7931984,154.0,267.0,0.84518874,0,chair
chair/girl1_chair131_flipped.jpg,166.0,122.0,0.76262814,166.0,117.0,0.85354495,162.0,117.0,0.86661875,156.0,115.0,0.642123,148.0,115.0,0.6041235,155.0,133.0,0.79915476,133.0,133.0,0.8157234,189.0,106.0,0.8884385,146.0,104.0,0.7273481,204.0,75.0,0.67411685,162.0,76.0,0.5959217,131.0,193.0,0.61714774,110.0,197.0,0.7336747,168.0,222.0,0.80265504,155.0,226.0,0.77846825,146.0,265.0,0.6705437,139.0,270.0,0.7007321,0,chair
chair/girl1_chair133.jpg,128.0,125.0,0.76187736,133.0,118.0,0.81287485,128.0,118.0,0.64244217,146.0,118.0,0.7243923,137.0,115.0,0.7317632,160.0,136.0,0.66681594,142.0,136.0,0.76298285,146.0,104.0,0.45127875,107.0,108.0,0.72405636,127.0,83.0,0.6192685,93.0,83.0,0.61879957,188.0,200.0,0.8909765,169.0,197.0,0.8911021,138.0,227.0,0.8888942,126.0,223.0,0.7936616,156.0,269.0,0.6569364,152.0,268.0,0.85411805,0,chair
chair/girl1_chair133_flipped.jpg,171.0,125.0,0.6267623,171.0,120.0,0.5369504,167.0,120.0,0.74789727,161.0,119.0,0.69275945,154.0,119.0,0.6698688,160.0,136.0,0.81500256,138.0,137.0,0.8433229,193.0,110.0,0.89358217,151.0,111.0,0.5788878,206.0,83.0,0.7741573,169.0,85.0,0.8101287,134.0,195.0,0.7566637,112.0,199.0,0.88398606,174.0,223.0,0.9194157,164.0,228.0,0.9147943,149.0,268.0,0.71033615,144.0,273.0,0.841562,0,chair
chair/girl1_chair134.jpg,126.0,125.0,0.7259282,131.0,119.0,0.7902962,126.0,118.0,0.56705266,145.0,118.0,0.78061247,136.0,118.0,0.61050606,158.0,137.0,0.75202596,137.0,136.0,0.67632985,146.0,109.0,0.42683542,106.0,109.0,0.69962776,123.0,83.0,0.48031855,92.0,82.0,0.3497633,187.0,201.0,0.9060972,166.0,197.0,0.7819544,136.0,228.0,0.73933554,124.0,223.0,0.7896217,155.0,272.0,0.6764783,150.0,268.0,0.79957145,0,chair
chair/girl1_chair134_flipped.jpg,174.0,127.0,0.62329835,174.0,121.0,0.8582916,170.0,121.0,0.8150893,163.0,119.0,0.6129694,157.0,119.0,0.79495496,162.0,135.0,0.5657524,142.0,135.0,0.8916532,195.0,109.0,0.78746843,161.0,107.0,0.4176232,209.0,82.0,0.8714824,176.0,82.0,0.37064797,133.0,195.0,0.69627106,114.0,200.0,0.7342137,176.0,223.0,0.9287044,166.0,228.0,0.85435593,150.0,269.0,0.6768271,145.0,273.0,0.76254106,0,chair
chair/girl1_chair135.jpg,124.0,126.0,0.75680786,128.0,120.0,0.64316714,125.0,119.0,0.6494091,142.0,120.0,0.8261092,135.0,118.0,0.78733456,155.0,138.0,0.8091765,138.0,137.0,0.67702734,139.0,108.0,0.31481546,105.0,110.0,0.8582821,116.0,82.0,0.57092524,88.0,82.0,0.7503051,185.0,203.0,0.9419172,167.0,199.0,0.87370324,133.0,229.0,0.8543604,124.0,223.0,0.7498607,152.0,271.0,0.65668535,149.0,268.0,0.8505439,0,chair
chair/girl1_chair135_flipped.jpg,175.0,126.0,0.7131252,175.0,120.0,0.76538914,172.0,120.0,0.8152124,163.0,120.0,0.61135626,160.0,120.0,0.76278937,162.0,135.0,0.80337507,144.0,136.0,0.8920348,196.0,110.0,0.7630583,167.0,105.0,0.5882214,209.0,82.0,0.7871409,179.0,83.0,0.49055386,134.0,194.0,0.70576215,116.0,199.0,0.7666988,177.0,221.0,0.90238684,168.0,227.0,0.8823495,150.0,267.0,0.63952357,147.0,272.0,0.83040136,0,chair
chair/girl1_chair138.jpg,120.0,125.0,0.65758556,124.0,119.0,0.75829375,122.0,119.0,0.6532706,137.0,118.0,0.67244196,134.0,118.0,0.7358171,149.0,134.0,0.86302406,134.0,135.0,0.69637454,124.0,105.0,0.5922122,105.0,112.0,0.8871395,105.0,82.0,0.5258707,87.0,83.0,0.78062457,181.0,202.0,0.84253085,165.0,198.0,0.87149817,128.0,227.0,0.88455284,121.0,222.0,0.7831242,148.0,270.0,0.57652915,147.0,268.0,0.8261589,0,chair
chair/girl1_chair138_flipped.jpg,179.0,123.0,0.72423255,177.0,118.0,0.6512517,175.0,118.0,0.74719596,166.0,118.0,0.70867586,162.0,119.0,0.7140236,167.0,135.0,0.7453752,150.0,134.0,0.93878853,199.0,108.0,0.8372885,177.0,103.0,0.8060967,212.0,84.0,0.7257973,193.0,82.0,0.44370696,136.0,193.0,0.8153467,120.0,198.0,0.8003841,181.0,222.0,0.7084327,173.0,227.0,0.8071697,153.0,268.0,0.6469521,150.0,272.0,0.77716345,0,chair
chair/girl1_chair139.jpg,120.0,122.0,0.56515527,124.0,115.0,0.5389778,122.0,115.0,0.6614243,135.0,116.0,0.7508172,134.0,116.0,0.77686083,148.0,132.0,0.8832651,133.0,134.0,0.6567426,125.0,105.0,0.44342607,106.0,112.0,0.7950377,101.0,80.0,0.57299674,87.0,82.0,0.7868026,179.0,201.0,0.8275349,164.0,198.0,0.8450823,126.0,226.0,0.86337537,120.0,222.0,0.8710871,146.0,268.0,0.502823,146.0,267.0,0.78483206,0,chair
chair/girl1_chair139_flipped.jpg,179.0,122.0,0.7256479,178.0,117.0,0.695982,176.0,117.0,0.8107174,166.0,117.0,0.77476794,162.0,118.0,0.66881704,167.0,133.0,0.6603811,150.0,132.0,0.9441271,196.0,109.0,0.6807058,179.0,101.0,0.81375545,211.0,83.0,0.80961883,197.0,81.0,0.42305395,138.0,192.0,0.8313433,120.0,197.0,0.8153884,182.0,221.0,0.9041287,174.0,227.0,0.8452966,153.0,268.0,0.7120664,150.0,272.0,0.71809596,0,chair
chair/girl1_chair141.jpg,119.0,117.0,0.568519,123.0,110.0,0.5296334,122.0,110.0,0.6569703,134.0,111.0,0.64452076,134.0,111.0,0.7878664,147.0,129.0,0.83835655,135.0,129.0,0.73879856,116.0,101.0,0.25056437,105.0,105.0,0.8063389,98.0,75.0,0.47628054,95.0,82.0,0.2770168,177.0,198.0,0.83654964,163.0,194.0,0.8773149,123.0,226.0,0.8560637,118.0,222.0,0.8241787,146.0,266.0,0.73026204,146.0,266.0,0.689883,0,chair
chair/girl1_chair141_flipped.jpg,177.0,115.0,0.5852331,176.0,110.0,0.4723869,174.0,110.0,0.64072794,166.0,111.0,0.6472979,165.0,112.0,0.72860086,165.0,129.0,0.6709736,152.0,127.0,0.88773024,192.0,108.0,0.632312,178.0,105.0,0.38288713,205.0,85.0,0.573693,197.0,80.0,0.6498193,140.0,192.0,0.713523,126.0,195.0,0.86577445,183.0,221.0,0.75788796,177.0,226.0,0.84912,155.0,266.0,0.75688607,153.0,270.0,0.7091561,0,chair
chair/girl1_chair146.jpg,129.0,101.0,0.5749564,132.0,96.0,0.65854174,130.0,97.0,0.51421785,144.0,99.0,0.71758515,142.0,99.0,0.5681783,152.0,115.0,0.7738308,141.0,116.0,0.7225193,120.0,92.0,0.24562973,117.0,95.0,0.6488513,104.0,66.0,0.7073143,102.0,69.0,0.48283395,168.0,186.0,0.93626547,155.0,185.0,0.87131655,123.0,222.0,0.719517,117.0,219.0,0.8065299,148.0,264.0,0.7587821,147.0,262.0,0.5876354,0,chair
chair/girl1_chair146_flipped.jpg,168.0,99.0,0.43177643,165.0,95.0,0.44022623,165.0,95.0,0.6243776,158.0,98.0,0.38782516,155.0,99.0,0.5591308,158.0,116.0,0.75201285,149.0,116.0,0.8967122,183.0,93.0,0.6952041,175.0,93.0,0.29924637,197.0,69.0,0.61544037,197.0,67.0,0.5139941,144.0,184.0,0.8472359,133.0,186.0,0.7797258,182.0,221.0,0.79245526,178.0,223.0,0.6781938,153.0,264.0,0.7515928,152.0,265.0,0.5488491,0,chair
chair/girl1_chair149.jpg,133.0,96.0,0.6029707,135.0,92.0,0.6417881,136.0,92.0,0.65495646,147.0,94.0,0.5782213,148.0,94.0,0.7237982,154.0,112.0,0.89725703,149.0,113.0,0.7246063,125.0,86.0,0.39180323,124.0,89.0,0.57561636,110.0,54.0,0.62470186,110.0,54.0,0.60148215,165.0,182.0,0.9039616,156.0,182.0,0.88613033,125.0,222.0,0.7699045,120.0,220.0,0.9073036,149.0,262.0,0.62897754,148.0,262.0,0.66989064,0,chair
chair/girl1_chair149_flipped.jpg,166.0,96.0,0.58505666,164.0,91.0,0.47472882,163.0,90.0,0.6809403,155.0,93.0,0.47629812,152.0,95.0,0.5099889,153.0,111.0,0.43609905,146.0,112.0,0.8827164,176.0,88.0,0.79232424,173.0,86.0,0.37140924,188.0,58.0,0.3546545,188.0,57.0,0.7381944,146.0,179.0,0.82940453,137.0,180.0,0.87689555,180.0,219.0,0.8023989,178.0,220.0,0.84141517,152.0,261.0,0.71728325,151.0,263.0,0.7304553,0,chair
chair/girl1_chair151.jpg,134.0,94.0,0.53946865,137.0,89.0,0.73052263,137.0,90.0,0.76910937,149.0,90.0,0.75818837,148.0,93.0,0.60311544,156.0,109.0,0.8333494,149.0,111.0,0.8164561,130.0,80.0,0.4272468,128.0,84.0,0.6509692,118.0,52.0,0.70202243,118.0,51.0,0.43923253,163.0,178.0,0.89513505,156.0,178.0,0.87422407,126.0,220.0,0.7491648,122.0,217.0,0.8241867,149.0,260.0,0.7886713,149.0,260.0,0.66584074,0,chair
chair/girl1_chair151_flipped.jpg,166.0,92.0,0.6195046,162.0,88.0,0.61193335,162.0,87.0,0.66222084,152.0,90.0,0.597293,151.0,91.0,0.5606625,153.0,107.0,0.77357507,145.0,107.0,0.9272908,172.0,80.0,0.70461416,168.0,78.0,0.5339006,181.0,54.0,0.595079,179.0,53.0,0.61184824,147.0,175.0,0.8218714,139.0,175.0,0.88589,179.0,217.0,0.6547135,177.0,219.0,0.7181679,152.0,260.0,0.7566882,151.0,261.0,0.6621471,0,chair
chair/girl1_chair153.jpg,136.0,91.0,0.6437292,139.0,87.0,0.78468937,139.0,88.0,0.6484506,152.0,87.0,0.67129636,150.0,90.0,0.699494,156.0,106.0,0.8658655,149.0,108.0,0.83619404,137.0,77.0,0.36466613,133.0,80.0,0.5657556,128.0,48.0,0.5793812,126.0,48.0,0.4328289,162.0,174.0,0.87850004,155.0,174.0,0.86126614,128.0,220.0,0.6556567,124.0,217.0,0.89951354,152.0,258.0,0.71488905,150.0,260.0,0.6093317,0,chair
chair/girl1_chair153_flipped.jpg,163.0,90.0,0.4839488,160.0,85.0,0.67384696,158.0,85.0,0.504065,150.0,88.0,0.37903658,149.0,88.0,0.61016107,152.0,105.0,0.7484189,143.0,105.0,0.9265484,168.0,78.0,0.6453545,161.0,76.0,0.6639785,173.0,52.0,0.8371949,169.0,50.0,0.6365303,146.0,171.0,0.86453915,140.0,171.0,0.8947787,176.0,216.0,0.74267733,174.0,218.0,0.7878376,150.0,260.0,0.8259279,150.0,261.0,0.80835676,0,chair
chair/girl2_chair070.jpg,144.0,75.0,0.4312487,149.0,72.0,0.55199826,143.0,72.0,0.44696918,156.0,76.0,0.55078965,144.0,74.0,0.51099145,156.0,95.0,0.5869528,150.0,94.0,0.46296057,170.0,64.0,0.8190497,121.0,63.0,0.60188043,167.0,37.0,0.77107024,119.0,37.0,0.74220765,141.0,161.0,0.61934435,161.0,163.0,0.6053524,136.0,216.0,0.54869807,149.0,214.0,0.6640318,147.0,268.0,0.7207659,153.0,264.0,0.5752665,0,chair
chair/girl2_chair070_flipped.jpg,152.0,72.0,0.38405478,155.0,68.0,0.60643685,148.0,68.0,0.46938062,158.0,74.0,0.48721972,144.0,74.0,0.6075274,145.0,94.0,0.36900896,157.0,93.0,0.23694208,179.0,65.0,0.5129338,129.0,64.0,0.5188769,180.0,35.0,0.8178401,134.0,35.0,0.7438071,139.0,163.0,0.6677582,159.0,164.0,0.72197545,149.0,215.0,0.8867258,163.0,217.0,0.7823646,146.0,265.0,0.80816627,153.0,265.0,0.82827353,0,chair
chair/girl2_chair073.jpg,145.0,79.0,0.4128507,151.0,75.0,0.5601656,142.0,75.0,0.5379627,157.0,78.0,0.53708875,141.0,77.0,0.33087608,162.0,97.0,0.4969698,137.0,98.0,0.6270697,170.0,65.0,0.6382821,121.0,66.0,0.5142092,167.0,38.0,0.7456317,119.0,38.0,0.5780189,147.0,164.0,0.4972795,159.0,165.0,0.51924753,137.0,214.0,0.45331058,149.0,216.0,0.5878688,148.0,263.0,0.7044407,153.0,264.0,0.74210227,0,chair
chair/girl2_chair073_flipped.jpg,149.0,75.0,0.5904808,154.0,72.0,0.5172056,146.0,72.0,0.4994668,157.0,77.0,0.5035833,142.0,76.0,0.46153578,146.0,96.0,0.44691724,144.0,96.0,0.550236,177.0,66.0,0.43037796,129.0,66.0,0.5490233,178.0,35.0,0.8567759,132.0,36.0,0.6916774,138.0,166.0,0.70751584,156.0,167.0,0.6676301,149.0,215.0,0.88923144,162.0,216.0,0.7790307,145.0,264.0,0.74873424,151.0,263.0,0.7424947,0,chair
chair/girl2_chair074.jpg,147.0,77.0,0.49035898,153.0,74.0,0.49903065,145.0,74.0,0.49098536,159.0,78.0,0.5338516,142.0,78.0,0.50167954,164.0,96.0,0.74839306,137.0,97.0,0.60870767,171.0,66.0,0.657968,123.0,66.0,0.5818875,167.0,38.0,0.7810782,120.0,39.0,0.51052284,153.0,166.0,0.42454344,155.0,166.0,0.5638242,138.0,215.0,0.559842,148.0,217.0,0.82984936,149.0,263.0,0.56401384,153.0,263.0,0.73929965,0,chair
chair/girl2_chair074_flipped.jpg,151.0,74.0,0.57002515,153.0,71.0,0.68126994,147.0,71.0,0.5075227,156.0,77.0,0.53544843,144.0,77.0,0.58847034,140.0,97.0,0.45826602,160.0,96.0,0.3300545,129.0,66.0,0.31907076,176.0,68.0,0.25782982,178.0,37.0,0.8193878,178.0,38.0,0.2575201,138.0,167.0,0.65938467,158.0,169.0,0.69569826,148.0,216.0,0.89203936,161.0,217.0,0.5170876,146.0,264.0,0.6923617,152.0,263.0,0.63895917,0,chair
chair/girl2_chair077.jpg,148.0,82.0,0.52501285,152.0,77.0,0.5178953,146.0,77.0,0.50251305,156.0,81.0,0.49682313,147.0,81.0,0.54275954,153.0,100.0,0.53161323,164.0,99.0,0.463398,127.0,72.0,0.39122778,172.0,72.0,0.2232045,167.0,40.0,0.7437643,123.0,41.0,0.57772106,145.0,170.0,0.6484591,165.0,172.0,0.7209979,139.0,214.0,0.6676869,154.0,214.0,0.6875669,151.0,262.0,0.7013086,154.0,258.0,0.7240744,0,chair
chair/girl2_chair077_flipped.jpg,149.0,78.0,0.54970694,153.0,75.0,0.6154256,145.0,74.0,0.547372,158.0,80.0,0.593858,140.0,80.0,0.47215843,160.0,99.0,0.5731709,137.0,99.0,0.5319903,174.0,71.0,0.46005455,127.0,69.0,0.6274085,176.0,41.0,0.81285775,131.0,42.0,0.67437243,139.0,170.0,0.568185,154.0,171.0,0.650858,146.0,214.0,0.81484026,158.0,214.0,0.63472676,144.0,260.0,0.53744817,150.0,259.0,0.6814703,0,chair
chair/girl2_chair078.jpg,146.0,81.0,0.48193434,151.0,78.0,0.60910404,144.0,78.0,0.6995905,160.0,83.0,0.6856509,142.0,81.0,0.549827,166.0,99.0,0.6640202,136.0,100.0,0.5875761,173.0,73.0,0.8596056,126.0,75.0,0.63664275,168.0,43.0,0.7086791,123.0,43.0,0.7446407,155.0,171.0,0.5562011,154.0,172.0,0.6888808,142.0,212.0,0.46868992,150.0,216.0,0.53821343,151.0,261.0,0.47987866,155.0,259.0,0.55555797,0,chair
chair/girl2_chair078_flipped.jpg,150.0,77.0,0.54447323,154.0,75.0,0.51417565,147.0,74.0,0.517467,158.0,81.0,0.6582364,140.0,81.0,0.6163409,163.0,100.0,0.66544443,134.0,100.0,0.6239256,175.0,71.0,0.71406317,126.0,71.0,0.5412222,176.0,44.0,0.59050065,129.0,42.0,0.6563533,154.0,171.0,0.574682,142.0,172.0,0.64343315,149.0,214.0,0.5368535,151.0,213.0,0.41481102,145.0,261.0,0.69013625,149.0,259.0,0.56858546,0,chair
chair/girl2_chair080.jpg,149.0,83.0,0.4628656,154.0,80.0,0.56837845,147.0,80.0,0.53111064,160.0,84.0,0.6006067,144.0,84.0,0.5092657,167.0,101.0,0.7480688,137.0,103.0,0.6662482,176.0,75.0,0.8287921,125.0,76.0,0.54260784,169.0,43.0,0.76298654,125.0,47.0,0.6229155,158.0,172.0,0.48960206,153.0,173.0,0.47962236,144.0,209.0,0.46713,152.0,214.0,0.54409766,151.0,260.0,0.6138133,157.0,257.0,0.5578306,0,chair
chair/girl2_chair080_flipped.jpg,149.0,81.0,0.3813442,152.0,77.0,0.5078022,146.0,77.0,0.5153754,154.0,84.0,0.45382813,141.0,84.0,0.5329554,144.0,103.0,0.37823263,149.0,102.0,0.2665538,174.0,77.0,0.49538046,125.0,74.0,0.5256735,174.0,45.0,0.73171425,129.0,45.0,0.6579881,134.0,174.0,0.5771392,154.0,175.0,0.628636,142.0,210.0,0.72964346,156.0,213.0,0.73552346,142.0,258.0,0.6464206,148.0,257.0,0.7207788,0,chair
chair/girl2_chair081.jpg,150.0,83.0,0.48780653,155.0,80.0,0.5676873,148.0,80.0,0.5052072,161.0,86.0,0.6704,146.0,85.0,0.45066816,168.0,101.0,0.6405283,140.0,102.0,0.68321586,177.0,76.0,0.70225096,126.0,77.0,0.7038164,171.0,47.0,0.8057298,125.0,49.0,0.4994628,151.0,173.0,0.6534629,160.0,174.0,0.63368475,144.0,210.0,0.68805134,158.0,211.0,0.62010384,151.0,258.0,0.57239264,159.0,256.0,0.7923304,0,chair
chair/girl2_chair081_flipped.jpg,146.0,81.0,0.5992404,150.0,79.0,0.6902814,143.0,79.0,0.5347303,153.0,86.0,0.5260451,141.0,85.0,0.34296718,143.0,103.0,0.28570172,147.0,102.0,0.2753728,173.0,75.0,0.47705656,123.0,75.0,0.5033494,174.0,46.0,0.76397467,130.0,44.0,0.6140388,133.0,175.0,0.59496367,153.0,176.0,0.6185974,141.0,207.0,0.69551265,155.0,211.0,0.7479124,141.0,257.0,0.53485906,147.0,256.0,0.7043122,0,chair
chair/girl2_chair084.jpg,153.0,89.0,0.458897,157.0,85.0,0.55993354,150.0,85.0,0.4227691,163.0,90.0,0.6085954,148.0,90.0,0.46561107,167.0,107.0,0.4971403,143.0,108.0,0.46616146,181.0,82.0,0.79036915,127.0,81.0,0.578922,173.0,52.0,0.68181086,129.0,53.0,0.5062394,151.0,175.0,0.59805036,166.0,176.0,0.5834967,148.0,209.0,0.59799385,162.0,210.0,0.52427185,154.0,256.0,0.52554846,162.0,254.0,0.6163829,0,chair
chair/girl2_chair084_flipped.jpg,142.0,87.0,0.51913947,147.0,84.0,0.55719244,140.0,84.0,0.5199683,152.0,89.0,0.5140941,136.0,89.0,0.4367438,157.0,106.0,0.5155739,131.0,107.0,0.61558425,172.0,83.0,0.6561265,120.0,81.0,0.5841168,170.0,57.0,0.6008333,125.0,52.0,0.48557732,133.0,175.0,0.64566725,150.0,176.0,0.5953911,137.0,209.0,0.4462197,151.0,212.0,0.6835667,138.0,255.0,0.4041871,145.0,255.0,0.73493075,0,chair
chair/girl2_chair085.jpg,155.0,91.0,0.52712286,159.0,87.0,0.6724579,152.0,87.0,0.507831,165.0,91.0,0.6460422,149.0,91.0,0.5561905,172.0,107.0,0.75094783,142.0,108.0,0.52637756,181.0,82.0,0.7468753,129.0,82.0,0.70219225,176.0,54.0,0.7820346,130.0,55.0,0.5920414,160.0,176.0,0.47047803,158.0,178.0,0.39458,149.0,208.0,0.49740714,162.0,210.0,0.67844033,156.0,258.0,0.61473596,162.0,254.0,0.6309553,0,chair
chair/girl2_chair085_flipped.jpg,145.0,90.0,0.34208435,143.0,86.0,0.41216725,148.0,87.0,0.35877985,139.0,91.0,0.49117053,150.0,91.0,0.46567547,127.0,111.0,0.6574546,158.0,108.0,0.65655607,118.0,82.0,0.7859876,172.0,85.0,0.64720565,124.0,50.0,0.398087,169.0,55.0,0.7442857,127.0,177.0,0.7354915,152.0,179.0,0.62026334,136.0,205.0,0.5761603,152.0,209.0,0.5773222,136.0,253.0,0.565717,146.0,252.0,0.64794385,0,chair
chair/girl2_chair087.jpg,157.0,92.0,0.4649454,161.0,89.0,0.35782933,153.0,89.0,0.41895136,167.0,93.0,0.5946437,150.0,93.0,0.5016819,173.0,110.0,0.6615669,144.0,111.0,0.7122513,185.0,85.0,0.82942027,131.0,85.0,0.6812414,178.0,54.0,0.7192847,134.0,57.0,0.49171385,172.0,176.0,0.5365999,152.0,177.0,0.51225626,163.0,207.0,0.37892947,156.0,210.0,0.575153,159.0,253.0,0.3642228,163.0,252.0,0.4196149,0,chair
chair/girl2_chair087_flipped.jpg,140.0,92.0,0.47912058,142.0,89.0,0.5271747,139.0,89.0,0.5052152,143.0,94.0,0.3968235,140.0,93.0,0.38976285,129.0,111.0,0.39032695,154.0,110.0,0.53926706,115.0,85.0,0.43635413,168.0,86.0,0.2894398,166.0,57.0,0.53460354,166.0,56.0,0.24321744,127.0,177.0,0.62955695,150.0,179.0,0.7433462,133.0,206.0,0.53780353,149.0,207.0,0.7214689,134.0,251.0,0.30284777,143.0,251.0,0.7160524,0,chair
chair/girl2_chair090.jpg,163.0,95.0,0.52883244,166.0,92.0,0.4606597,162.0,92.0,0.510465,169.0,96.0,0.3093719,163.0,95.0,0.37991238,158.0,113.0,0.44084948,173.0,112.0,0.3288222,137.0,89.0,0.32663143,190.0,87.0,0.27147758,184.0,57.0,0.63595116,140.0,60.0,0.3887961,154.0,180.0,0.6079978,172.0,181.0,0.6853682,156.0,206.0,0.53344893,174.0,209.0,0.7525373,161.0,254.0,0.45884198,170.0,255.0,0.75900686,0,chair
chair/girl2_chair090_flipped.jpg,135.0,96.0,0.4090888,136.0,93.0,0.5108743,135.0,93.0,0.48814625,136.0,97.0,0.47926724,137.0,97.0,0.5519627,121.0,115.0,0.71092963,152.0,114.0,0.5728712,109.0,89.0,0.68963087,162.0,90.0,0.5882126,115.0,60.0,0.41091412,158.0,61.0,0.3963411,124.0,180.0,0.6951555,148.0,182.0,0.75544524,126.0,205.0,0.6333008,144.0,209.0,0.7081936,128.0,252.0,0.4721267,139.0,251.0,0.7912743,0,chair
chair/girl2_chair092.jpg,166.0,98.0,0.42861584,169.0,95.0,0.38915846,165.0,96.0,0.48280743,171.0,99.0,0.34228253,165.0,98.0,0.23696099,169.0,116.0,0.35842985,172.0,115.0,0.27259618,194.0,91.0,0.59810364,141.0,92.0,0.35435408,190.0,63.0,0.41277248,144.0,63.0,0.3447985,156.0,182.0,0.60028696,174.0,182.0,0.4857624,161.0,208.0,0.32384273,179.0,210.0,0.5416049,164.0,256.0,0.5191213,173.0,256.0,0.63217163,0,chair
chair/girl2_chair092_flipped.jpg,133.0,97.0,0.43969667,134.0,94.0,0.549065,133.0,94.0,0.50465286,134.0,99.0,0.41958144,134.0,98.0,0.5532161,120.0,116.0,0.5929774,148.0,115.0,0.6711044,106.0,89.0,0.5473627,159.0,92.0,0.40259665,110.0,60.0,0.36045521,155.0,62.0,0.45981672,123.0,181.0,0.7661216,144.0,185.0,0.68032336,122.0,205.0,0.59639895,140.0,209.0,0.70705414,126.0,254.0,0.56265783,137.0,254.0,0.7335462,0,chair
chair/girl2_chair093.jpg,169.0,99.0,0.30914402,173.0,96.0,0.37312177,166.0,96.0,0.44916612,177.0,99.0,0.5580086,161.0,99.0,0.4955846,184.0,116.0,0.70571387,153.0,116.0,0.65834576,196.0,92.0,0.7961587,141.0,92.0,0.52322507,193.0,64.0,0.61209726,146.0,64.0,0.7030421,179.0,180.0,0.5840478,159.0,181.0,0.5579074,176.0,209.0,0.45088068,166.0,212.0,0.42376122,168.0,256.0,0.50131154,173.0,256.0,0.5995927,0,chair
chair/girl2_chair093_flipped.jpg,130.0,99.0,0.51218545,127.0,94.0,0.5988412,134.0,94.0,0.6351659,122.0,99.0,0.41376188,140.0,99.0,0.59963477,116.0,117.0,0.79324293,148.0,117.0,0.63180256,103.0,91.0,0.71181005,158.0,92.0,0.83221304,107.0,60.0,0.630175,153.0,62.0,0.8087269,121.0,183.0,0.6894343,145.0,186.0,0.6499797,120.0,205.0,0.7931565,138.0,209.0,0.7277756,125.0,254.0,0.6469405,135.0,253.0,0.8240586,0,chair
chair/girl2_chair095.jpg,170.0,100.0,0.56384754,174.0,97.0,0.65737045,167.0,96.0,0.68704355,180.0,100.0,0.67535627,162.0,100.0,0.6110705,187.0,116.0,0.48328114,154.0,116.0,0.6789311,201.0,93.0,0.67533123,144.0,95.0,0.69359267,197.0,64.0,0.7117002,149.0,70.0,0.62010944,183.0,179.0,0.6960603,160.0,181.0,0.6818669,183.0,212.0,0.7287326,166.0,216.0,0.8838105,177.0,256.0,0.70172334,170.0,255.0,0.51750326,0,chair
chair/girl2_chair095_flipped.jpg,123.0,99.0,0.4043212,123.0,96.0,0.42276558,125.0,96.0,0.49085602,123.0,99.0,0.50739765,131.0,98.0,0.47449175,115.0,118.0,0.5380343,145.0,116.0,0.66838783,98.0,92.0,0.5372513,154.0,95.0,0.76751614,103.0,66.0,0.2789923,150.0,70.0,0.5459886,118.0,184.0,0.65407956,142.0,187.0,0.7230908,116.0,209.0,0.66879845,134.0,212.0,0.7894796,120.0,260.0,0.75937986,131.0,258.0,0.79230964,0,chair
chair/girl2_chair100.jpg,177.0,100.0,0.4231515,181.0,97.0,0.5668205,174.0,97.0,0.64831245,184.0,100.0,0.49454513,169.0,99.0,0.4671269,191.0,116.0,0.63602936,159.0,117.0,0.7870312,211.0,95.0,0.7532437,150.0,96.0,0.767203,209.0,67.0,0.46259156,156.0,74.0,0.51627624,186.0,182.0,0.6830295,164.0,183.0,0.7532889,190.0,214.0,0.73087645,173.0,216.0,0.7394879,183.0,260.0,0.62454695,174.0,263.0,0.70138174,0,chair
chair/girl2_chair100_flipped.jpg,118.0,101.0,0.3680428,116.0,97.0,0.5045049,121.0,96.0,0.50704014,115.0,100.0,0.5251827,128.0,98.0,0.4272845,107.0,119.0,0.6959626,141.0,117.0,0.67938614,89.0,96.0,0.8312382,148.0,97.0,0.8056047,90.0,69.0,0.40600097,141.0,77.0,0.56204927,114.0,188.0,0.66884494,141.0,191.0,0.6936285,108.0,213.0,0.64288455,126.0,212.0,0.6996074,116.0,262.0,0.60988724,123.0,264.0,0.75932103,0,chair
chair/girl2_chair102.jpg,179.0,100.0,0.3811947,183.0,97.0,0.55450284,175.0,96.0,0.5546409,187.0,100.0,0.51674217,170.0,99.0,0.44176266,192.0,116.0,0.7173971,161.0,116.0,0.776674,213.0,93.0,0.6517746,152.0,96.0,0.759811,212.0,67.0,0.66028136,160.0,74.0,0.54484516,183.0,184.0,0.6641002,169.0,185.0,0.663346,187.0,219.0,0.36574697,186.0,216.0,0.32174233,176.0,265.0,0.7645676,183.0,262.0,0.66417605,0,chair
chair/girl2_chair102_flipped.jpg,118.0,100.0,0.37202182,114.0,95.0,0.32663372,122.0,94.0,0.6002863,110.0,99.0,0.47603637,129.0,97.0,0.67484105,107.0,119.0,0.6151153,141.0,117.0,0.669743,85.0,92.0,0.80105615,146.0,95.0,0.7453266,87.0,65.0,0.5476479,138.0,70.0,0.64894164,114.0,188.0,0.6486486,142.0,191.0,0.6319094,106.0,211.0,0.7227064,124.0,212.0,0.6398673,115.0,263.0,0.59042585,123.0,263.0,0.78486884,0,chair
chair/girl2_chair105.jpg,186.0,96.0,0.42195547,188.0,93.0,0.5952063,183.0,92.0,0.6103558,188.0,97.0,0.4933884,176.0,96.0,0.49452797,193.0,115.0,0.5697554,164.0,114.0,0.48907873,214.0,94.0,0.7732489,157.0,93.0,0.5952815,216.0,63.0,0.66276175,165.0,69.0,0.51364076,176.0,186.0,0.49523586,170.0,186.0,0.51326406,181.0,218.0,0.44290876,192.0,213.0,0.4757647,176.0,268.0,0.3902629,183.0,267.0,0.53119105,0,chair
chair/girl2_chair105_flipped.jpg,116.0,98.0,0.4665621,112.0,95.0,0.5621948,120.0,93.0,0.46523905,109.0,99.0,0.6162882,129.0,97.0,0.63806605,106.0,118.0,0.80170614,141.0,115.0,0.8004929,83.0,93.0,0.74529135,143.0,93.0,0.73871833,82.0,63.0,0.6521361,135.0,67.0,0.55950785,115.0,190.0,0.5508341,144.0,193.0,0.7595529,102.0,211.0,0.74220777,121.0,213.0,0.6235424,116.0,267.0,0.68139523,121.0,269.0,0.6941333,0,chair
chair/girl2_chair109.jpg,183.0,100.0,0.3916937,179.0,94.0,0.5521918,185.0,95.0,0.6065901,172.0,96.0,0.46223852,184.0,97.0,0.5464922,158.0,116.0,0.74045235,188.0,117.0,0.62926906,155.0,92.0,0.53287655,216.0,91.0,0.6001079,166.0,70.0,0.45870328,219.0,61.0,0.72882956,153.0,193.0,0.59684217,175.0,192.0,0.6317253,177.0,220.0,0.53579634,197.0,209.0,0.76553947,174.0,277.0,0.7646054,183.0,270.0,0.7397102,0,chair
chair/girl2_chair109_flipped.jpg,117.0,100.0,0.5351752,113.0,95.0,0.66133684,121.0,93.0,0.5152432,110.0,99.0,0.6557007,128.0,95.0,0.61876583,108.0,118.0,0.6979798,141.0,116.0,0.776134,82.0,92.0,0.83789515,142.0,88.0,0.8146755,79.0,59.0,0.7967237,132.0,63.0,0.46829513,124.0,192.0,0.73267555,152.0,194.0,0.73559105,102.0,210.0,0.7808683,121.0,212.0,0.7986309,118.0,273.0,0.6867522,125.0,274.0,0.6369952,0,chair
chair/girl2_chair110.jpg,187.0,96.0,0.39138484,186.0,92.0,0.3619182,185.0,93.0,0.4864141,178.0,95.0,0.32907826,176.0,96.0,0.5223103,176.0,116.0,0.3775169,173.0,116.0,0.29933172,215.0,92.0,0.4454354,215.0,90.0,0.28072494,219.0,61.0,0.4941939,219.0,60.0,0.3511049,151.0,193.0,0.4904665,168.0,188.0,0.45479655,176.0,223.0,0.3450633,194.0,211.0,0.462764,171.0,276.0,0.49152133,180.0,274.0,0.57636535,0,chair
chair/girl2_chair110_flipped.jpg,113.0,100.0,0.4628984,111.0,97.0,0.53639734,116.0,94.0,0.46972468,111.0,99.0,0.6325854,126.0,95.0,0.5125283,110.0,118.0,0.7437624,144.0,115.0,0.8487563,83.0,92.0,0.91887075,140.0,88.0,0.6934515,80.0,61.0,0.85358405,132.0,66.0,0.4793977,127.0,191.0,0.71496207,154.0,194.0,0.7252514,103.0,210.0,0.72920763,122.0,213.0,0.84348506,119.0,274.0,0.73334026,126.0,274.0,0.5890616,0,chair
chair/girl2_chair111.jpg,187.0,99.0,0.48518452,184.0,93.0,0.67792237,187.0,94.0,0.5838935,174.0,95.0,0.42688,182.0,97.0,0.5545425,160.0,116.0,0.4558257,181.0,117.0,0.5404788,156.0,92.0,0.38203764,214.0,91.0,0.6169807,167.0,76.0,0.14202863,220.0,61.0,0.6649518,151.0,194.0,0.66932034,168.0,193.0,0.49452573,178.0,221.0,0.35303232,195.0,211.0,0.68455184,173.0,278.0,0.6438272,179.0,275.0,0.7607155,0,chair
chair/girl2_chair111_flipped.jpg,111.0,102.0,0.5974583,109.0,98.0,0.5656435,114.0,97.0,0.51744103,112.0,100.0,0.45236155,126.0,96.0,0.5480808,112.0,120.0,0.5939053,144.0,118.0,0.80401695,84.0,91.0,0.9287154,140.0,91.0,0.5066652,79.0,60.0,0.67061806,132.0,70.0,0.40233815,128.0,192.0,0.7837583,155.0,195.0,0.8210199,103.0,211.0,0.7805238,123.0,212.0,0.4922928,120.0,276.0,0.7181202,126.0,274.0,0.5205356,0,chair
chair/girl2_chair113.jpg,186.0,98.0,0.35796902,183.0,92.0,0.33815283,187.0,93.0,0.55726725,170.0,95.0,0.5165286,185.0,97.0,0.4795822,156.0,115.0,0.7192333,184.0,118.0,0.58719957,155.0,94.0,0.36581144,215.0,91.0,0.59406036,163.0,78.0,0.23344512,219.0,62.0,0.75492454,144.0,194.0,0.6278265,163.0,192.0,0.5230999,177.0,216.0,0.7100323,193.0,211.0,0.7044415,169.0,278.0,0.8210342,178.0,277.0,0.70724297,0,chair
chair/girl2_chair113_flipped.jpg,111.0,100.0,0.31412193,111.0,96.0,0.45372835,117.0,95.0,0.23335388,115.0,99.0,0.5393455,134.0,98.0,0.55272377,117.0,119.0,0.43449143,148.0,116.0,0.5000763,87.0,91.0,0.72981143,140.0,89.0,0.33977214,80.0,59.0,0.7262825,131.0,61.0,0.34963655,134.0,196.0,0.46901453,161.0,197.0,0.6778164,108.0,214.0,0.56702733,123.0,219.0,0.4195316,125.0,278.0,0.713042,128.0,275.0,0.32780638,0,chair
chair/girl2_chair114.jpg,186.0,99.0,0.48215747,183.0,94.0,0.5830586,186.0,95.0,0.6238096,170.0,95.0,0.478209,182.0,97.0,0.5665996,155.0,115.0,0.6257507,178.0,117.0,0.6140467,154.0,93.0,0.2579874,212.0,92.0,0.62444305,163.0,74.0,0.23912677,219.0,63.0,0.74883604,143.0,194.0,0.5744039,159.0,192.0,0.6051737,176.0,218.0,0.54681754,194.0,212.0,0.7093148,168.0,280.0,0.75845456,176.0,277.0,0.5575239,0,chair
chair/girl2_chair114_flipped.jpg,115.0,102.0,0.41660005,113.0,97.0,0.48675355,118.0,96.0,0.46857163,116.0,99.0,0.6381141,131.0,95.0,0.6019621,119.0,119.0,0.7040143,149.0,115.0,0.46355948,86.0,91.0,0.65270954,141.0,86.0,0.6183647,80.0,58.0,0.8572818,132.0,61.0,0.48141137,136.0,195.0,0.60399747,162.0,196.0,0.6025319,108.0,212.0,0.73269904,127.0,218.0,0.3376138,127.0,280.0,0.6230016,131.0,278.0,0.35595235,0,chair
chair/girl2_chair116.jpg,185.0,95.0,0.38263237,179.0,91.0,0.243978,184.0,92.0,0.3514773,159.0,94.0,0.33169082,177.0,97.0,0.53061306,147.0,117.0,0.5614655,176.0,119.0,0.57865405,150.0,102.0,0.2667999,209.0,93.0,0.50071526,165.0,76.0,0.10892584,218.0,60.0,0.7001031,127.0,200.0,0.6317322,152.0,200.0,0.33495,172.0,217.0,0.38323537,188.0,212.0,0.6015887,165.0,281.0,0.5586383,169.0,283.0,0.6628934,0,chair
chair/girl2_chair116_flipped.jpg,117.0,103.0,0.43510604,115.0,99.0,0.4615574,119.0,97.0,0.52001405,120.0,101.0,0.6523372,133.0,98.0,0.6225649,123.0,121.0,0.66968095,152.0,115.0,0.67966855,89.0,92.0,0.82237285,142.0,88.0,0.64327455,82.0,60.0,0.8820509,133.0,65.0,0.43727118,146.0,199.0,0.65264475,171.0,201.0,0.73934364,111.0,213.0,0.74619883,132.0,221.0,0.5012996,129.0,283.0,0.78410196,136.0,280.0,0.52716076,0,chair
chair/girl2_chair117.jpg,183.0,96.0,0.44986054,179.0,92.0,0.28449056,182.0,92.0,0.51361346,158.0,95.0,0.33808312,171.0,97.0,0.5246483,144.0,118.0,0.48679465,174.0,120.0,0.4956783,149.0,103.0,0.2468702,206.0,92.0,0.64848423,161.0,80.0,0.14492042,216.0,59.0,0.7143403,125.0,201.0,0.5315678,149.0,201.0,0.42742467,170.0,220.0,0.4518816,185.0,214.0,0.47564194,164.0,281.0,0.59682035,167.0,283.0,0.6301656,0,chair
chair/girl2_chair117_flipped.jpg,116.0,101.0,0.36629224,116.0,97.0,0.48432562,118.0,96.0,0.37943384,121.0,98.0,0.49310246,135.0,97.0,0.4734809,124.0,118.0,0.4368615,153.0,115.0,0.5357574,91.0,92.0,0.641485,143.0,87.0,0.4506638,84.0,60.0,0.6631478,134.0,65.0,0.3971975,147.0,198.0,0.6779847,167.0,199.0,0.65814906,113.0,216.0,0.67239624,133.0,226.0,0.5370462,132.0,283.0,0.5775986,138.0,282.0,0.6375712,0,chair
chair/girl2_chair118.jpg,181.0,97.0,0.2993393,177.0,92.0,0.3713716,181.0,92.0,0.4541394,156.0,95.0,0.27346483,170.0,98.0,0.48754564,144.0,116.0,0.36481902,169.0,118.0,0.44055435,150.0,97.0,0.16035105,204.0,92.0,0.61878145,214.0,59.0,0.19213639,215.0,59.0,0.740673,125.0,201.0,0.42508385,144.0,198.0,0.41583624,169.0,219.0,0.4597022,183.0,214.0,0.4968826,161.0,286.0,0.5218736,164.0,287.0,0.46616146,0,chair
chair/girl2_chair118_flipped.jpg,117.0,99.0,0.40339375,117.0,96.0,0.43997934,121.0,95.0,0.23236826,125.0,99.0,0.5032182,140.0,98.0,0.39536023,126.0,119.0,0.57528293,156.0,117.0,0.6637103,94.0,91.0,0.5566543,148.0,90.0,0.4347782,86.0,61.0,0.64934045,137.0,67.0,0.298609,151.0,199.0,0.65296626,172.0,201.0,0.58852655,115.0,217.0,0.6737373,136.0,229.0,0.5157187,134.0,286.0,0.6965264,140.0,285.0,0.48748866,0,chair
chair/girl2_chair119.jpg,179.0,97.0,0.31207263,174.0,92.0,0.19148771,177.0,94.0,0.38802952,152.0,97.0,0.33042303,168.0,99.0,0.484857,140.0,115.0,0.3471463,169.0,118.0,0.4323654,148.0,91.0,0.3270561,203.0,92.0,0.6535214,159.0,74.0,0.31292236,214.0,59.0,0.6664783,120.0,200.0,0.4963634,141.0,199.0,0.493525,166.0,220.0,0.459164,180.0,216.0,0.5814662,159.0,287.0,0.60997176,162.0,288.0,0.6490849,0,chair
chair/girl2_chair119_flipped.jpg,119.0,100.0,0.4043129,119.0,97.0,0.51670027,121.0,96.0,0.2600633,125.0,99.0,0.4600819,140.0,98.0,0.32270765,131.0,119.0,0.5883643,158.0,117.0,0.52333474,96.0,93.0,0.607896,151.0,94.0,0.37579924,86.0,59.0,0.714705,137.0,68.0,0.22037263,157.0,202.0,0.44017467,178.0,203.0,0.63441944,117.0,218.0,0.69388586,136.0,227.0,0.36729246,137.0,287.0,0.7510486,142.0,285.0,0.5679385,0,chair
chair/girl2_chair120.jpg,177.0,99.0,0.40040535,174.0,94.0,0.209732,177.0,95.0,0.36319524,151.0,98.0,0.32150292,167.0,100.0,0.5131697,137.0,118.0,0.48433664,167.0,118.0,0.5322514,146.0,98.0,0.36467186,201.0,93.0,0.49477547,158.0,78.0,0.18763095,212.0,60.0,0.6133175,121.0,200.0,0.4732986,139.0,201.0,0.3561915,166.0,219.0,0.48733816,179.0,215.0,0.5211153,155.0,288.0,0.61597204,160.0,290.0,0.58893836,0,chair
chair/girl2_chair120_flipped.jpg,120.0,104.0,0.41902077,121.0,100.0,0.45225978,123.0,99.0,0.30155557,129.0,101.0,0.5698674,142.0,102.0,0.34850767,134.0,121.0,0.5075769,160.0,119.0,0.5993667,99.0,92.0,0.6747671,153.0,96.0,0.39868313,89.0,59.0,0.6219622,137.0,68.0,0.22799537,158.0,205.0,0.4821949,180.0,204.0,0.67631626,119.0,218.0,0.5605632,135.0,224.0,0.24503279,138.0,288.0,0.7069004,144.0,286.0,0.53993964,0,chair
chair/girl2_chair126.jpg,164.0,105.0,0.4431453,162.0,101.0,0.38421294,163.0,102.0,0.43740287,139.0,105.0,0.31859073,152.0,104.0,0.43187818,122.0,124.0,0.5441183,149.0,123.0,0.48442513,134.0,100.0,0.36599523,184.0,97.0,0.54868734,150.0,82.0,0.41968068,199.0,64.0,0.6201451,94.0,209.0,0.5987539,114.0,211.0,0.57143235,153.0,222.0,0.29034716,162.0,222.0,0.65515006,138.0,291.0,0.60550284,142.0,295.0,0.6164413,0,chair
chair/girl2_chair126_flipped.jpg,136.0,107.0,0.46267864,138.0,103.0,0.5232991,138.0,104.0,0.36546558,149.0,102.0,0.37788102,156.0,104.0,0.3034814,152.0,120.0,0.5164737,175.0,120.0,0.6008818,114.0,97.0,0.6240281,160.0,96.0,0.23738296,101.0,64.0,0.7946617,144.0,76.0,0.18163042,183.0,211.0,0.63985085,203.0,210.0,0.6153945,133.0,222.0,0.7846564,145.0,224.0,0.4255576,156.0,294.0,0.63041997,160.0,290.0,0.54314035,0,chair
chair/girl2_chair129.jpg,159.0,105.0,0.44058758,156.0,101.0,0.43241233,157.0,102.0,0.5504109,131.0,105.0,0.24543385,145.0,104.0,0.46076435,116.0,128.0,0.67299676,139.0,126.0,0.444597,126.0,105.0,0.25055915,177.0,99.0,0.42098543,146.0,83.0,0.44722825,192.0,66.0,0.6515546,93.0,211.0,0.5097917,105.0,212.0,0.58284414,150.0,221.0,0.48340905,155.0,223.0,0.5799365,130.0,293.0,0.3952049,132.0,297.0,0.47916472,0,chair
chair/girl2_chair129_flipped.jpg,143.0,103.0,0.35204408,145.0,100.0,0.46202695,147.0,101.0,0.3373145,155.0,104.0,0.5108961,167.0,106.0,0.43894964,158.0,124.0,0.48598847,184.0,124.0,0.46620086,123.0,98.0,0.6556839,171.0,101.0,0.26869646,107.0,66.0,0.73351276,151.0,80.0,0.24026603,193.0,211.0,0.6071837,209.0,211.0,0.5168369,142.0,226.0,0.55112886,148.0,224.0,0.4842657,166.0,294.0,0.5404584,169.0,293.0,0.43929008,0,chair
chair/girl2_chair130.jpg,157.0,108.0,0.3897114,154.0,104.0,0.30134666,155.0,106.0,0.47664687,130.0,108.0,0.23550084,143.0,108.0,0.4266245,113.0,130.0,0.4910981,136.0,129.0,0.4093934,127.0,106.0,0.14679864,174.0,100.0,0.4702611,145.0,84.0,0.40867975,190.0,65.0,0.58333015,91.0,212.0,0.42976266,100.0,213.0,0.62995553,148.0,224.0,0.5608807,153.0,225.0,0.6134936,127.0,294.0,0.4435373,130.0,297.0,0.4813994,0,chair
chair/girl2_chair130_flipped.jpg,147.0,106.0,0.44961405,148.0,104.0,0.3661669,150.0,103.0,0.28155568,158.0,106.0,0.532358,170.0,107.0,0.3436737,162.0,127.0,0.5231445,187.0,127.0,0.60054076,127.0,102.0,0.53327537,164.0,101.0,0.22626576,110.0,67.0,0.7641215,150.0,81.0,0.22084206,199.0,214.0,0.6508895,217.0,213.0,0.48475787,145.0,227.0,0.55475163,152.0,227.0,0.49436104,169.0,294.0,0.4515147,172.0,293.0,0.5390887,0,chair
chair/girl2_chair134.jpg,144.0,113.0,0.35852918,141.0,109.0,0.33232677,142.0,109.0,0.508578,121.0,109.0,0.23340343,133.0,109.0,0.5046677,106.0,131.0,0.44884002,127.0,131.0,0.44060296,131.0,101.0,0.19963974,163.0,104.0,0.36945173,143.0,86.0,0.46311978,181.0,71.0,0.47430375,78.0,215.0,0.49708322,86.0,216.0,0.61948967,140.0,225.0,0.4166682,143.0,228.0,0.64328873,119.0,296.0,0.39854112,119.0,296.0,0.5591525,0,chair
chair/girl2_chair134_flipped.jpg,154.0,112.0,0.4466531,156.0,108.0,0.51395285,158.0,109.0,0.27153215,166.0,110.0,0.5739096,176.0,111.0,0.41160962,174.0,131.0,0.71397066,196.0,129.0,0.5170094,137.0,105.0,0.7045656,166.0,104.0,0.18417783,118.0,69.0,0.6494014,155.0,81.0,0.24059175,209.0,216.0,0.5516115,225.0,215.0,0.47585258,154.0,229.0,0.47427163,161.0,228.0,0.47525117,179.0,294.0,0.59402317,182.0,294.0,0.67556316,0,chair
chair/girl2_chair135.jpg,141.0,116.0,0.48290175,139.0,111.0,0.32087308,140.0,111.0,0.6204393,121.0,111.0,0.2550257,132.0,110.0,0.43662676,102.0,131.0,0.4015781,124.0,131.0,0.52365696,133.0,102.0,0.22090131,158.0,106.0,0.36712483,142.0,90.0,0.33122954,177.0,72.0,0.5941347,77.0,216.0,0.43334976,83.0,216.0,0.54354376,139.0,224.0,0.47128883,141.0,228.0,0.6140222,117.0,296.0,0.3962686,116.0,296.0,0.5498916,0,chair
chair/girl2_chair135_flipped.jpg,156.0,113.0,0.5301956,158.0,109.0,0.57627016,159.0,109.0,0.37412634,168.0,109.0,0.6792873,171.0,110.0,0.52369463,176.0,131.0,0.77929467,196.0,128.0,0.51971775,138.0,106.0,0.6825392,162.0,101.0,0.255275,120.0,72.0,0.7234385,155.0,80.0,0.33777428,214.0,219.0,0.67921853,225.0,217.0,0.7369242,155.0,228.0,0.7367841,163.0,227.0,0.5531004,182.0,295.0,0.60364795,183.0,294.0,0.63445306,0,chair
chair/girl2_chair136.jpg,138.0,119.0,0.44898808,136.0,114.0,0.39060727,139.0,114.0,0.42948195,120.0,113.0,0.5414835,132.0,111.0,0.356672,103.0,133.0,0.58345914,122.0,131.0,0.56288385,137.0,98.0,0.41292486,157.0,106.0,0.5482167,142.0,90.0,0.29159978,176.0,70.0,0.5399444,74.0,214.0,0.6330762,82.0,214.0,0.54635155,135.0,226.0,0.5750683,141.0,229.0,0.79551065,111.0,295.0,0.53392196,114.0,298.0,0.57102764,0,chair
chair/girl2_chair136_flipped.jpg,158.0,113.0,0.43613106,159.0,109.0,0.5208328,161.0,110.0,0.49313906,168.0,110.0,0.634406,174.0,111.0,0.6247951,177.0,130.0,0.6595112,198.0,126.0,0.65558654,140.0,105.0,0.8220667,173.0,102.0,0.23873316,123.0,72.0,0.7759757,155.0,82.0,0.25720146,219.0,216.0,0.7509886,228.0,216.0,0.62431246,157.0,229.0,0.76469266,164.0,228.0,0.6015719,185.0,295.0,0.66961473,184.0,294.0,0.5199872,0,chair
chair/girl2_chair141.jpg,131.0,107.0,0.4188354,128.0,100.0,0.6801864,127.0,101.0,0.6878751,116.0,102.0,0.5290762,115.0,102.0,0.729198,100.0,123.0,0.80207527,106.0,125.0,0.8023273,141.0,96.0,0.5354576,146.0,98.0,0.4484971,155.0,65.0,0.48081625,162.0,66.0,0.6979355,71.0,207.0,0.74399257,75.0,208.0,0.74126893,130.0,230.0,0.6743617,135.0,232.0,0.8086307,104.0,295.0,0.63458776,105.0,297.0,0.57471526,0,chair
chair/girl2_chair141_flipped.jpg,168.0,105.0,0.54252934,170.0,99.0,0.6965009,170.0,99.0,0.7015132,184.0,101.0,0.6859094,182.0,102.0,0.6139462,193.0,122.0,0.73894,197.0,121.0,0.7164736,156.0,97.0,0.7560084,157.0,98.0,0.4924491,138.0,68.0,0.80406123,144.0,64.0,0.45856318,227.0,206.0,0.8244275,230.0,206.0,0.788733,164.0,232.0,0.85721326,169.0,230.0,0.8516507,193.0,295.0,0.56670094,194.0,294.0,0.6243148,0,chair
chair/girl2_chair142.jpg,128.0,104.0,0.37422618,126.0,98.0,0.4605409,125.0,98.0,0.49341023,114.0,100.0,0.46693215,112.0,100.0,0.59348583,96.0,119.0,0.6338259,105.0,122.0,0.6828793,134.0,89.0,0.5869781,143.0,95.0,0.5969527,152.0,61.0,0.34491205,158.0,62.0,0.5502653,70.0,206.0,0.66779566,75.0,206.0,0.68565226,129.0,232.0,0.4683132,135.0,233.0,0.75345606,103.0,294.0,0.62196726,104.0,297.0,0.5051478,0,chair
chair/girl2_chair142_flipped.jpg,171.0,107.0,0.59828043,172.0,102.0,0.6176121,173.0,101.0,0.659116,184.0,101.0,0.7828964,186.0,101.0,0.74360394,193.0,120.0,0.69573015,205.0,119.0,0.61152244,157.0,93.0,0.8814791,173.0,94.0,0.36896515,142.0,62.0,0.6721586,152.0,62.0,0.5039412,226.0,205.0,0.65168387,233.0,204.0,0.71978664,164.0,232.0,0.8442564,171.0,231.0,0.8162734,194.0,295.0,0.7746609,194.0,294.0,0.6162593,0,chair
chair/girl2_chair143.jpg,125.0,101.0,0.5553882,122.0,95.0,0.5838933,121.0,95.0,0.5689753,110.0,100.0,0.38888115,109.0,99.0,0.57825816,97.0,120.0,0.7577748,104.0,118.0,0.65640783,133.0,87.0,0.620075,139.0,91.0,0.3222721,148.0,61.0,0.51894,156.0,62.0,0.6366011,70.0,205.0,0.7348341,76.0,205.0,0.7712972,128.0,233.0,0.7719823,135.0,235.0,0.67730904,101.0,293.0,0.70232594,104.0,296.0,0.6733727,0,chair
chair/girl2_chair143_flipped.jpg,173.0,103.0,0.49854532,175.0,97.0,0.6383165,175.0,98.0,0.64583063,187.0,99.0,0.7028941,185.0,100.0,0.51511157,194.0,118.0,0.639609,204.0,116.0,0.6034813,161.0,92.0,0.74667144,171.0,92.0,0.2602059,144.0,63.0,0.63473475,152.0,63.0,0.58423734,224.0,205.0,0.7454881,232.0,203.0,0.6554941,165.0,233.0,0.80340457,173.0,232.0,0.7695057,196.0,295.0,0.6743547,196.0,295.0,0.51684076,0,chair
chair/girl2_chair146.jpg,115.0,89.0,0.37366158,112.0,85.0,0.34362784,111.0,84.0,0.3481245,100.0,91.0,0.1878304,100.0,90.0,0.40102357,90.0,115.0,0.47105473,97.0,113.0,0.4199683,131.0,83.0,0.34327936,130.0,83.0,0.36011937,146.0,52.0,0.41169518,147.0,53.0,0.51267993,77.0,196.0,0.47816747,79.0,195.0,0.58426964,129.0,234.0,0.41348833,132.0,235.0,0.37669685,99.0,293.0,0.54577804,101.0,295.0,0.6009706,0,chair
chair/girl2_chair146_flipped.jpg,181.0,92.0,0.52297634,183.0,86.0,0.6885304,184.0,86.0,0.71512187,195.0,89.0,0.5359287,196.0,89.0,0.6377512,202.0,109.0,0.5940528,203.0,107.0,0.83302736,168.0,83.0,0.61690867,168.0,82.0,0.6229344,151.0,54.0,0.523089,157.0,54.0,0.45595357,221.0,196.0,0.8446408,222.0,196.0,0.83900297,165.0,234.0,0.8588197,173.0,232.0,0.7794412,198.0,294.0,0.52172244,199.0,293.0,0.7240672,0,chair
chair/girl2_chair148.jpg,111.0,85.0,0.4008212,108.0,79.0,0.4240401,107.0,79.0,0.38205963,99.0,86.0,0.2845709,97.0,87.0,0.5059397,93.0,110.0,0.44204396,94.0,110.0,0.54873013,123.0,79.0,0.5237806,123.0,79.0,0.4033518,141.0,47.0,0.45625812,143.0,46.0,0.43831694,83.0,192.0,0.54495835,82.0,192.0,0.45815507,130.0,234.0,0.42540425,131.0,235.0,0.47693264,100.0,293.0,0.62859535,99.0,295.0,0.6063708,0,chair
chair/girl2_chair148_flipped.jpg,185.0,84.0,0.50089645,189.0,79.0,0.6159417,188.0,79.0,0.5793606,198.0,85.0,0.515267,199.0,85.0,0.6858994,205.0,107.0,0.7666203,206.0,107.0,0.7382853,175.0,81.0,0.59206605,177.0,80.0,0.7249297,155.0,46.0,0.5940058,159.0,47.0,0.6718577,217.0,193.0,0.78312445,218.0,192.0,0.8698818,166.0,234.0,0.7968581,173.0,232.0,0.75624406,199.0,294.0,0.61603105,199.0,291.0,0.7816652,0,chair
chair/girl2_chair149.jpg,110.0,82.0,0.5233583,107.0,78.0,0.49991298,107.0,78.0,0.5672449,98.0,84.0,0.20342667,98.0,84.0,0.37286237,91.0,109.0,0.5765061,93.0,108.0,0.5845922,122.0,76.0,0.42689088,123.0,75.0,0.4251694,136.0,44.0,0.28185353,137.0,44.0,0.4495627,86.0,190.0,0.4371061,84.0,189.0,0.59378016,130.0,234.0,0.33969858,130.0,235.0,0.39428213,100.0,293.0,0.60128224,99.0,295.0,0.5509915,0,chair
chair/girl2_chair149_flipped.jpg,187.0,83.0,0.5025644,190.0,79.0,0.61827284,191.0,79.0,0.61488074,200.0,84.0,0.5741224,201.0,85.0,0.7073376,206.0,107.0,0.80974257,207.0,106.0,0.79037964,178.0,76.0,0.6244031,180.0,75.0,0.5582874,161.0,45.0,0.5019755,165.0,43.0,0.716632,216.0,191.0,0.83195466,217.0,190.0,0.82775843,166.0,235.0,0.7988091,173.0,232.0,0.7563338,199.0,293.0,0.74127436,200.0,291.0,0.82314813,0,chair
chair/girl2_chair152.jpg,110.0,82.0,0.3618584,106.0,76.0,0.58620536,106.0,76.0,0.56136084,96.0,82.0,0.5659932,97.0,81.0,0.6195859,92.0,105.0,0.54070985,93.0,105.0,0.5762809,115.0,70.0,0.5011045,116.0,71.0,0.46081954,126.0,36.0,0.37441888,127.0,38.0,0.5973174,90.0,186.0,0.6621398,87.0,186.0,0.596033,130.0,233.0,0.56731486,129.0,234.0,0.60517174,102.0,290.0,0.57316315,99.0,293.0,0.60141975,0,chair
chair/girl2_chair152_flipped.jpg,187.0,81.0,0.50395,190.0,75.0,0.6454047,190.0,76.0,0.5782,200.0,80.0,0.6229,199.0,80.0,0.54804367,206.0,103.0,0.7571761,206.0,103.0,0.6782536,183.0,68.0,0.5266429,184.0,65.0,0.41057912,170.0,34.0,0.53097594,174.0,34.0,0.6884764,212.0,185.0,0.7219746,213.0,185.0,0.806659,169.0,233.0,0.69015646,172.0,231.0,0.62761784,200.0,293.0,0.6818239,199.0,290.0,0.7716386,0,chair
chair/girl2_chair153.jpg,108.0,79.0,0.4444544,104.0,74.0,0.6707513,104.0,74.0,0.6460036,95.0,80.0,0.557236,95.0,79.0,0.5595788,92.0,103.0,0.5964384,93.0,104.0,0.61007404,112.0,69.0,0.5693326,115.0,68.0,0.35382116,123.0,37.0,0.42166874,125.0,37.0,0.7166096,92.0,185.0,0.7367408,89.0,184.0,0.72391534,130.0,232.0,0.66794807,128.0,234.0,0.5690342,102.0,290.0,0.57604086,99.0,293.0,0.59713507,0,chair
chair/girl2_chair153_flipped.jpg,188.0,79.0,0.4519814,191.0,74.0,0.39012092,191.0,75.0,0.5124519,201.0,78.0,0.53029823,202.0,79.0,0.6217376,205.0,101.0,0.66314626,205.0,101.0,0.67250323,185.0,67.0,0.51139224,185.0,65.0,0.44572133,173.0,35.0,0.6263622,176.0,35.0,0.65307236,212.0,183.0,0.7461197,213.0,184.0,0.88949925,169.0,233.0,0.72088885,172.0,232.0,0.7243243,200.0,294.0,0.62540627,199.0,290.0,0.806689,0,chair
chair/girl3_chair070.jpg,133.0,128.0,0.49063691,137.0,124.0,0.44223535,128.0,124.0,0.5656435,141.0,117.0,0.38274682,121.0,119.0,0.46590266,147.0,124.0,0.55116427,114.0,129.0,0.6088488,165.0,103.0,0.79082507,101.0,116.0,0.65044224,163.0,78.0,0.5427979,100.0,87.0,0.4863116,147.0,179.0,0.68745476,122.0,182.0,0.72334784,147.0,219.0,0.6441083,129.0,221.0,0.71897423,145.0,237.0,0.7481195,131.0,239.0,0.49236798,0,chair
chair/girl3_chair070_flipped.jpg,166.0,128.0,0.5700903,170.0,123.0,0.6192113,163.0,123.0,0.53886235,178.0,117.0,0.6216073,160.0,116.0,0.53563344,186.0,129.0,0.6052305,154.0,125.0,0.5103166,199.0,116.0,0.6409384,136.0,103.0,0.6710744,201.0,84.0,0.55906045,135.0,79.0,0.561332,178.0,180.0,0.71323633,152.0,179.0,0.78084165,168.0,228.0,0.6976522,153.0,225.0,0.65403837,170.0,244.0,0.26698506,156.0,236.0,0.4304908,0,chair
chair/girl3_chair071.jpg,133.0,131.0,0.5641588,137.0,125.0,0.45014137,128.0,126.0,0.51276094,143.0,119.0,0.43191576,121.0,120.0,0.4113725,148.0,125.0,0.6189909,114.0,130.0,0.52763057,165.0,104.0,0.7852907,101.0,118.0,0.66333103,164.0,81.0,0.5434878,101.0,88.0,0.49794906,146.0,179.0,0.59989834,122.0,181.0,0.7201634,148.0,221.0,0.70659846,129.0,220.0,0.6890813,145.0,236.0,0.72968364,131.0,239.0,0.55258083,0,chair
chair/girl3_chair071_flipped.jpg,166.0,130.0,0.5333705,171.0,125.0,0.5741468,163.0,125.0,0.47032437,179.0,118.0,0.5095447,160.0,117.0,0.37602937,187.0,129.0,0.38686502,153.0,125.0,0.550701,199.0,117.0,0.5963583,137.0,104.0,0.5789337,201.0,86.0,0.62959504,136.0,79.0,0.4701731,179.0,179.0,0.786752,153.0,179.0,0.6595133,170.0,228.0,0.7145947,153.0,225.0,0.61573434,170.0,253.0,0.15252383,156.0,249.0,0.2393883,0,chair
chair/girl3_chair072.jpg,133.0,132.0,0.43504184,137.0,127.0,0.5016278,128.0,128.0,0.6011194,142.0,119.0,0.5107298,121.0,120.0,0.4648173,148.0,126.0,0.6423768,113.0,130.0,0.58400583,164.0,106.0,0.7304638,102.0,119.0,0.49681807,163.0,82.0,0.77022153,101.0,89.0,0.44128647,146.0,179.0,0.60598654,121.0,181.0,0.7199621,147.0,221.0,0.7064905,129.0,222.0,0.6626487,144.0,236.0,0.6755415,130.0,241.0,0.3713377,0,chair
chair/girl3_chair072_flipped.jpg,166.0,131.0,0.48984063,171.0,127.0,0.606493,163.0,126.0,0.5227381,178.0,120.0,0.51716113,159.0,119.0,0.49414656,186.0,131.0,0.48922533,153.0,127.0,0.70397997,198.0,119.0,0.64104134,137.0,107.0,0.6699155,199.0,90.0,0.80687547,136.0,83.0,0.5396321,179.0,179.0,0.8114493,153.0,179.0,0.6754681,169.0,227.0,0.5829097,152.0,224.0,0.6544558,170.0,245.0,0.16980958,155.0,235.0,0.4320905,0,chair
chair/girl3_chair075.jpg,134.0,135.0,0.4412573,138.0,131.0,0.60730284,130.0,131.0,0.61120445,143.0,124.0,0.48035178,123.0,125.0,0.40939865,148.0,131.0,0.53751445,116.0,132.0,0.6825279,163.0,112.0,0.6936923,104.0,122.0,0.6247438,164.0,90.0,0.5521718,103.0,95.0,0.4767663,146.0,178.0,0.6784626,122.0,179.0,0.6570091,147.0,215.0,0.6658459,128.0,216.0,0.5882633,144.0,234.0,0.67223054,131.0,236.0,0.5972979,0,chair
chair/girl3_chair075_flipped.jpg,165.0,134.0,0.4348489,170.0,130.0,0.51776975,163.0,129.0,0.49402112,177.0,123.0,0.5050974,158.0,122.0,0.5279866,184.0,132.0,0.4631182,152.0,131.0,0.503868,196.0,122.0,0.43707398,138.0,113.0,0.51930064,197.0,93.0,0.5651008,136.0,90.0,0.34205824,179.0,178.0,0.79683787,153.0,178.0,0.7280244,172.0,217.0,0.64951247,152.0,215.0,0.5355574,169.0,236.0,0.49394822,156.0,233.0,0.53826666,0,chair
chair/girl3_chair076.jpg,134.0,136.0,0.4616601,138.0,132.0,0.6494986,130.0,132.0,0.63147163,144.0,124.0,0.5598526,122.0,125.0,0.40231484,149.0,131.0,0.5651602,116.0,133.0,0.64162666,163.0,113.0,0.769952,105.0,124.0,0.74158454,164.0,93.0,0.3778955,104.0,97.0,0.44579765,146.0,177.0,0.67710555,121.0,178.0,0.6945635,146.0,213.0,0.7275653,128.0,214.0,0.57074785,144.0,234.0,0.7091329,130.0,236.0,0.657782,0,chair
chair/girl3_chair076_flipped.jpg,165.0,137.0,0.4972701,170.0,133.0,0.63160527,161.0,133.0,0.4818014,176.0,124.0,0.5218841,156.0,124.0,0.58066076,185.0,132.0,0.662047,151.0,132.0,0.61448205,195.0,123.0,0.4150026,138.0,114.0,0.6262256,196.0,95.0,0.6180297,136.0,94.0,0.38371155,179.0,178.0,0.8397979,153.0,178.0,0.7367105,172.0,215.0,0.70628464,152.0,215.0,0.6205622,169.0,235.0,0.5252826,155.0,231.0,0.731001,0,chair
chair/girl3_chair081.jpg,135.0,144.0,0.52595156,140.0,141.0,0.45010486,131.0,140.0,0.62501276,147.0,132.0,0.44350865,124.0,133.0,0.6106201,153.0,135.0,0.50612605,120.0,137.0,0.6028405,166.0,124.0,0.6202233,106.0,132.0,0.7859277,166.0,104.0,0.682525,107.0,109.0,0.43111864,148.0,174.0,0.639274,123.0,175.0,0.72378826,148.0,208.0,0.68460894,128.0,210.0,0.5292996,145.0,229.0,0.656933,131.0,233.0,0.44141543,0,chair
chair/girl3_chair081_flipped.jpg,163.0,144.0,0.34507394,168.0,140.0,0.6129073,159.0,140.0,0.35413226,176.0,130.0,0.5563139,152.0,130.0,0.5053036,183.0,135.0,0.5363009,148.0,137.0,0.38899928,194.0,132.0,0.6445142,133.0,124.0,0.6486212,193.0,106.0,0.47415566,134.0,104.0,0.76991546,177.0,175.0,0.7479918,152.0,176.0,0.5411798,172.0,209.0,0.5544104,153.0,209.0,0.40444875,169.0,235.0,0.2705181,155.0,228.0,0.7212816,0,chair
chair/girl3_chair084.jpg,137.0,149.0,0.43771026,142.0,146.0,0.44306654,134.0,146.0,0.5252008,149.0,135.0,0.4476277,126.0,137.0,0.45498228,155.0,139.0,0.59054816,122.0,141.0,0.6003877,169.0,131.0,0.68063915,107.0,137.0,0.6519171,166.0,112.0,0.6336892,108.0,114.0,0.50932884,150.0,174.0,0.71724695,124.0,175.0,0.5160892,149.0,206.0,0.52670926,129.0,210.0,0.5678446,145.0,228.0,0.5182401,132.0,237.0,0.16529095,0,chair
chair/girl3_chair084_flipped.jpg,162.0,149.0,0.4294424,167.0,146.0,0.6586323,158.0,146.0,0.43068814,174.0,135.0,0.5521283,152.0,136.0,0.63879263,180.0,140.0,0.29766926,147.0,139.0,0.40808564,193.0,136.0,0.69453853,132.0,132.0,0.8033018,191.0,115.0,0.51195514,132.0,113.0,0.58323914,176.0,173.0,0.73050505,151.0,174.0,0.5133294,170.0,212.0,0.4528006,152.0,209.0,0.5079912,168.0,235.0,0.20528041,154.0,227.0,0.3924961,0,chair
chair/girl3_chair085.jpg,137.0,150.0,0.55145204,142.0,147.0,0.52750564,134.0,146.0,0.7074347,149.0,138.0,0.5239204,127.0,138.0,0.64385986,155.0,139.0,0.47320315,121.0,140.0,0.5963839,169.0,134.0,0.8226959,107.0,139.0,0.7284852,167.0,116.0,0.8097944,108.0,116.0,0.53002226,151.0,173.0,0.7700026,125.0,174.0,0.5357769,148.0,214.0,0.5381624,131.0,213.0,0.51274633,145.0,227.0,0.3569179,132.0,228.0,0.32027832,0,chair
chair/girl3_chair085_flipped.jpg,162.0,150.0,0.65779805,167.0,146.0,0.61449134,159.0,146.0,0.72945803,173.0,136.0,0.5781572,151.0,138.0,0.66021836,179.0,141.0,0.55937535,146.0,141.0,0.48195106,193.0,140.0,0.7013469,131.0,135.0,0.765242,192.0,118.0,0.48805624,132.0,116.0,0.74365216,176.0,173.0,0.7762194,150.0,174.0,0.7855915,169.0,218.0,0.5726199,153.0,214.0,0.5601764,168.0,232.0,0.14647129,154.0,232.0,0.24448167,0,chair
chair/girl3_chair087.jpg,138.0,154.0,0.40219247,143.0,150.0,0.54032373,135.0,150.0,0.5641375,150.0,140.0,0.4727495,128.0,141.0,0.6466563,155.0,142.0,0.4474372,122.0,142.0,0.58633757,170.0,138.0,0.55150557,108.0,142.0,0.78034323,168.0,120.0,0.57528245,109.0,121.0,0.50510144,151.0,172.0,0.7248424,126.0,173.0,0.6661091,147.0,220.0,0.5672549,131.0,212.0,0.38348356,147.0,227.0,0.24589749,133.0,228.0,0.1694127,0,chair
chair/girl3_chair088.jpg,138.0,154.0,0.48797983,143.0,150.0,0.67330134,134.0,150.0,0.69126153,149.0,140.0,0.48754025,127.0,141.0,0.6619216,156.0,142.0,0.5364784,121.0,142.0,0.5367515,170.0,140.0,0.83462363,108.0,143.0,0.86725974,168.0,124.0,0.68424106,109.0,122.0,0.6051345,151.0,170.0,0.64474255,127.0,171.0,0.6908981,147.0,220.0,0.39293852,130.0,210.0,0.23098677,147.0,224.0,0.18140414,133.0,224.0,0.122603156,0,chair
chair/girl3_chair089.jpg,139.0,155.0,0.3134296,144.0,151.0,0.423896,135.0,151.0,0.67100334,150.0,142.0,0.49188817,128.0,144.0,0.45355597,155.0,143.0,0.44855213,123.0,144.0,0.45258132,170.0,142.0,0.7477337,108.0,145.0,0.7059098,168.0,125.0,0.62300366,110.0,124.0,0.44525054,152.0,169.0,0.6646478,127.0,171.0,0.5941883,147.0,217.0,0.51985186,131.0,210.0,0.43916193,146.0,226.0,0.31467748,132.0,224.0,0.31074154,0,chair
chair/girl3_chair094_flipped.jpg,159.0,157.0,0.29800862,165.0,151.0,0.36024195,157.0,152.0,0.48152998,170.0,143.0,0.46458265,150.0,144.0,0.49626294,174.0,141.0,0.5236986,144.0,140.0,0.2902766,188.0,149.0,0.57456553,130.0,151.0,0.61306906,190.0,136.0,0.59708077,132.0,142.0,0.2658943,171.0,165.0,0.55792904,148.0,165.0,0.5569335,168.0,214.0,0.50134486,152.0,214.0,0.66477704,165.0,221.0,0.17611381,152.0,221.0,0.18728852,0,chair
chair/girl3_chair095.jpg,141.0,158.0,0.3930167,146.0,154.0,0.51223546,138.0,153.0,0.58373207,153.0,147.0,0.38856483,131.0,145.0,0.45567715,159.0,149.0,0.490526,126.0,144.0,0.15150516,174.0,162.0,0.14908923,111.0,151.0,0.6627275,170.0,145.0,0.31818563,109.0,137.0,0.39060327,155.0,164.0,0.5354468,131.0,163.0,0.626402,151.0,201.0,0.5246463,132.0,200.0,0.56535137,152.0,190.0,0.1759305,136.0,186.0,0.1015277,0,chair
chair/girl3_chair096_flipped.jpg,158.0,157.0,0.34998217,163.0,153.0,0.6108031,156.0,152.0,0.597828,169.0,144.0,0.38291112,150.0,145.0,0.53902435,173.0,141.0,0.5112809,143.0,144.0,0.29016694,188.0,152.0,0.50692976,129.0,154.0,0.4023796,191.0,142.0,0.4680176,132.0,149.0,0.30893642,168.0,169.0,0.47050324,147.0,168.0,0.3770374,165.0,213.0,0.8104715,150.0,214.0,0.5620613,163.0,218.0,0.13997486,151.0,218.0,0.2565063,0,chair
chair/girl3_chair097_flipped.jpg,160.0,154.0,0.33644834,164.0,150.0,0.4289483,157.0,150.0,0.5035428,169.0,142.0,0.38634545,150.0,143.0,0.53730154,172.0,141.0,0.46425217,143.0,143.0,0.3361518,186.0,153.0,0.16644728,128.0,156.0,0.23672973,190.0,147.0,0.649922,130.0,152.0,0.18556449,168.0,167.0,0.4257614,147.0,169.0,0.3665014,166.0,212.0,0.6018913,150.0,209.0,0.5708918,163.0,218.0,0.37631467,151.0,220.0,0.30358422,0,chair
chair/girl3_chair100_flipped.jpg,158.0,159.0,0.26165637,163.0,154.0,0.56236434,155.0,154.0,0.5656873,168.0,144.0,0.41549885,148.0,146.0,0.59495455,172.0,140.0,0.5489992,141.0,143.0,0.26313853,188.0,152.0,0.22497399,131.0,155.0,0.14317653,190.0,146.0,0.35707197,130.0,152.0,0.31122863,167.0,165.0,0.619609,146.0,165.0,0.45519623,166.0,210.0,0.7389935,150.0,210.0,0.7609841,164.0,213.0,0.16791612,150.0,212.0,0.17134088,0,chair
chair/girl3_chair104_flipped.jpg,157.0,156.0,0.23603082,161.0,152.0,0.53321564,154.0,152.0,0.5018917,166.0,143.0,0.3334735,146.0,143.0,0.46767646,169.0,139.0,0.63814586,139.0,141.0,0.22375567,181.0,148.0,0.21699145,131.0,153.0,0.17000677,189.0,148.0,0.3669127,131.0,152.0,0.24103637,164.0,164.0,0.48191255,144.0,164.0,0.45641038,165.0,208.0,0.44421244,148.0,206.0,0.35071945,161.0,213.0,0.18831477,149.0,214.0,0.21158081,0,chair
chair/girl3_chair107.jpg,143.0,157.0,0.38489303,147.0,153.0,0.50711954,140.0,153.0,0.4892177,155.0,146.0,0.2534004,135.0,144.0,0.41194254,162.0,145.0,0.2717475,131.0,140.0,0.40993488,171.0,147.0,0.18267128,116.0,148.0,0.26549646,171.0,149.0,0.24429497,108.0,144.0,0.3199498,159.0,170.0,0.2534386,139.0,171.0,0.17605382,153.0,209.0,0.4042495,136.0,201.0,0.3660461,152.0,216.0,0.19766484,140.0,213.0,0.28849062,0,chair
chair/girl3_chair108.jpg,142.0,154.0,0.2446149,146.0,152.0,0.47890833,139.0,150.0,0.47512016,153.0,146.0,0.34456673,135.0,143.0,0.45465255,163.0,144.0,0.27793056,132.0,141.0,0.28374854,171.0,155.0,0.17052746,117.0,149.0,0.28018925,169.0,155.0,0.17467684,110.0,145.0,0.3085074,160.0,168.0,0.39739397,139.0,168.0,0.34726426,154.0,201.0,0.23533735,136.0,200.0,0.33755484,153.0,216.0,0.23642144,141.0,213.0,0.26717877,0,chair
chair/girl3_chair114_flipped.jpg,156.0,156.0,0.251613,161.0,151.0,0.47624835,154.0,152.0,0.44930896,165.0,140.0,0.3400902,145.0,144.0,0.5324018,166.0,135.0,0.52133775,136.0,142.0,0.338565,174.0,145.0,0.3411528,129.0,153.0,0.17312232,189.0,145.0,0.33864516,130.0,154.0,0.21270517,161.0,164.0,0.44473532,139.0,166.0,0.31861594,164.0,206.0,0.67127335,147.0,206.0,0.5001372,160.0,212.0,0.14970376,147.0,213.0,0.25040093,0,chair
chair/girl3_chair115_flipped.jpg,156.0,155.0,0.25158432,160.0,151.0,0.49671456,154.0,151.0,0.51662254,163.0,141.0,0.2762534,144.0,143.0,0.45182252,165.0,136.0,0.40717104,137.0,140.0,0.2341691,177.0,145.0,0.179705,127.0,155.0,0.1196696,187.0,145.0,0.49225122,129.0,154.0,0.13709518,160.0,165.0,0.32306084,140.0,166.0,0.24151963,163.0,206.0,0.5772106,146.0,205.0,0.5636805,159.0,215.0,0.23747246,146.0,215.0,0.3636946,0,chair
chair/girl3_chair124_flipped.jpg,157.0,157.0,0.27165294,162.0,151.0,0.39217293,154.0,154.0,0.53816855,164.0,141.0,0.31611434,144.0,148.0,0.42673445,165.0,136.0,0.48493716,133.0,148.0,0.13489155,183.0,144.0,0.1990614,125.0,164.0,0.12389787,187.0,144.0,0.16225812,137.0,166.0,0.1804908,157.0,164.0,0.43022823,133.0,164.0,0.35278565,164.0,205.0,0.6655893,148.0,208.0,0.59573257,163.0,209.0,0.12539391,148.0,210.0,0.11847651,0,chair
chair/girl3_chair139_flipped.jpg,162.0,151.0,0.39700752,165.0,146.0,0.4527075,160.0,149.0,0.4275212,164.0,137.0,0.28796926,149.0,144.0,0.39670646,166.0,132.0,0.6255547,134.0,144.0,0.47863904,184.0,135.0,0.43467608,139.0,168.0,0.30455896,189.0,135.0,0.116861485,148.0,155.0,0.23761642,154.0,160.0,0.47726345,127.0,163.0,0.58699,167.0,201.0,0.67197186,149.0,202.0,0.19517204,166.0,211.0,0.17165521,155.0,213.0,0.21927235,0,chair
chair/girl3_chair140.jpg,135.0,146.0,0.34458998,138.0,143.0,0.36050087,134.0,141.0,0.38444284,147.0,139.0,0.32038245,136.0,134.0,0.3374183,162.0,148.0,0.5507804,136.0,129.0,0.5171063,167.0,177.0,0.103179246,119.0,131.0,0.3505242,151.0,210.0,0.24374144,102.0,129.0,0.43225518,162.0,165.0,0.48704392,142.0,160.0,0.43792138,152.0,201.0,0.33261865,131.0,194.0,0.2626039,150.0,216.0,0.15196727,131.0,218.0,0.23971395,0,chair
chair/girl3_chair141.jpg,137.0,145.0,0.38159278,141.0,140.0,0.3293666,136.0,139.0,0.32346174,149.0,136.0,0.37120458,136.0,132.0,0.3820394,163.0,141.0,0.55307543,135.0,127.0,0.59432364,171.0,166.0,0.2161534,119.0,130.0,0.33652648,154.0,207.0,0.115895495,102.0,127.0,0.5380069,165.0,165.0,0.5088744,143.0,161.0,0.48719436,154.0,196.0,0.3868452,131.0,194.0,0.2361073,150.0,213.0,0.19581819,132.0,214.0,0.29212442,0,chair
chair/girl3_chair142_flipped.jpg,163.0,139.0,0.2688998,167.0,134.0,0.4412442,161.0,136.0,0.48631027,163.0,126.0,0.3061705,148.0,131.0,0.39647475,165.0,124.0,0.45824468,134.0,136.0,0.44493067,178.0,129.0,0.26450107,135.0,152.0,0.33684242,195.0,127.0,0.42764854,146.0,144.0,0.40802637,156.0,160.0,0.39401385,129.0,161.0,0.5623312,168.0,202.0,0.7983846,148.0,205.0,0.4275869,163.0,221.0,0.18120515,162.0,223.0,0.15882795,0,chair
chair/girl3_chair148.jpg,145.0,120.0,0.30633378,151.0,116.0,0.5156014,142.0,115.0,0.4350754,159.0,112.0,0.41683245,140.0,107.0,0.3689026,166.0,124.0,0.41156167,133.0,109.0,0.5290257,166.0,134.0,0.40016344,120.0,110.0,0.37973347,156.0,120.0,0.22776684,105.0,102.0,0.46357197,162.0,164.0,0.6437992,138.0,160.0,0.6298411,145.0,205.0,0.34232184,129.0,202.0,0.48981482,143.0,226.0,0.121117644,137.0,218.0,0.19769108,0,chair
chair/girl3_chair148_flipped.jpg,158.0,119.0,0.36103398,162.0,116.0,0.47386888,155.0,117.0,0.4556852,162.0,110.0,0.34533542,143.0,113.0,0.53195715,165.0,110.0,0.4572227,135.0,124.0,0.3431562,183.0,109.0,0.30186334,134.0,136.0,0.5451103,196.0,102.0,0.5228211,144.0,117.0,0.29908973,160.0,158.0,0.6195871,138.0,164.0,0.63519114,171.0,199.0,0.5364344,152.0,199.0,0.31753957,167.0,222.0,0.26840815,160.0,231.0,0.42850462,0,chair
chair/girl3_chair149.jpg,145.0,120.0,0.28420016,151.0,116.0,0.54179573,143.0,116.0,0.29928514,161.0,110.0,0.5694663,141.0,108.0,0.5057761,168.0,122.0,0.5958922,134.0,108.0,0.5148671,167.0,130.0,0.57770383,115.0,106.0,0.43500286,155.0,114.0,0.32487142,104.0,96.0,0.39057764,160.0,164.0,0.6040296,137.0,160.0,0.6281644,144.0,206.0,0.33785367,129.0,199.0,0.4561936,137.0,229.0,0.12404684,138.0,217.0,0.30658826,0,chair
chair/girl3_chair149_flipped.jpg,160.0,117.0,0.34956825,162.0,114.0,0.43949667,157.0,115.0,0.34896088,161.0,109.0,0.28275356,145.0,111.0,0.37436008,165.0,110.0,0.33868068,135.0,124.0,0.4337462,184.0,106.0,0.34790978,135.0,133.0,0.45141336,196.0,96.0,0.5030796,144.0,114.0,0.44033244,161.0,158.0,0.6814873,139.0,164.0,0.50011504,171.0,199.0,0.5840572,156.0,202.0,0.21539265,167.0,219.0,0.26468068,160.0,232.0,0.3409178,0,chair
chair/girl3_chair150.jpg,143.0,117.0,0.37959823,148.0,112.0,0.37986737,141.0,112.0,0.39191973,158.0,107.0,0.54405403,139.0,105.0,0.39391005,166.0,121.0,0.6017574,134.0,107.0,0.5693882,168.0,127.0,0.66329753,117.0,104.0,0.5379892,158.0,109.0,0.47100526,104.0,90.0,0.386237,160.0,164.0,0.5485543,137.0,160.0,0.66555434,142.0,209.0,0.3240464,128.0,200.0,0.5823691,138.0,233.0,0.1253383,138.0,217.0,0.28002048,0,chair
chair/girl3_chair150_flipped.jpg,157.0,115.0,0.27796704,160.0,111.0,0.47175807,152.0,112.0,0.48154023,162.0,106.0,0.27486318,143.0,109.0,0.42910874,166.0,107.0,0.5422317,135.0,122.0,0.60187817,184.0,103.0,0.54249394,135.0,126.0,0.61206055,195.0,90.0,0.48456672,144.0,108.0,0.4305481,162.0,158.0,0.68747044,140.0,164.0,0.50302124,171.0,200.0,0.45663673,155.0,204.0,0.34945622,166.0,222.0,0.15857387,160.0,233.0,0.27299866,0,chair
chair/girl3_chair152.jpg,155.0,96.0,0.54085433,160.0,91.0,0.6012037,152.0,91.0,0.6538838,166.0,87.0,0.57156885,146.0,87.0,0.6218926,170.0,98.0,0.6722117,139.0,96.0,0.6733266,188.0,82.0,0.7724815,125.0,86.0,0.56751895,184.0,59.0,0.6021098,125.0,60.0,0.4769829,167.0,153.0,0.68709403,143.0,153.0,0.59913224,165.0,193.0,0.38806447,146.0,196.0,0.5049546,163.0,217.0,0.68053913,149.0,214.0,0.5030668,0,chair
chair/girl3_chair152_flipped.jpg,143.0,96.0,0.5305121,148.0,92.0,0.61261386,140.0,92.0,0.5279368,153.0,86.0,0.4122789,136.0,88.0,0.43692285,161.0,94.0,0.6969807,130.0,99.0,0.7585201,176.0,84.0,0.53820574,114.0,83.0,0.58077294,175.0,58.0,0.50513774,115.0,60.0,0.52623904,158.0,152.0,0.6788338,133.0,154.0,0.6953916,155.0,198.0,0.647894,136.0,196.0,0.7417651,153.0,218.0,0.5534214,139.0,218.0,0.5193035,0,chair
chair/guy2_chair071.jpg,126.0,93.0,0.56990564,131.0,90.0,0.7542477,125.0,90.0,0.5110061,143.0,92.0,0.7243264,129.0,92.0,0.4779069,149.0,112.0,0.5357001,123.0,112.0,0.6508329,152.0,73.0,0.5993426,110.0,79.0,0.823881,147.0,50.0,0.3133205,108.0,47.0,0.27771166,148.0,182.0,0.8412304,128.0,181.0,0.8113339,124.0,234.0,0.8082794,111.0,233.0,0.77954364,140.0,282.0,0.7101751,130.0,274.0,0.8450782,0,chair
chair/guy2_chair071_flipped.jpg,172.0,95.0,0.55504036,174.0,90.0,0.5769932,167.0,90.0,0.46966797,172.0,93.0,0.5091003,157.0,93.0,0.6208644,175.0,112.0,0.74960315,148.0,114.0,0.6408684,191.0,78.0,0.7978738,146.0,77.0,0.6516862,189.0,54.0,0.20981307,152.0,52.0,0.4634434,174.0,183.0,0.7604975,153.0,185.0,0.6641916,189.0,232.0,0.7107933,174.0,234.0,0.594731,170.0,274.0,0.5264034,162.0,278.0,0.6801479,0,chair
chair/guy2_chair072.jpg,126.0,95.0,0.62928903,132.0,91.0,0.64309764,126.0,91.0,0.5677552,144.0,94.0,0.7268411,131.0,94.0,0.51003134,151.0,114.0,0.7300127,125.0,113.0,0.66954476,153.0,76.0,0.51093084,110.0,79.0,0.5993931,147.0,51.0,0.49762186,110.0,48.0,0.3793714,150.0,183.0,0.84702075,131.0,183.0,0.82277447,125.0,235.0,0.69827867,112.0,233.0,0.69236875,140.0,281.0,0.79092324,132.0,274.0,0.8346748,0,chair
chair/guy2_chair072_flipped.jpg,171.0,96.0,0.535918,173.0,91.0,0.6049934,166.0,91.0,0.47191152,171.0,94.0,0.3993848,156.0,94.0,0.640825,174.0,113.0,0.70621383,148.0,115.0,0.6322051,190.0,79.0,0.7734015,146.0,78.0,0.6286819,189.0,55.0,0.19160207,151.0,54.0,0.3689374,172.0,183.0,0.7372875,151.0,186.0,0.6038583,188.0,233.0,0.73102,174.0,235.0,0.6211685,168.0,274.0,0.5602107,161.0,279.0,0.6527215,0,chair
chair/guy2_chair074.jpg,127.0,99.0,0.5626255,132.0,95.0,0.5960238,126.0,95.0,0.29723594,143.0,97.0,0.630623,129.0,97.0,0.30387804,150.0,118.0,0.5079024,126.0,116.0,0.6219382,153.0,80.0,0.5071691,111.0,82.0,0.60561717,147.0,59.0,0.20444186,107.0,60.0,0.15745327,151.0,187.0,0.79489195,133.0,186.0,0.76869494,127.0,237.0,0.7886063,113.0,235.0,0.7622053,140.0,281.0,0.76754063,133.0,274.0,0.5691236,0,chair
chair/guy2_chair074_flipped.jpg,173.0,99.0,0.6273695,175.0,95.0,0.4391986,168.0,95.0,0.61028624,172.0,97.0,0.42242762,157.0,97.0,0.5628966,175.0,116.0,0.71058273,148.0,117.0,0.718194,191.0,82.0,0.7748811,148.0,82.0,0.5763786,192.0,58.0,0.13066603,152.0,57.0,0.16974986,170.0,186.0,0.8614001,148.0,187.0,0.6126993,190.0,234.0,0.8422668,174.0,237.0,0.78477484,167.0,275.0,0.7280834,161.0,279.0,0.717183,0,chair
chair/guy2_chair075.jpg,127.0,100.0,0.53826696,132.0,96.0,0.51865363,125.0,96.0,0.5845274,143.0,99.0,0.5249665,131.0,99.0,0.33145759,152.0,120.0,0.5798694,126.0,117.0,0.67471665,153.0,81.0,0.5178052,111.0,84.0,0.633862,147.0,60.0,0.16195555,107.0,57.0,0.10853908,153.0,189.0,0.82737803,134.0,187.0,0.77989566,127.0,238.0,0.7714531,112.0,235.0,0.81653666,140.0,282.0,0.8285078,133.0,273.0,0.69408554,0,chair
chair/guy2_chair076.jpg,126.0,101.0,0.63863206,132.0,97.0,0.40595698,125.0,97.0,0.6043741,144.0,100.0,0.6974738,129.0,100.0,0.3264749,152.0,121.0,0.63705957,126.0,118.0,0.7498737,152.0,82.0,0.61713123,110.0,86.0,0.7471699,145.0,61.0,0.10894678,107.0,62.0,0.1886832,155.0,189.0,0.81775314,135.0,187.0,0.7268652,126.0,237.0,0.71322984,112.0,234.0,0.82405627,140.0,282.0,0.74859476,134.0,273.0,0.781654,0,chair
chair/guy2_chair076_flipped.jpg,172.0,102.0,0.5446851,174.0,98.0,0.5837854,168.0,98.0,0.69348085,172.0,100.0,0.44928616,156.0,100.0,0.43699852,174.0,119.0,0.6694383,148.0,121.0,0.669379,190.0,85.0,0.7544153,148.0,85.0,0.502069,192.0,61.0,0.22013699,153.0,60.0,0.1455313,166.0,189.0,0.8623609,146.0,191.0,0.6505423,189.0,235.0,0.8392744,173.0,238.0,0.5593627,166.0,277.0,0.71903574,158.0,282.0,0.6915355,0,chair
chair/guy2_chair083.jpg,123.0,111.0,0.696074,129.0,106.0,0.4917711,122.0,107.0,0.5781467,141.0,108.0,0.6441364,126.0,108.0,0.36066234,152.0,128.0,0.5015474,124.0,126.0,0.67093956,149.0,90.0,0.601197,106.0,93.0,0.64893794,140.0,70.0,0.2728984,101.0,71.0,0.18250683,164.0,198.0,0.87793064,144.0,197.0,0.8505446,130.0,239.0,0.7217027,114.0,233.0,0.8218644,145.0,284.0,0.72892797,137.0,276.0,0.6826042,0,chair
chair/guy2_chair083_flipped.jpg,176.0,112.0,0.44521397,177.0,108.0,0.54601264,171.0,107.0,0.6073823,173.0,110.0,0.5193867,158.0,110.0,0.53527796,173.0,130.0,0.76774126,146.0,129.0,0.7625455,196.0,95.0,0.72512865,150.0,92.0,0.43201482,200.0,73.0,0.23319304,156.0,72.0,0.16790646,155.0,197.0,0.49710035,135.0,199.0,0.56007004,186.0,234.0,0.7658106,171.0,238.0,0.70150405,162.0,277.0,0.7038343,154.0,280.0,0.62991977,0,chair
chair/guy2_chair084.jpg,123.0,113.0,0.6312875,128.0,108.0,0.7400262,121.0,108.0,0.59117395,140.0,110.0,0.62996167,126.0,110.0,0.36326155,150.0,129.0,0.6265274,123.0,128.0,0.78190374,150.0,91.0,0.57813036,105.0,96.0,0.6955625,138.0,70.0,0.18842047,99.0,70.0,0.31614178,166.0,201.0,0.8250453,145.0,199.0,0.66231674,132.0,239.0,0.5358657,115.0,235.0,0.76167774,146.0,283.0,0.672395,138.0,278.0,0.7037325,0,chair
chair/guy2_chair084_flipped.jpg,177.0,113.0,0.41310346,178.0,108.0,0.45220533,172.0,107.0,0.60703003,172.0,111.0,0.48728287,158.0,111.0,0.753162,174.0,129.0,0.6705669,147.0,129.0,0.7310438,196.0,96.0,0.8015452,151.0,93.0,0.6572695,200.0,72.0,0.29374874,158.0,71.0,0.13540465,154.0,198.0,0.8077781,134.0,200.0,0.64187694,185.0,233.0,0.80731577,170.0,238.0,0.59589016,161.0,277.0,0.7448,153.0,281.0,0.6689271,0,chair
chair/guy2_chair085.jpg,121.0,115.0,0.63417906,126.0,110.0,0.66521984,120.0,110.0,0.6661565,139.0,111.0,0.5491022,126.0,111.0,0.38989434,152.0,131.0,0.64831316,125.0,130.0,0.5657141,149.0,94.0,0.5702883,103.0,96.0,0.57885957,138.0,72.0,0.18272324,98.0,72.0,0.19267489,167.0,201.0,0.8802464,146.0,199.0,0.7377266,132.0,238.0,0.66987014,115.0,233.0,0.7776363,146.0,282.0,0.73981297,137.0,276.0,0.7225323,0,chair
chair/guy2_chair085_flipped.jpg,176.0,115.0,0.59609514,178.0,110.0,0.7039331,172.0,109.0,0.5351262,174.0,112.0,0.35626423,159.0,111.0,0.42977515,173.0,130.0,0.72703433,148.0,129.0,0.70478666,197.0,97.0,0.6091374,152.0,94.0,0.57473266,201.0,73.0,0.35454708,160.0,71.0,0.17153527,152.0,198.0,0.543774,132.0,201.0,0.6482934,185.0,233.0,0.76704955,169.0,238.0,0.7254368,161.0,278.0,0.69379747,153.0,281.0,0.676401,0,chair
chair/guy2_chair086.jpg,121.0,117.0,0.5715225,126.0,112.0,0.7148499,119.0,111.0,0.7266006,141.0,113.0,0.75814044,125.0,113.0,0.4555701,153.0,132.0,0.58068496,124.0,131.0,0.74218786,149.0,97.0,0.66157836,104.0,99.0,0.6920012,140.0,76.0,0.16275021,99.0,75.0,0.16379711,169.0,202.0,0.8587984,148.0,201.0,0.70857656,134.0,238.0,0.6555308,116.0,234.0,0.48812497,147.0,282.0,0.6837114,139.0,277.0,0.76051337,0,chair
chair/guy2_chair086_flipped.jpg,177.0,115.0,0.49553862,178.0,111.0,0.526078,172.0,110.0,0.7290354,174.0,113.0,0.46107405,159.0,112.0,0.67069757,174.0,133.0,0.67647016,147.0,131.0,0.7438743,196.0,98.0,0.646328,152.0,95.0,0.62734497,202.0,68.0,0.27928266,161.0,70.0,0.21506044,151.0,199.0,0.56530094,131.0,202.0,0.70417905,184.0,233.0,0.8468508,169.0,238.0,0.7490231,159.0,278.0,0.6976128,153.0,281.0,0.6024154,0,chair
chair/guy2_chair088.jpg,122.0,118.0,0.694832,127.0,113.0,0.7158009,121.0,113.0,0.5691903,141.0,114.0,0.69658566,127.0,114.0,0.54686797,153.0,134.0,0.736235,125.0,132.0,0.7484713,149.0,99.0,0.6195041,104.0,101.0,0.7643072,140.0,76.0,0.15534225,97.0,77.0,0.15943359,172.0,203.0,0.85282254,151.0,201.0,0.75359106,135.0,236.0,0.49900922,118.0,231.0,0.80758,150.0,283.0,0.6277549,141.0,276.0,0.788877,0,chair
chair/guy2_chair088_flipped.jpg,177.0,118.0,0.70723635,179.0,113.0,0.63166934,172.0,113.0,0.74441266,175.0,114.0,0.52948415,158.0,114.0,0.6415149,174.0,134.0,0.7136477,145.0,132.0,0.7006927,199.0,99.0,0.79333764,152.0,99.0,0.5795416,203.0,76.0,0.19275741,159.0,75.0,0.21900567,148.0,201.0,0.7277915,128.0,203.0,0.7202147,183.0,232.0,0.79533505,166.0,237.0,0.6650406,159.0,278.0,0.59661067,152.0,281.0,0.69540405,0,chair
chair/guy2_chair089_flipped.jpg,177.0,119.0,0.58663356,178.0,114.0,0.7502777,172.0,114.0,0.7898562,174.0,116.0,0.40967795,159.0,115.0,0.6963494,173.0,136.0,0.55171347,145.0,133.0,0.8067986,198.0,100.0,0.80287164,152.0,99.0,0.73284626,203.0,75.0,0.28039694,160.0,74.0,0.23279352,147.0,202.0,0.75529885,126.0,204.0,0.73257923,182.0,231.0,0.8469651,166.0,237.0,0.73744273,159.0,278.0,0.70934117,152.0,281.0,0.76908493,0,chair
chair/guy2_chair094.jpg,124.0,121.0,0.6312901,130.0,116.0,0.746704,122.0,117.0,0.6820494,144.0,116.0,0.75519955,126.0,118.0,0.41675103,158.0,135.0,0.7590354,127.0,136.0,0.8176708,150.0,97.0,0.6459751,103.0,103.0,0.810396,136.0,79.0,0.14600864,94.0,80.0,0.27911806,180.0,206.0,0.84825736,157.0,205.0,0.81276,140.0,234.0,0.6745507,123.0,228.0,0.79252326,154.0,282.0,0.73290503,143.0,275.0,0.847445,0,chair
chair/guy2_chair094_flipped.jpg,175.0,121.0,0.6115923,176.0,116.0,0.75657463,170.0,114.0,0.5853472,170.0,117.0,0.43893418,156.0,116.0,0.7045191,170.0,137.0,0.6099899,140.0,135.0,0.8531372,199.0,103.0,0.69796455,149.0,103.0,0.54269165,208.0,77.0,0.47556558,160.0,77.0,0.35150498,140.0,201.0,0.7809039,117.0,204.0,0.69674456,178.0,227.0,0.8921674,161.0,233.0,0.64141047,156.0,276.0,0.6805576,148.0,279.0,0.80719465,0,chair
chair/guy2_chair095.jpg,125.0,121.0,0.5347556,130.0,115.0,0.7518393,123.0,116.0,0.6390557,144.0,115.0,0.63308257,129.0,116.0,0.3652839,159.0,134.0,0.6660749,128.0,136.0,0.64332443,149.0,96.0,0.7587315,101.0,104.0,0.6877567,134.0,77.0,0.21851785,92.0,79.0,0.38907084,182.0,206.0,0.8213947,157.0,204.0,0.7705866,140.0,235.0,0.69040865,123.0,228.0,0.68860745,154.0,281.0,0.7189795,144.0,275.0,0.8050649,0,chair
chair/guy2_chair095_flipped.jpg,175.0,120.0,0.64071316,176.0,115.0,0.6493047,170.0,114.0,0.7002922,170.0,116.0,0.33014756,156.0,115.0,0.6758983,169.0,136.0,0.54126024,140.0,134.0,0.79402226,198.0,104.0,0.77617216,151.0,101.0,0.49392638,209.0,75.0,0.35029498,162.0,76.0,0.2535041,139.0,202.0,0.7252791,117.0,206.0,0.6889471,177.0,227.0,0.8753622,159.0,233.0,0.6071736,155.0,276.0,0.62220526,147.0,278.0,0.76858795,0,chair
chair/guy2_chair100.jpg,128.0,116.0,0.6609256,133.0,110.0,0.7775367,126.0,111.0,0.58461815,147.0,109.0,0.55052245,131.0,111.0,0.42193267,163.0,130.0,0.6280595,132.0,131.0,0.6306637,153.0,91.0,0.53657216,101.0,101.0,0.68050355,136.0,69.0,0.36813414,85.0,67.0,0.4228896,186.0,203.0,0.8673884,162.0,201.0,0.7936927,145.0,231.0,0.67707294,126.0,223.0,0.7421067,159.0,280.0,0.64095294,147.0,273.0,0.83019674,0,chair
chair/guy2_chair100_flipped.jpg,172.0,116.0,0.71557,173.0,110.0,0.5962719,166.0,110.0,0.7943894,167.0,110.0,0.55336154,152.0,110.0,0.5600132,165.0,131.0,0.7574251,134.0,131.0,0.840199,198.0,100.0,0.7627578,147.0,98.0,0.69367254,212.0,71.0,0.40925375,161.0,71.0,0.44238913,134.0,201.0,0.73057264,110.0,203.0,0.6447285,173.0,225.0,0.87169546,154.0,230.0,0.7840233,151.0,278.0,0.60095716,142.0,279.0,0.75606006,0,chair
chair/guy2_chair102.jpg,128.0,113.0,0.7247634,134.0,108.0,0.6695201,126.0,108.0,0.63287497,150.0,107.0,0.68427426,133.0,109.0,0.47732085,166.0,129.0,0.75450945,132.0,128.0,0.8326721,156.0,93.0,0.62975633,102.0,98.0,0.8288318,140.0,70.0,0.2849072,90.0,71.0,0.36797738,188.0,202.0,0.8742962,163.0,199.0,0.65723455,144.0,229.0,0.6327737,128.0,221.0,0.7515777,159.0,281.0,0.68826795,148.0,275.0,0.86652035,0,chair
chair/guy2_chair102_flipped.jpg,170.0,112.0,0.72430146,172.0,107.0,0.6421746,165.0,106.0,0.735849,166.0,107.0,0.5075718,151.0,106.0,0.61929274,164.0,128.0,0.7644299,133.0,127.0,0.7567975,197.0,97.0,0.7174322,146.0,93.0,0.56923866,212.0,67.0,0.3365115,159.0,67.0,0.39065033,134.0,198.0,0.48604327,108.0,201.0,0.67478156,172.0,223.0,0.8537619,152.0,229.0,0.6728293,150.0,277.0,0.6267954,141.0,279.0,0.65203273,0,chair
chair/guy2_chair103.jpg,130.0,112.0,0.58733326,136.0,106.0,0.78938997,129.0,107.0,0.69033015,151.0,105.0,0.60270524,136.0,107.0,0.5367364,167.0,129.0,0.68886924,136.0,128.0,0.6608746,158.0,91.0,0.8293176,103.0,97.0,0.77812004,141.0,66.0,0.33674356,87.0,63.0,0.388644,189.0,201.0,0.87040675,165.0,199.0,0.82707995,147.0,229.0,0.5763203,129.0,221.0,0.6693239,161.0,279.0,0.53036976,150.0,274.0,0.8473487,0,chair
chair/guy2_chair103_flipped.jpg,169.0,111.0,0.6949427,171.0,106.0,0.56782764,164.0,105.0,0.7539823,164.0,106.0,0.5135563,149.0,106.0,0.5611346,163.0,129.0,0.63359845,131.0,127.0,0.8005037,196.0,97.0,0.7637764,144.0,92.0,0.7044374,211.0,65.0,0.45064157,157.0,65.0,0.23126301,131.0,198.0,0.71424055,106.0,201.0,0.6331529,171.0,221.0,0.78211266,152.0,229.0,0.7660779,150.0,277.0,0.60460615,140.0,278.0,0.7833702,0,chair
chair/guy2_chair104.jpg,131.0,110.0,0.6508653,136.0,104.0,0.7255442,129.0,104.0,0.588946,152.0,104.0,0.69029266,136.0,104.0,0.5715312,167.0,126.0,0.7372124,135.0,125.0,0.6005178,157.0,87.0,0.7864784,105.0,94.0,0.85642576,141.0,63.0,0.35258865,87.0,62.0,0.46219635,190.0,200.0,0.8930045,165.0,198.0,0.821308,148.0,229.0,0.733132,129.0,221.0,0.78038126,163.0,279.0,0.6834973,151.0,273.0,0.79141635,0,chair
chair/guy2_chair104_flipped.jpg,169.0,110.0,0.71487063,170.0,105.0,0.6019423,164.0,104.0,0.7791779,165.0,106.0,0.5109144,149.0,105.0,0.60350066,162.0,127.0,0.6980623,132.0,126.0,0.8050643,196.0,95.0,0.79202247,144.0,91.0,0.4713959,212.0,63.0,0.30873886,156.0,64.0,0.1720833,131.0,198.0,0.6992023,106.0,200.0,0.652419,171.0,222.0,0.83442444,151.0,229.0,0.7232815,149.0,276.0,0.602474,140.0,277.0,0.7437046,0,chair
chair/guy2_chair106.jpg,133.0,109.0,0.72228235,139.0,102.0,0.6357188,130.0,103.0,0.48308006,153.0,102.0,0.58617103,135.0,104.0,0.512784,169.0,124.0,0.6581838,136.0,125.0,0.7484851,160.0,85.0,0.5194925,104.0,92.0,0.71506226,142.0,59.0,0.3801982,89.0,57.0,0.45168343,193.0,200.0,0.86930937,166.0,198.0,0.57531005,151.0,229.0,0.7443261,131.0,222.0,0.7813581,164.0,281.0,0.6137739,152.0,275.0,0.85290766,0,chair
chair/guy2_chair106_flipped.jpg,166.0,108.0,0.65309227,168.0,102.0,0.74996626,161.0,101.0,0.5390314,163.0,103.0,0.53744066,146.0,101.0,0.7481531,162.0,125.0,0.7604813,129.0,123.0,0.83777666,196.0,92.0,0.73645294,142.0,87.0,0.54494834,212.0,60.0,0.43594423,153.0,61.0,0.24388248,129.0,196.0,0.70731354,104.0,198.0,0.6386269,169.0,221.0,0.843317,151.0,227.0,0.75124085,148.0,276.0,0.6692213,138.0,279.0,0.76478726,0,chair
chair/guy2_chair108.jpg,133.0,106.0,0.5913249,139.0,99.0,0.7614576,131.0,100.0,0.6625478,155.0,100.0,0.6744474,137.0,101.0,0.38012326,171.0,122.0,0.7398342,137.0,122.0,0.6711885,162.0,84.0,0.6219308,105.0,89.0,0.6231888,145.0,58.0,0.43636388,89.0,57.0,0.5592555,195.0,198.0,0.6900296,168.0,197.0,0.58274245,151.0,228.0,0.7316631,132.0,221.0,0.72575605,166.0,281.0,0.6906506,153.0,274.0,0.8694136,0,chair
chair/guy2_chair108_flipped.jpg,165.0,106.0,0.55070144,167.0,100.0,0.8041071,160.0,99.0,0.8005244,161.0,101.0,0.34473476,145.0,100.0,0.7110276,159.0,123.0,0.7345426,126.0,122.0,0.8727779,193.0,92.0,0.8493019,139.0,87.0,0.6027622,210.0,57.0,0.4275881,152.0,58.0,0.2906128,129.0,194.0,0.6212865,102.0,198.0,0.6298446,167.0,221.0,0.7072946,148.0,226.0,0.81746185,146.0,277.0,0.69013983,136.0,279.0,0.7811995,0,chair
chair/guy2_chair109.jpg,134.0,105.0,0.59426725,140.0,99.0,0.78598315,132.0,99.0,0.579132,155.0,99.0,0.5967468,139.0,100.0,0.43223423,172.0,119.0,0.6905242,138.0,121.0,0.6569619,162.0,80.0,0.5628487,105.0,88.0,0.5772456,146.0,56.0,0.25637126,89.0,55.0,0.55218476,195.0,198.0,0.86929566,170.0,196.0,0.8332871,152.0,228.0,0.7038035,132.0,221.0,0.71195674,165.0,281.0,0.7670939,154.0,274.0,0.87062526,0,chair
chair/guy2_chair109_flipped.jpg,164.0,105.0,0.5854981,166.0,99.0,0.8065562,159.0,98.0,0.79498386,161.0,100.0,0.5079605,143.0,98.0,0.6970993,159.0,122.0,0.71146977,126.0,120.0,0.8726053,194.0,89.0,0.82012755,138.0,82.0,0.64582074,210.0,55.0,0.42458996,151.0,56.0,0.42079717,127.0,195.0,0.70884573,101.0,198.0,0.64072907,167.0,220.0,0.6971452,147.0,227.0,0.81385565,146.0,277.0,0.68260705,135.0,279.0,0.80636847,0,chair
chair/guy2_chair114.jpg,137.0,100.0,0.61997855,143.0,94.0,0.61103344,135.0,95.0,0.46997625,160.0,96.0,0.48682052,139.0,98.0,0.1997333,175.0,119.0,0.66702104,141.0,119.0,0.5779258,167.0,79.0,0.5607822,107.0,83.0,0.5704982,146.0,39.0,0.58493054,90.0,45.0,0.6923646,198.0,197.0,0.82420456,172.0,196.0,0.753764,156.0,227.0,0.6114806,137.0,220.0,0.56194544,170.0,283.0,0.438402,159.0,279.0,0.4658852,0,chair
chair/guy2_chair114_flipped.jpg,161.0,99.0,0.6304532,164.0,94.0,0.46734887,155.0,93.0,0.62134403,160.0,95.0,0.28067908,140.0,93.0,0.48583832,156.0,116.0,0.6836839,123.0,116.0,0.6583276,192.0,82.0,0.76986027,133.0,80.0,0.32739684,210.0,45.0,0.6702229,154.0,38.0,0.4781009,124.0,196.0,0.5853879,99.0,197.0,0.74003386,163.0,220.0,0.72362745,142.0,226.0,0.61352885,142.0,281.0,0.6053715,132.0,284.0,0.39305037,0,chair
chair/guy2_chair116.jpg,138.0,100.0,0.633904,145.0,94.0,0.4257159,135.0,95.0,0.36878785,161.0,94.0,0.501806,140.0,96.0,0.18850593,177.0,117.0,0.44183326,141.0,118.0,0.72291815,167.0,77.0,0.5129682,108.0,82.0,0.5192497,147.0,39.0,0.62956417,90.0,43.0,0.70667326,200.0,197.0,0.8151968,173.0,196.0,0.7175143,156.0,227.0,0.4829699,138.0,221.0,0.6563717,171.0,285.0,0.5096222,161.0,281.0,0.5966983,0,chair
chair/guy2_chair116_flipped.jpg,159.0,100.0,0.5190582,163.0,94.0,0.4656929,155.0,92.0,0.42484397,160.0,95.0,0.297799,138.0,92.0,0.44508973,155.0,115.0,0.5458845,122.0,115.0,0.58902335,192.0,83.0,0.765948,131.0,79.0,0.32553095,210.0,44.0,0.72782326,153.0,37.0,0.51325667,124.0,196.0,0.553418,98.0,197.0,0.7003328,163.0,221.0,0.7908571,142.0,227.0,0.62272096,142.0,282.0,0.5992692,130.0,285.0,0.4535775,0,chair
chair/guy2_chair117.jpg,138.0,100.0,0.64769113,145.0,94.0,0.44092128,135.0,95.0,0.27976313,162.0,94.0,0.5264348,140.0,96.0,0.20970695,178.0,117.0,0.50961137,142.0,119.0,0.75464237,169.0,79.0,0.40457538,108.0,82.0,0.5350715,147.0,38.0,0.5857232,90.0,43.0,0.71033835,201.0,198.0,0.75758183,173.0,197.0,0.6973244,157.0,227.0,0.5292634,139.0,220.0,0.63524973,171.0,286.0,0.4941757,161.0,281.0,0.6043427,0,chair
chair/guy2_chair117_flipped.jpg,158.0,99.0,0.51499635,162.0,94.0,0.5042846,154.0,92.0,0.34256294,160.0,95.0,0.30276096,137.0,93.0,0.4712513,155.0,116.0,0.59753656,121.0,115.0,0.608256,191.0,83.0,0.75840306,132.0,76.0,0.3193825,210.0,44.0,0.7357738,153.0,37.0,0.46456414,124.0,196.0,0.564157,97.0,197.0,0.6770549,162.0,221.0,0.80789953,141.0,228.0,0.49832162,142.0,282.0,0.62207067,130.0,285.0,0.47253743,0,chair
chair/guy2_chair120.jpg,139.0,100.0,0.4137067,146.0,94.0,0.6209212,137.0,94.0,0.47839522,163.0,94.0,0.4355781,140.0,96.0,0.25726873,180.0,119.0,0.6681372,143.0,120.0,0.74518925,172.0,83.0,0.55163485,108.0,82.0,0.55766046,148.0,39.0,0.6106431,90.0,42.0,0.704656,202.0,200.0,0.55563533,175.0,199.0,0.47816187,159.0,229.0,0.53248763,140.0,223.0,0.6695709,175.0,290.0,0.3788039,162.0,284.0,0.5618006,0,chair
chair/guy2_chair120_flipped.jpg,156.0,100.0,0.63268936,160.0,94.0,0.63340306,151.0,93.0,0.6337861,159.0,96.0,0.35747117,136.0,93.0,0.40383002,154.0,116.0,0.5456364,118.0,116.0,0.6541748,189.0,82.0,0.75811183,129.0,79.0,0.3769755,210.0,44.0,0.68319273,151.0,39.0,0.7055305,123.0,195.0,0.5119268,96.0,199.0,0.6533288,161.0,223.0,0.7924804,140.0,230.0,0.6254816,140.0,284.0,0.6872933,127.0,290.0,0.3829284,0,chair
chair/guy2_chair123.jpg,141.0,103.0,0.53209436,148.0,97.0,0.6694348,138.0,97.0,0.5278542,165.0,96.0,0.41445225,141.0,99.0,0.21430567,181.0,121.0,0.55959225,144.0,121.0,0.573249,173.0,85.0,0.633878,109.0,83.0,0.62854767,149.0,43.0,0.4434523,90.0,45.0,0.69756806,203.0,201.0,0.80678904,175.0,200.0,0.5976261,161.0,232.0,0.6700449,141.0,226.0,0.5089944,174.0,294.0,0.33780664,163.0,288.0,0.55107474,0,chair
chair/guy2_chair123_flipped.jpg,156.0,103.0,0.47248882,159.0,97.0,0.5738101,151.0,96.0,0.637566,157.0,98.0,0.24120356,136.0,96.0,0.46336797,154.0,119.0,0.558731,117.0,118.0,0.6202686,191.0,84.0,0.8388752,129.0,82.0,0.33964667,209.0,45.0,0.81538975,150.0,43.0,0.51102525,122.0,198.0,0.7189691,96.0,202.0,0.7771504,160.0,226.0,0.8099537,140.0,234.0,0.659226,137.0,288.0,0.70935816,127.0,291.0,0.31745967,0,chair
chair/guy2_chair124.jpg,141.0,105.0,0.6202425,148.0,98.0,0.46577975,138.0,98.0,0.41145226,166.0,98.0,0.44816497,141.0,99.0,0.22577175,181.0,123.0,0.5372033,143.0,121.0,0.5446379,174.0,88.0,0.5811552,110.0,84.0,0.70779276,149.0,44.0,0.43749958,90.0,45.0,0.6963122,202.0,202.0,0.77763724,175.0,201.0,0.5988499,161.0,233.0,0.6625432,141.0,227.0,0.6353668,174.0,295.0,0.33187464,163.0,288.0,0.6093215,0,chair
chair/guy2_chair124_flipped.jpg,157.0,104.0,0.58061075,160.0,98.0,0.51820815,151.0,97.0,0.53066987,156.0,98.0,0.19652613,136.0,97.0,0.43059558,153.0,119.0,0.5377788,116.0,121.0,0.51956856,190.0,85.0,0.7897216,127.0,85.0,0.2841847,209.0,46.0,0.80894434,149.0,45.0,0.47146794,122.0,199.0,0.70196116,96.0,201.0,0.7202246,160.0,227.0,0.79759586,140.0,234.0,0.63441294,136.0,289.0,0.6498002,127.0,292.0,0.36682484,0,chair
chair/guy2_chair128.jpg,141.0,111.0,0.48791894,148.0,105.0,0.6461346,138.0,106.0,0.5744151,166.0,105.0,0.49506593,144.0,106.0,0.22154434,182.0,131.0,0.64451206,143.0,126.0,0.7227031,173.0,92.0,0.5834612,110.0,93.0,0.57374555,148.0,52.0,0.47018802,91.0,53.0,0.6311279,204.0,208.0,0.6926909,177.0,205.0,0.7411479,161.0,240.0,0.5802064,141.0,234.0,0.68941903,171.0,296.0,0.21053089,164.0,291.0,0.65176797,0,chair
chair/guy2_chair128_flipped.jpg,157.0,111.0,0.56135535,159.0,104.0,0.5905669,151.0,104.0,0.6129634,155.0,104.0,0.19053365,133.0,103.0,0.565152,153.0,127.0,0.64524627,116.0,128.0,0.6438775,191.0,91.0,0.5594513,125.0,91.0,0.21023773,209.0,53.0,0.69835556,150.0,52.0,0.4542929,120.0,204.0,0.5114733,94.0,208.0,0.78219223,159.0,234.0,0.63670033,139.0,244.0,0.5614995,136.0,292.0,0.69057626,128.0,293.0,0.36674663,0,chair
chair/guy2_chair129.jpg,140.0,114.0,0.6820452,147.0,107.0,0.76523745,138.0,107.0,0.52314,165.0,107.0,0.5664743,146.0,108.0,0.36283758,183.0,131.0,0.78832424,143.0,128.0,0.8110962,174.0,95.0,0.5651698,111.0,95.0,0.8727315,152.0,63.0,0.46438888,97.0,62.0,0.48764762,209.0,209.0,0.81996834,179.0,206.0,0.82907367,160.0,244.0,0.75873417,139.0,235.0,0.85082,175.0,294.0,0.60578096,163.0,290.0,0.9065281,0,chair
chair/guy2_chair129_flipped.jpg,157.0,114.0,0.6077125,160.0,107.0,0.52929175,150.0,107.0,0.5260771,157.0,107.0,0.16503824,134.0,106.0,0.5131626,154.0,129.0,0.50712943,116.0,130.0,0.51331586,191.0,94.0,0.6804851,125.0,96.0,0.2605098,209.0,55.0,0.6963669,150.0,55.0,0.5498055,121.0,207.0,0.7101157,94.0,209.0,0.7057383,159.0,237.0,0.7855467,138.0,245.0,0.5753645,136.0,293.0,0.6729441,128.0,295.0,0.2996681,0,chair
chair/guy2_chair131.jpg,141.0,120.0,0.5795548,148.0,113.0,0.5444435,138.0,113.0,0.44514954,164.0,113.0,0.455936,141.0,113.0,0.23036288,182.0,135.0,0.5978151,142.0,132.0,0.69032884,175.0,103.0,0.5431572,110.0,98.0,0.64437914,148.0,61.0,0.40604407,90.0,59.0,0.5114999,203.0,213.0,0.662743,176.0,210.0,0.7476891,162.0,246.0,0.68660337,140.0,241.0,0.54409176,170.0,296.0,0.23044327,163.0,293.0,0.62741566,0,chair
chair/guy2_chair131_flipped.jpg,157.0,119.0,0.62715507,160.0,112.0,0.45516387,151.0,113.0,0.6167477,157.0,112.0,0.1773108,136.0,110.0,0.5292051,155.0,132.0,0.590781,118.0,132.0,0.6862503,192.0,97.0,0.66458374,126.0,103.0,0.338292,209.0,59.0,0.6644012,150.0,63.0,0.4726346,122.0,208.0,0.4914364,95.0,214.0,0.78416896,160.0,239.0,0.6467134,138.0,250.0,0.6166134,135.0,294.0,0.57339644,127.0,298.0,0.4252034,0,chair
chair/guy2_chair133.jpg,140.0,126.0,0.58409774,147.0,119.0,0.7249993,138.0,119.0,0.60573363,165.0,119.0,0.7215513,145.0,118.0,0.5365033,183.0,139.0,0.7612791,143.0,137.0,0.60136104,173.0,106.0,0.63893926,108.0,103.0,0.895192,151.0,74.0,0.48873055,95.0,72.0,0.17291406,208.0,214.0,0.7986751,178.0,211.0,0.6614793,159.0,252.0,0.79913694,137.0,244.0,0.7745182,172.0,297.0,0.29213616,162.0,294.0,0.9385665,0,chair
chair/guy2_chair133_flipped.jpg,158.0,126.0,0.78043354,160.0,118.0,0.6149919,150.0,118.0,0.73320735,155.0,117.0,0.5333533,133.0,117.0,0.62783056,154.0,135.0,0.68401104,115.0,137.0,0.82473016,191.0,102.0,0.6703582,128.0,105.0,0.3872606,208.0,69.0,0.3602133,149.0,71.0,0.60910296,119.0,209.0,0.7657559,92.0,213.0,0.82867897,161.0,244.0,0.8832692,138.0,253.0,0.8263258,133.0,296.0,0.6340874,129.0,297.0,0.4548579,0,chair
chair/guy2_chair134.jpg,140.0,127.0,0.5663165,147.0,121.0,0.48344296,138.0,121.0,0.45560902,166.0,120.0,0.45034245,141.0,119.0,0.2298773,181.0,141.0,0.63713646,142.0,136.0,0.61583716,173.0,112.0,0.4622752,112.0,105.0,0.68335354,148.0,71.0,0.45690405,90.0,67.0,0.7113323,203.0,217.0,0.47514933,177.0,213.0,0.6887493,162.0,254.0,0.6959251,141.0,247.0,0.5962433,168.0,296.0,0.15910955,161.0,297.0,0.273545,0,chair
chair/guy2_chair134_flipped.jpg,157.0,127.0,0.60524964,161.0,120.0,0.5893084,151.0,121.0,0.55493367,159.0,119.0,0.28377986,135.0,119.0,0.6207225,154.0,135.0,0.5245585,116.0,140.0,0.5915717,191.0,104.0,0.6192372,126.0,110.0,0.34312096,210.0,66.0,0.54076385,152.0,72.0,0.6681032,123.0,213.0,0.6624645,96.0,218.0,0.77095723,159.0,246.0,0.7149931,139.0,256.0,0.5615618,136.0,297.0,0.44832504,130.0,297.0,0.21364103,0,chair
chair/guy2_chair135.jpg,141.0,130.0,0.72746646,149.0,124.0,0.79016834,139.0,123.0,0.6585796,167.0,123.0,0.7329167,147.0,122.0,0.6539438,185.0,145.0,0.83437884,143.0,141.0,0.64139694,175.0,115.0,0.79764724,110.0,107.0,0.92207134,149.0,76.0,0.664229,95.0,77.0,0.25145426,208.0,216.0,0.8628831,178.0,214.0,0.7025324,160.0,257.0,0.72797173,139.0,247.0,0.83497643,170.0,298.0,0.2204439,164.0,297.0,0.894306,0,chair
chair/guy2_chair135_flipped.jpg,157.0,131.0,0.7177445,159.0,123.0,0.5824337,150.0,123.0,0.65401006,154.0,122.0,0.5335405,134.0,122.0,0.4256819,155.0,139.0,0.79334605,114.0,141.0,0.8569765,192.0,105.0,0.7709098,127.0,115.0,0.30926207,210.0,72.0,0.486231,151.0,76.0,0.5733515,121.0,211.0,0.7692687,93.0,215.0,0.80360883,161.0,247.0,0.8812797,139.0,257.0,0.79152507,133.0,297.0,0.56440794,130.0,297.0,0.48765072,0,chair
chair/guy2_chair136_flipped.jpg,157.0,133.0,0.5743863,159.0,125.0,0.8273828,151.0,125.0,0.84405005,154.0,124.0,0.54769534,135.0,124.0,0.5958029,154.0,140.0,0.69519794,114.0,142.0,0.83267856,191.0,107.0,0.7946548,126.0,118.0,0.4506478,209.0,74.0,0.528386,151.0,78.0,0.58971566,120.0,213.0,0.7836915,93.0,216.0,0.5760559,161.0,249.0,0.81206155,139.0,258.0,0.71223176,132.0,298.0,0.4659414,130.0,297.0,0.48833925,0,chair
chair/guy2_chair137.jpg,140.0,134.0,0.67799395,147.0,127.0,0.76516044,138.0,126.0,0.81021106,166.0,126.0,0.76596075,147.0,125.0,0.5915204,186.0,148.0,0.6705258,144.0,144.0,0.6356008,175.0,119.0,0.7024517,109.0,110.0,0.87363505,149.0,83.0,0.6245829,92.0,77.0,0.22982733,208.0,218.0,0.83730125,178.0,215.0,0.7347791,160.0,261.0,0.8342922,139.0,250.0,0.6035858,170.0,298.0,0.1792169,165.0,298.0,0.8259259,0,chair
chair/guy2_chair137_flipped.jpg,157.0,135.0,0.5153184,159.0,127.0,0.7727032,151.0,127.0,0.7990095,154.0,125.0,0.38728136,136.0,125.0,0.5976666,154.0,140.0,0.7582271,114.0,144.0,0.8269422,191.0,110.0,0.8566847,126.0,120.0,0.58436894,208.0,76.0,0.54496163,152.0,81.0,0.5891495,122.0,213.0,0.784304,94.0,216.0,0.77168465,161.0,252.0,0.8721311,140.0,261.0,0.8792213,132.0,298.0,0.4388675,130.0,297.0,0.3884657,0,chair
chair/guy2_chair147.jpg,149.0,114.0,0.47470793,156.0,109.0,0.7126354,147.0,108.0,0.57440567,171.0,109.0,0.5638215,152.0,108.0,0.17749433,187.0,136.0,0.53168106,145.0,125.0,0.6465192,181.0,115.0,0.5362475,117.0,97.0,0.68563527,153.0,81.0,0.54345167,102.0,64.0,0.6875092,188.0,218.0,0.683903,160.0,213.0,0.61296487,152.0,275.0,0.6316331,133.0,269.0,0.6707729,164.0,298.0,0.13541004,162.0,295.0,0.17107302,0,chair
chair/guy2_chair148.jpg,149.0,112.0,0.33623755,155.0,108.0,0.4482553,147.0,106.0,0.5501143,171.0,108.0,0.5363625,153.0,106.0,0.15688536,187.0,134.0,0.5441619,145.0,123.0,0.6297264,183.0,114.0,0.47288695,117.0,93.0,0.7815535,153.0,77.0,0.47459108,104.0,58.0,0.5746367,185.0,217.0,0.783357,158.0,212.0,0.7497206,151.0,276.0,0.5648508,132.0,269.0,0.6114812,164.0,297.0,0.12805068,163.0,294.0,0.19097243,0,chair
chair/guy2_chair152.jpg,150.0,109.0,0.4972349,158.0,104.0,0.37994227,149.0,102.0,0.45382276,174.0,107.0,0.47459337,154.0,103.0,0.23403816,184.0,132.0,0.68406713,146.0,122.0,0.6653291,184.0,103.0,0.4637886,123.0,83.0,0.59196556,166.0,63.0,0.5238558,113.0,47.0,0.54307866,178.0,215.0,0.70236653,152.0,211.0,0.7295543,148.0,274.0,0.5963229,132.0,268.0,0.62106633,164.0,296.0,0.20715168,164.0,294.0,0.26717663,0,chair
chair/guy2_chair152_flipped.jpg,146.0,110.0,0.5454794,148.0,104.0,0.57005304,140.0,105.0,0.47896835,146.0,105.0,0.30865705,125.0,107.0,0.5712445,151.0,120.0,0.6356118,114.0,130.0,0.7459837,177.0,85.0,0.78394794,114.0,104.0,0.43922403,186.0,46.0,0.6423644,132.0,63.0,0.59947705,147.0,208.0,0.78266066,119.0,214.0,0.75896966,165.0,268.0,0.63603973,149.0,273.0,0.63289607,138.0,295.0,0.19707651,136.0,296.0,0.1347306,0,chair
chair/guy_chair072.jpg,137.0,88.0,0.6005686,141.0,83.0,0.73220474,132.0,84.0,0.7104632,146.0,85.0,0.758903,126.0,86.0,0.80158114,155.0,102.0,0.6984516,116.0,103.0,0.63273185,168.0,65.0,0.76060194,108.0,70.0,0.57650363,166.0,46.0,0.3986958,107.0,44.0,0.50985605,149.0,170.0,0.85200006,124.0,171.0,0.8148747,146.0,233.0,0.8604983,128.0,231.0,0.8857252,143.0,263.0,0.80812013,129.0,264.0,0.7936082,0,chair
chair/guy_chair072_flipped.jpg,163.0,88.0,0.50486314,167.0,84.0,0.46251363,159.0,83.0,0.34989166,175.0,85.0,0.76104426,154.0,86.0,0.80802196,184.0,102.0,0.58400965,145.0,105.0,0.77674633,194.0,68.0,0.7255688,132.0,66.0,0.803208,194.0,45.0,0.5585371,134.0,44.0,0.44810164,176.0,171.0,0.886073,151.0,171.0,0.83088243,171.0,232.0,0.8061986,153.0,233.0,0.894536,172.0,263.0,0.7342732,157.0,264.0,0.79078746,0,chair
chair/guy_chair074.jpg,141.0,92.0,0.64922136,144.0,88.0,0.44364837,136.0,88.0,0.64371073,150.0,88.0,0.7732975,130.0,89.0,0.7812639,159.0,104.0,0.8109984,120.0,105.0,0.59587437,170.0,68.0,0.7300832,111.0,73.0,0.8449253,170.0,51.0,0.23080465,111.0,49.0,0.38379297,152.0,171.0,0.8322881,128.0,171.0,0.7882374,148.0,231.0,0.88273376,130.0,231.0,0.8359899,146.0,262.0,0.80228806,132.0,263.0,0.8253097,0,chair
chair/guy_chair074_flipped.jpg,159.0,92.0,0.5282598,164.0,87.0,0.633144,155.0,87.0,0.5810751,170.0,89.0,0.80270404,149.0,89.0,0.8037474,179.0,104.0,0.74015677,141.0,107.0,0.77877176,189.0,71.0,0.8281438,130.0,70.0,0.84898686,188.0,50.0,0.40951613,131.0,49.0,0.16381301,171.0,171.0,0.83391464,147.0,172.0,0.7869118,167.0,230.0,0.8223079,150.0,232.0,0.79033357,168.0,262.0,0.8346559,152.0,263.0,0.88532174,0,chair
chair/guy_chair076.jpg,145.0,96.0,0.5831047,149.0,91.0,0.7428856,140.0,91.0,0.73394865,155.0,92.0,0.75284827,134.0,92.0,0.68322897,164.0,108.0,0.7597642,125.0,108.0,0.751903,174.0,74.0,0.8123338,117.0,76.0,0.7732903,174.0,56.0,0.23681976,117.0,53.0,0.13373211,158.0,174.0,0.85894156,133.0,174.0,0.8089779,152.0,231.0,0.87418765,135.0,231.0,0.8969069,152.0,259.0,0.8143525,137.0,261.0,0.8835688,0,chair
chair/guy_chair076_flipped.jpg,155.0,95.0,0.5281036,159.0,91.0,0.639137,150.0,91.0,0.6818017,165.0,92.0,0.7614322,145.0,92.0,0.7428196,174.0,106.0,0.67522395,136.0,108.0,0.7941536,184.0,74.0,0.7754143,126.0,74.0,0.825321,185.0,55.0,0.3012214,127.0,53.0,0.13482863,167.0,173.0,0.8671853,142.0,174.0,0.7833321,164.0,228.0,0.6080579,147.0,231.0,0.8882387,164.0,259.0,0.68718165,148.0,260.0,0.88557726,0,chair
chair/guy_chair078.jpg,149.0,99.0,0.46095964,153.0,95.0,0.31882298,145.0,94.0,0.65841186,160.0,95.0,0.756419,140.0,95.0,0.70294344,170.0,110.0,0.7378855,130.0,111.0,0.68801266,180.0,76.0,0.699363,120.0,79.0,0.8265172,179.0,58.0,0.17829205,121.0,56.0,0.1766492,163.0,176.0,0.89169616,138.0,176.0,0.7518188,156.0,230.0,0.9297842,139.0,230.0,0.88467443,155.0,258.0,0.80519664,142.0,258.0,0.81521165,0,chair
chair/guy_chair082.jpg,160.0,109.0,0.77191746,165.0,104.0,0.87097186,156.0,103.0,0.6738328,171.0,105.0,0.78639036,150.0,104.0,0.836767,181.0,118.0,0.78206825,141.0,118.0,0.8491868,192.0,86.0,0.84918815,129.0,88.0,0.61583686,190.0,67.0,0.20524698,129.0,66.0,0.14435647,176.0,181.0,0.88663375,151.0,181.0,0.8004625,165.0,232.0,0.8536935,149.0,233.0,0.92508185,168.0,262.0,0.7040365,154.0,260.0,0.8134824,0,chair
chair/guy_chair082_flipped.jpg,141.0,108.0,0.6344098,144.0,103.0,0.60779434,135.0,104.0,0.8742683,149.0,103.0,0.7779281,128.0,103.0,0.81501466,158.0,116.0,0.7917339,119.0,120.0,0.78384894,171.0,88.0,0.615229,107.0,87.0,0.67982507,172.0,65.0,0.5099617,112.0,64.0,0.14923052,149.0,181.0,0.8494444,125.0,182.0,0.8116958,151.0,232.0,0.6817537,134.0,232.0,0.9456828,147.0,260.0,0.8252563,133.0,262.0,0.86641115,0,chair
chair/guy_chair085.jpg,167.0,117.0,0.8089016,172.0,112.0,0.7836621,163.0,112.0,0.7237077,179.0,111.0,0.83180594,158.0,111.0,0.6735762,190.0,124.0,0.77596974,150.0,125.0,0.8155801,201.0,95.0,0.8824156,137.0,94.0,0.8595618,197.0,75.0,0.26899657,137.0,73.0,0.115838155,186.0,185.0,0.9063982,161.0,184.0,0.8666658,173.0,233.0,0.89658463,156.0,234.0,0.92358834,176.0,263.0,0.84249735,163.0,262.0,0.91329265,0,chair
chair/guy_chair085_flipped.jpg,133.0,117.0,0.7815449,136.0,111.0,0.67817384,127.0,112.0,0.5671388,141.0,111.0,0.7318262,119.0,111.0,0.63599086,149.0,123.0,0.81707776,109.0,126.0,0.79883265,164.0,96.0,0.68140435,98.0,97.0,0.74362683,166.0,71.0,0.47667181,103.0,72.0,0.20254663,138.0,186.0,0.81046975,114.0,186.0,0.8050424,143.0,235.0,0.89400256,127.0,234.0,0.81923205,137.0,262.0,0.8557328,124.0,263.0,0.89356273,0,chair
chair/guy_chair087.jpg,171.0,123.0,0.80206937,176.0,118.0,0.71047413,167.0,117.0,0.67132795,184.0,116.0,0.5917411,163.0,115.0,0.7946433,196.0,127.0,0.82492954,155.0,129.0,0.8659808,206.0,101.0,0.7027568,140.0,100.0,0.712041,201.0,77.0,0.2615614,140.0,78.0,0.18347543,193.0,188.0,0.7356156,168.0,188.0,0.73009723,178.0,234.0,0.8208936,161.0,236.0,0.8902449,181.0,264.0,0.7758548,168.0,264.0,0.91020066,0,chair
chair/guy_chair087_flipped.jpg,127.0,123.0,0.7807585,131.0,117.0,0.81594104,122.0,117.0,0.4694248,135.0,115.0,0.70725715,115.0,115.0,0.7782399,144.0,127.0,0.6887307,103.0,129.0,0.6757542,159.0,101.0,0.8963018,93.0,102.0,0.7106925,161.0,74.0,0.8065505,99.0,74.0,0.820397,131.0,189.0,0.58680165,107.0,190.0,0.8106473,138.0,235.0,0.8992703,121.0,234.0,0.92915577,130.0,264.0,0.77711487,117.0,266.0,0.73549837,0,chair
chair/guy_chair088.jpg,173.0,125.0,0.77877843,179.0,120.0,0.763801,169.0,119.0,0.7608208,187.0,118.0,0.5577625,166.0,118.0,0.55736804,199.0,130.0,0.86211044,158.0,132.0,0.83938235,208.0,102.0,0.8139692,143.0,102.0,0.719584,203.0,80.0,0.30639562,143.0,80.0,0.2757891,197.0,192.0,0.8217157,171.0,192.0,0.8565544,181.0,234.0,0.8342671,163.0,237.0,0.8201506,184.0,266.0,0.792726,171.0,266.0,0.81211877,0,chair
chair/guy_chair088_flipped.jpg,126.0,125.0,0.78011703,130.0,120.0,0.7761002,121.0,120.0,0.7349109,133.0,117.0,0.69212717,113.0,117.0,0.7238867,142.0,128.0,0.63524324,101.0,130.0,0.7743347,156.0,103.0,0.8326678,92.0,103.0,0.6810171,159.0,76.0,0.7955858,98.0,77.0,0.5825902,128.0,191.0,0.6588645,104.0,191.0,0.81000006,136.0,235.0,0.8934506,119.0,233.0,0.92865336,127.0,266.0,0.83608127,114.0,267.0,0.7773423,0,chair
chair/guy_chair089.jpg,176.0,128.0,0.5869812,181.0,122.0,0.8679455,172.0,122.0,0.72858036,189.0,120.0,0.6670078,168.0,120.0,0.6458181,201.0,132.0,0.8151878,160.0,133.0,0.77636427,210.0,105.0,0.74378663,145.0,104.0,0.74274445,205.0,81.0,0.32581112,144.0,82.0,0.22690077,200.0,193.0,0.90229136,174.0,193.0,0.8410684,182.0,235.0,0.9280681,166.0,237.0,0.89633393,187.0,268.0,0.75084114,174.0,267.0,0.731688,0,chair
chair/guy_chair089_flipped.jpg,123.0,128.0,0.49994633,127.0,122.0,0.7285422,118.0,122.0,0.8897472,130.0,120.0,0.62958264,110.0,120.0,0.7302653,139.0,131.0,0.7985556,98.0,133.0,0.8689805,154.0,105.0,0.8402332,90.0,106.0,0.74241257,158.0,81.0,0.5296174,97.0,82.0,0.34575024,125.0,193.0,0.63022965,101.0,193.0,0.7887178,134.0,236.0,0.84011835,116.0,234.0,0.90402704,125.0,266.0,0.82550186,112.0,268.0,0.8023198,0,chair
chair/guy_chair090.jpg,178.0,130.0,0.8274944,183.0,124.0,0.60520107,174.0,124.0,0.70091015,192.0,123.0,0.80446184,171.0,122.0,0.7528902,204.0,135.0,0.78804594,163.0,135.0,0.7985287,212.0,108.0,0.5999018,148.0,106.0,0.8976694,206.0,85.0,0.2487851,146.0,85.0,0.15056874,204.0,194.0,0.8669217,177.0,194.0,0.7978606,185.0,235.0,0.89010304,168.0,237.0,0.7470244,189.0,271.0,0.7704901,176.0,268.0,0.9030152,0,chair
chair/guy_chair090_flipped.jpg,121.0,130.0,0.8141773,125.0,125.0,0.79786205,116.0,125.0,0.7752656,127.0,123.0,0.644706,108.0,122.0,0.8026144,136.0,133.0,0.65634775,96.0,135.0,0.78991765,152.0,108.0,0.89590144,88.0,109.0,0.764918,156.0,83.0,0.80357283,94.0,83.0,0.7256292,122.0,194.0,0.64096856,97.0,195.0,0.7683842,131.0,237.0,0.86319673,115.0,235.0,0.8430172,122.0,267.0,0.8198172,109.0,270.0,0.77570724,0,chair
chair/guy_chair092.jpg,181.0,133.0,0.81064653,186.0,127.0,0.6752663,177.0,127.0,0.63913345,195.0,126.0,0.7239748,174.0,125.0,0.74095416,207.0,138.0,0.87858814,167.0,138.0,0.6615583,213.0,113.0,0.7858708,151.0,110.0,0.84981066,208.0,89.0,0.44576114,147.0,88.0,0.21325316,210.0,197.0,0.8973849,183.0,197.0,0.80690354,188.0,237.0,0.8960938,171.0,237.0,0.8016424,193.0,273.0,0.73225856,180.0,271.0,0.7380086,0,chair
chair/guy_chair092_flipped.jpg,118.0,133.0,0.6401014,121.0,127.0,0.74417233,113.0,127.0,0.8679674,122.0,126.0,0.7087184,103.0,126.0,0.68256253,130.0,137.0,0.7099434,91.0,139.0,0.8281503,147.0,112.0,0.8898938,85.0,115.0,0.6330236,154.0,85.0,0.78525144,92.0,83.0,0.7422887,115.0,198.0,0.63204515,90.0,198.0,0.7377567,128.0,236.0,0.8629044,110.0,235.0,0.925293,118.0,268.0,0.8732462,104.0,272.0,0.6584599,0,chair
chair/guy_chair093.jpg,182.0,134.0,0.7734248,188.0,129.0,0.60878944,179.0,128.0,0.7449285,197.0,129.0,0.8332464,176.0,127.0,0.690375,209.0,141.0,0.78983307,169.0,140.0,0.8056508,214.0,116.0,0.90098107,151.0,111.0,0.6479312,209.0,90.0,0.76570946,148.0,89.0,0.32312685,213.0,198.0,0.9079491,185.0,199.0,0.6559182,190.0,237.0,0.8671138,173.0,237.0,0.7909179,195.0,274.0,0.78050244,183.0,271.0,0.9000984,0,chair
chair/guy_chair093_flipped.jpg,117.0,134.0,0.8122399,119.0,128.0,0.7399287,111.0,129.0,0.7597388,120.0,127.0,0.77682734,102.0,128.0,0.7394519,128.0,138.0,0.8240065,90.0,142.0,0.8276895,147.0,112.0,0.80153346,84.0,118.0,0.60813797,154.0,89.0,0.6384021,92.0,90.0,0.72433484,113.0,199.0,0.8049075,87.0,199.0,0.88458484,126.0,235.0,0.86751986,108.0,235.0,0.8648925,114.0,270.0,0.7486361,102.0,273.0,0.7243975,0,chair
chair/guy_chair096.jpg,185.0,138.0,0.56690973,191.0,133.0,0.8708895,182.0,132.0,0.7933543,201.0,132.0,0.85744447,182.0,131.0,0.72639954,214.0,146.0,0.8396218,175.0,143.0,0.6291382,217.0,123.0,0.84962374,153.0,118.0,0.6852716,210.0,98.0,0.71886325,147.0,98.0,0.31543204,220.0,202.0,0.8883847,193.0,203.0,0.8223156,194.0,239.0,0.9443319,177.0,239.0,0.8452572,201.0,278.0,0.6804136,187.0,274.0,0.78333896,0,chair
chair/guy_chair096_flipped.jpg,114.0,138.0,0.70897675,117.0,132.0,0.7726661,108.0,132.0,0.63106406,118.0,130.0,0.7142751,97.0,131.0,0.82849497,124.0,141.0,0.6943379,85.0,146.0,0.87588847,145.0,118.0,0.922345,81.0,123.0,0.80159354,154.0,89.0,0.8634451,89.0,94.0,0.8642387,106.0,201.0,0.72967255,79.0,202.0,0.80447274,123.0,235.0,0.9069387,105.0,239.0,0.8253859,109.0,274.0,0.59887624,98.0,278.0,0.63827515,0,chair
chair/guy_chair103.jpg,184.0,140.0,0.48592347,190.0,134.0,0.7617866,182.0,133.0,0.6344538,204.0,134.0,0.79959923,186.0,132.0,0.57772946,220.0,149.0,0.78882,181.0,150.0,0.6630739,211.0,124.0,0.65876603,154.0,121.0,0.85981846,201.0,101.0,0.60212123,144.0,99.0,0.23318173,232.0,207.0,0.9098803,204.0,206.0,0.7156415,196.0,244.0,0.8414423,179.0,241.0,0.8474434,207.0,286.0,0.7687012,194.0,281.0,0.8859897,0,chair
chair/guy_chair103_flipped.jpg,114.0,140.0,0.77719307,116.0,134.0,0.6100089,107.0,134.0,0.7840297,114.0,132.0,0.7404547,95.0,134.0,0.5357574,120.0,144.0,0.7349845,79.0,150.0,0.7789525,146.0,120.0,0.90742004,86.0,125.0,0.81735075,159.0,92.0,0.761786,100.0,96.0,0.84176743,95.0,204.0,0.67049193,67.0,206.0,0.7941177,121.0,240.0,0.9064732,102.0,243.0,0.922348,103.0,281.0,0.73757213,93.0,288.0,0.88616216,0,chair
chair/guy_chair104.jpg,184.0,139.0,0.78805065,190.0,134.0,0.5946312,181.0,132.0,0.82855135,204.0,134.0,0.6639873,185.0,131.0,0.7290369,219.0,148.0,0.7446251,180.0,146.0,0.6287893,210.0,124.0,0.5854862,153.0,120.0,0.7193731,197.0,94.0,0.6059866,141.0,95.0,0.5747412,234.0,207.0,0.8190756,205.0,206.0,0.7786616,194.0,244.0,0.62179327,178.0,241.0,0.7359749,207.0,287.0,0.80098134,195.0,281.0,0.7448689,0,chair
chair/guy_chair104_flipped.jpg,115.0,139.0,0.77812904,117.0,133.0,0.7092999,108.0,134.0,0.83030105,116.0,131.0,0.72894436,95.0,132.0,0.6407503,121.0,143.0,0.6773237,80.0,148.0,0.8801718,147.0,118.0,0.7055993,87.0,125.0,0.80931693,160.0,91.0,0.8623808,102.0,94.0,0.8066435,94.0,204.0,0.8428435,66.0,206.0,0.79877263,122.0,241.0,0.6930216,103.0,244.0,0.77414095,103.0,282.0,0.82129836,93.0,289.0,0.84172285,0,chair
chair/guy_chair105.jpg,181.0,139.0,0.76929355,188.0,133.0,0.76531315,179.0,132.0,0.64072883,202.0,134.0,0.77616346,183.0,131.0,0.56893957,217.0,149.0,0.76964617,178.0,147.0,0.6580498,208.0,123.0,0.72536856,153.0,119.0,0.84158444,196.0,96.0,0.7688578,142.0,97.0,0.26079103,234.0,208.0,0.9446344,205.0,207.0,0.74955976,194.0,245.0,0.71180236,177.0,241.0,0.7913237,206.0,287.0,0.88844275,195.0,282.0,0.91251826,0,chair
chair/guy_chair105_flipped.jpg,116.0,139.0,0.7330894,118.0,133.0,0.7455768,109.0,133.0,0.7823785,116.0,131.0,0.71196604,96.0,132.0,0.7250767,121.0,142.0,0.7187158,80.0,149.0,0.86923784,148.0,118.0,0.7768973,89.0,126.0,0.88932586,162.0,91.0,0.82170343,104.0,95.0,0.7015155,93.0,205.0,0.67076325,65.0,207.0,0.6131462,121.0,241.0,0.704481,105.0,245.0,0.9022544,102.0,282.0,0.73895705,94.0,289.0,0.8106141,0,chair
chair/guy_chair107.jpg,179.0,139.0,0.7156055,186.0,133.0,0.4965635,177.0,131.0,0.80576265,200.0,133.0,0.7370339,181.0,130.0,0.70538205,215.0,148.0,0.7280855,178.0,147.0,0.5826781,204.0,124.0,0.7480253,151.0,119.0,0.7807108,190.0,94.0,0.5815892,137.0,93.0,0.805599,235.0,209.0,0.8334249,206.0,207.0,0.7147703,191.0,246.0,0.6836648,174.0,241.0,0.70790523,206.0,288.0,0.8349842,194.0,283.0,0.9037318,0,chair
chair/guy_chair107_flipped.jpg,119.0,138.0,0.76203233,120.0,132.0,0.6212977,113.0,132.0,0.75304955,117.0,130.0,0.74262756,100.0,131.0,0.6935948,121.0,142.0,0.6682208,84.0,146.0,0.84865344,149.0,118.0,0.8300167,93.0,126.0,0.8737066,165.0,90.0,0.8477862,110.0,95.0,0.718349,92.0,206.0,0.7214343,66.0,209.0,0.8538059,124.0,242.0,0.7545148,107.0,246.0,0.88426864,103.0,283.0,0.8282127,93.0,290.0,0.8045448,0,chair
chair/guy_chair109.jpg,175.0,138.0,0.79575545,182.0,131.0,0.8062918,173.0,130.0,0.6648503,197.0,134.0,0.61034065,179.0,129.0,0.69586015,214.0,151.0,0.75086665,176.0,146.0,0.5983099,201.0,126.0,0.855464,148.0,118.0,0.71490663,184.0,93.0,0.6074874,133.0,91.0,0.7233515,234.0,209.0,0.8241295,206.0,208.0,0.6159838,189.0,246.0,0.84071314,172.0,240.0,0.6060089,204.0,287.0,0.8093297,193.0,283.0,0.91815645,0,chair
chair/guy_chair109_flipped.jpg,123.0,138.0,0.63018495,124.0,131.0,0.8749023,117.0,132.0,0.86384356,119.0,130.0,0.6231953,104.0,131.0,0.63251585,122.0,144.0,0.6463083,86.0,147.0,0.86091906,152.0,119.0,0.8836712,98.0,127.0,0.7831497,169.0,89.0,0.8183081,116.0,93.0,0.83476275,92.0,207.0,0.8147999,66.0,209.0,0.74057645,127.0,242.0,0.7849006,110.0,246.0,0.90371186,105.0,286.0,0.81426835,96.0,290.0,0.7157491,0,chair
chair/guy_chair112.jpg,169.0,136.0,0.69977045,175.0,130.0,0.72982055,168.0,129.0,0.65903485,190.0,131.0,0.78110725,174.0,128.0,0.528121,207.0,148.0,0.7383255,170.0,144.0,0.62607324,189.0,118.0,0.8137129,144.0,116.0,0.8799987,172.0,94.0,0.6299423,130.0,92.0,0.4647732,230.0,210.0,0.95038366,205.0,209.0,0.7082225,182.0,244.0,0.86280745,167.0,240.0,0.6943474,200.0,290.0,0.81066954,190.0,285.0,0.8637915,0,chair
chair/guy_chair112_flipped.jpg,130.0,136.0,0.62943983,131.0,130.0,0.7910575,124.0,131.0,0.85990816,125.0,129.0,0.630697,112.0,130.0,0.7791093,124.0,145.0,0.55666596,91.0,145.0,0.8393604,155.0,116.0,0.8795412,107.0,122.0,0.5362375,171.0,91.0,0.8588559,126.0,91.0,0.6234194,93.0,207.0,0.81591916,69.0,209.0,0.77676034,132.0,241.0,0.8843281,117.0,245.0,0.9388222,108.0,287.0,0.76362616,100.0,291.0,0.7874629,0,chair
chair/guy_chair113.jpg,166.0,135.0,0.7764036,173.0,129.0,0.7866539,166.0,128.0,0.77212954,188.0,131.0,0.6003153,172.0,128.0,0.69200087,206.0,149.0,0.71561635,169.0,143.0,0.636456,188.0,118.0,0.8674062,143.0,115.0,0.7186141,169.0,94.0,0.60211205,129.0,92.0,0.36104304,230.0,211.0,0.925252,204.0,209.0,0.7976755,180.0,244.0,0.79392153,165.0,241.0,0.8254745,199.0,290.0,0.8398011,189.0,285.0,0.88135827,0,chair
chair/guy_chair113_flipped.jpg,133.0,136.0,0.7324821,133.0,130.0,0.86983293,126.0,130.0,0.6821673,126.0,129.0,0.66284716,112.0,130.0,0.6603477,127.0,144.0,0.57608366,92.0,147.0,0.83948416,156.0,117.0,0.8125015,109.0,123.0,0.7224302,174.0,90.0,0.8454072,132.0,91.0,0.7929384,95.0,207.0,0.69708586,70.0,210.0,0.85265094,134.0,241.0,0.917553,119.0,244.0,0.9157803,110.0,287.0,0.8384414,102.0,291.0,0.7703222,0,chair
chair/guy_chair115.jpg,162.0,135.0,0.7796994,168.0,129.0,0.7265325,162.0,128.0,0.7206714,184.0,130.0,0.76222175,171.0,128.0,0.5878167,204.0,150.0,0.61470425,168.0,144.0,0.7482825,181.0,118.0,0.7705419,139.0,114.0,0.7445398,162.0,92.0,0.64169484,126.0,92.0,0.4012364,227.0,211.0,0.96219665,202.0,209.0,0.87862444,175.0,245.0,0.8730132,161.0,239.0,0.8775454,196.0,288.0,0.817849,185.0,284.0,0.8830689,0,chair
chair/guy_chair115_flipped.jpg,137.0,134.0,0.77300787,138.0,128.0,0.6643219,130.0,129.0,0.80000377,131.0,128.0,0.5567634,117.0,128.0,0.80585337,130.0,142.0,0.68800724,97.0,145.0,0.8626254,160.0,113.0,0.9067712,117.0,120.0,0.558105,177.0,90.0,0.65971094,137.0,90.0,0.658537,95.0,206.0,0.7760916,72.0,209.0,0.8621568,138.0,238.0,0.92190695,125.0,244.0,0.94308704,112.0,284.0,0.71246505,104.0,289.0,0.8204363,0,chair
chair/guy_chair116.jpg,159.0,134.0,0.6827126,166.0,129.0,0.8336626,160.0,128.0,0.7102483,181.0,130.0,0.75391257,170.0,128.0,0.6650567,201.0,149.0,0.6497063,167.0,144.0,0.7622253,179.0,118.0,0.6960767,140.0,115.0,0.580447,157.0,90.0,0.6499196,123.0,88.0,0.5347668,226.0,210.0,0.9453286,202.0,208.0,0.8682167,172.0,244.0,0.80200315,159.0,238.0,0.83467764,195.0,289.0,0.8503018,184.0,285.0,0.87799716,0,chair
chair/guy_chair116_flipped.jpg,139.0,133.0,0.68092155,139.0,127.0,0.8433542,133.0,127.0,0.79800856,132.0,127.0,0.6560384,119.0,128.0,0.7210597,132.0,142.0,0.7129728,98.0,146.0,0.8735182,162.0,114.0,0.8963132,121.0,119.0,0.68621784,178.0,91.0,0.6643181,140.0,91.0,0.5997803,97.0,206.0,0.619357,73.0,209.0,0.8742683,141.0,238.0,0.89222133,127.0,244.0,0.79822063,114.0,285.0,0.8322411,106.0,289.0,0.8697191,0,chair
chair/guy_chair118.jpg,154.0,133.0,0.7848128,160.0,127.0,0.6060749,155.0,126.0,0.5068252,175.0,128.0,0.7297672,166.0,126.0,0.7558727,196.0,147.0,0.73859495,163.0,143.0,0.76903886,172.0,113.0,0.6540286,137.0,115.0,0.7229676,149.0,91.0,0.6485608,120.0,90.0,0.42486033,223.0,210.0,0.9014413,200.0,206.0,0.8370985,167.0,242.0,0.7534628,155.0,236.0,0.739902,191.0,288.0,0.8804246,182.0,284.0,0.76384073,0,chair
chair/guy_chair118_flipped.jpg,144.0,131.0,0.73857194,144.0,126.0,0.5471538,138.0,126.0,0.73493856,135.0,126.0,0.52448785,124.0,127.0,0.58715314,134.0,142.0,0.5571322,104.0,143.0,0.8876786,165.0,113.0,0.8124944,133.0,112.0,0.6637548,182.0,88.0,0.7648808,148.0,89.0,0.55682,99.0,205.0,0.73446953,76.0,209.0,0.8774986,145.0,235.0,0.8424532,132.0,243.0,0.9032804,117.0,283.0,0.73522425,110.0,288.0,0.90365726,0,chair
chair/guy_chair121.jpg,147.0,130.0,0.65187484,152.0,125.0,0.7384448,149.0,124.0,0.7732602,167.0,126.0,0.68796,161.0,124.0,0.60228,191.0,147.0,0.81226605,161.0,143.0,0.65912324,166.0,114.0,0.600129,136.0,114.0,0.31397387,138.0,90.0,0.7917719,115.0,88.0,0.41125566,216.0,209.0,0.8799986,195.0,205.0,0.8807938,159.0,240.0,0.83548105,147.0,232.0,0.81693375,185.0,285.0,0.68464655,175.0,280.0,0.9261247,0,chair
chair/guy_chair121_flipped.jpg,150.0,130.0,0.753814,149.0,124.0,0.8157308,146.0,124.0,0.8197268,139.0,124.0,0.80661273,132.0,124.0,0.82676935,137.0,143.0,0.5898404,110.0,142.0,0.8816964,167.0,113.0,0.8206729,135.0,115.0,0.548055,183.0,90.0,0.6608883,157.0,89.0,0.7266654,102.0,204.0,0.8213585,80.0,208.0,0.7357794,150.0,233.0,0.8327616,138.0,238.0,0.8197688,121.0,279.0,0.7953921,114.0,286.0,0.88031286,0,chair
chair/guy_chair122.jpg,145.0,128.0,0.6080797,149.0,123.0,0.5260571,147.0,122.0,0.59711313,164.0,125.0,0.7426877,160.0,123.0,0.72836214,187.0,144.0,0.8160853,158.0,140.0,0.74578977,163.0,111.0,0.51974773,128.0,109.0,0.78886735,135.0,88.0,0.7492833,114.0,85.0,0.44923642,215.0,208.0,0.8462059,193.0,203.0,0.8662673,157.0,237.0,0.886502,146.0,230.0,0.8966824,184.0,284.0,0.81791466,174.0,279.0,0.7668452,0,chair
chair/guy_chair122_flipped.jpg,153.0,128.0,0.70897925,152.0,123.0,0.8013836,149.0,123.0,0.80669105,141.0,123.0,0.77844733,135.0,123.0,0.7827826,139.0,142.0,0.6560048,114.0,140.0,0.87375236,170.0,110.0,0.8403654,140.0,111.0,0.4773456,188.0,87.0,0.76952386,161.0,86.0,0.5697491,104.0,203.0,0.7913775,83.0,208.0,0.75381577,153.0,231.0,0.7492049,142.0,239.0,0.928376,123.0,278.0,0.7816259,117.0,284.0,0.9320156,0,chair
chair/guy_chair124.jpg,141.0,128.0,0.7043656,145.0,124.0,0.63874924,143.0,123.0,0.59009564,160.0,124.0,0.77665526,157.0,123.0,0.70315754,184.0,143.0,0.85039026,157.0,140.0,0.7381065,155.0,109.0,0.57814527,126.0,106.0,0.6576847,130.0,88.0,0.7325515,112.0,85.0,0.38479254,211.0,206.0,0.946084,190.0,201.0,0.86951864,152.0,236.0,0.7868462,142.0,228.0,0.86996806,181.0,283.0,0.8876815,172.0,277.0,0.8288996,0,chair
chair/guy_chair124_flipped.jpg,157.0,127.0,0.7598218,156.0,121.0,0.7130917,153.0,122.0,0.7705852,146.0,121.0,0.61694264,139.0,122.0,0.77842414,143.0,139.0,0.6700201,119.0,138.0,0.85456324,172.0,108.0,0.77819633,144.0,112.0,0.4143482,190.0,83.0,0.76122576,167.0,84.0,0.48856804,107.0,202.0,0.77790093,87.0,206.0,0.59523714,156.0,229.0,0.77759594,147.0,236.0,0.9018148,126.0,276.0,0.86052907,120.0,282.0,0.92009944,0,chair
chair/guy_chair125.jpg,140.0,128.0,0.53217554,144.0,123.0,0.39632806,142.0,122.0,0.5270351,158.0,123.0,0.6953176,154.0,122.0,0.6455337,182.0,141.0,0.880702,155.0,139.0,0.7115357,154.0,110.0,0.5158479,124.0,104.0,0.691727,129.0,88.0,0.5890355,120.0,92.0,0.15200563,209.0,205.0,0.95169944,188.0,200.0,0.8857895,150.0,235.0,0.7470519,140.0,227.0,0.83618474,178.0,282.0,0.6134554,170.0,275.0,0.6527293,0,chair
chair/guy_chair125_flipped.jpg,158.0,126.0,0.7173432,156.0,120.0,0.66772544,154.0,121.0,0.71706754,144.0,120.0,0.6195808,138.0,121.0,0.74664867,142.0,138.0,0.7051914,117.0,138.0,0.8931553,167.0,110.0,0.5693299,149.0,110.0,0.5104177,191.0,82.0,0.74086976,171.0,83.0,0.28683317,107.0,200.0,0.6970362,88.0,205.0,0.8063208,157.0,228.0,0.91459227,148.0,235.0,0.9219157,128.0,275.0,0.8354044,121.0,281.0,0.90696317,0,chair
chair/guy_chair126.jpg,138.0,127.0,0.69282067,142.0,122.0,0.64101917,140.0,122.0,0.64497447,155.0,122.0,0.66741765,152.0,122.0,0.7129282,179.0,139.0,0.8509305,154.0,139.0,0.7085854,150.0,109.0,0.6205213,121.0,102.0,0.7535362,127.0,87.0,0.47099516,121.0,86.0,0.2080694,208.0,204.0,0.8526877,187.0,199.0,0.87795,147.0,234.0,0.8700272,139.0,225.0,0.7756998,177.0,281.0,0.83977985,169.0,274.0,0.8536506,0,chair
chair/guy_chair126_flipped.jpg,160.0,126.0,0.64759326,158.0,121.0,0.6258549,157.0,121.0,0.55175185,146.0,120.0,0.7002126,143.0,120.0,0.70374626,141.0,137.0,0.50778466,121.0,137.0,0.8178779,164.0,111.0,0.46588185,151.0,110.0,0.49323526,191.0,83.0,0.6715858,175.0,85.0,0.26063043,107.0,200.0,0.6641418,90.0,205.0,0.6544926,159.0,226.0,0.8764124,150.0,233.0,0.88275874,130.0,272.0,0.83874214,124.0,279.0,0.89842224,0,chair
chair/guy_chair127.jpg,138.0,125.0,0.47040334,142.0,120.0,0.6412387,139.0,120.0,0.49948543,154.0,121.0,0.6591358,150.0,120.0,0.7223021,177.0,137.0,0.8392645,153.0,136.0,0.69076157,147.0,109.0,0.6306974,133.0,111.0,0.26839912,123.0,87.0,0.4617885,117.0,94.0,0.19928095,206.0,203.0,0.84662855,187.0,198.0,0.8972635,145.0,232.0,0.8914915,138.0,223.0,0.81087655,176.0,280.0,0.86775035,168.0,272.0,0.8658617,0,chair
chair/guy_chair127_flipped.jpg,161.0,124.0,0.7165004,159.0,119.0,0.5928035,158.0,119.0,0.6675211,146.0,119.0,0.6152141,143.0,119.0,0.7926471,145.0,137.0,0.75728416,123.0,135.0,0.85412544,166.0,112.0,0.470311,154.0,110.0,0.5806377,188.0,84.0,0.37765077,178.0,85.0,0.13442041,109.0,199.0,0.6268123,91.0,204.0,0.8517016,161.0,224.0,0.7468653,151.0,233.0,0.85062784,130.0,272.0,0.81793046,124.0,278.0,0.8979074,0,chair
chair/guy_chair131.jpg,130.0,121.0,0.5884601,134.0,116.0,0.5898945,132.0,115.0,0.6316881,148.0,117.0,0.7660023,146.0,115.0,0.7106693,170.0,133.0,0.8699339,150.0,132.0,0.71715045,136.0,104.0,0.6142818,131.0,106.0,0.33948448,117.0,83.0,0.20188697,108.0,81.0,0.47771096,201.0,200.0,0.9364467,185.0,195.0,0.89571375,140.0,227.0,0.8231308,133.0,218.0,0.6627198,169.0,274.0,0.7084452,163.0,266.0,0.88486385,0,chair
chair/guy_chair131_flipped.jpg,169.0,122.0,0.6501986,167.0,116.0,0.7716226,166.0,117.0,0.7314363,153.0,115.0,0.7448894,152.0,116.0,0.8236152,147.0,132.0,0.5924336,131.0,131.0,0.8609275,168.0,108.0,0.5199887,162.0,106.0,0.4791049,193.0,79.0,0.5636812,190.0,76.0,0.24177755,114.0,194.0,0.5961202,97.0,200.0,0.8591751,166.0,219.0,0.7415371,159.0,228.0,0.80963004,135.0,266.0,0.7767127,131.0,274.0,0.70921755,0,chair
chair/guy_chair133.jpg,129.0,120.0,0.58700323,131.0,114.0,0.6185447,130.0,114.0,0.69795537,144.0,115.0,0.76942915,143.0,114.0,0.71088606,166.0,130.0,0.9127081,150.0,130.0,0.5807725,133.0,104.0,0.6141908,129.0,105.0,0.3504206,107.0,77.0,0.41127846,104.0,75.0,0.542647,198.0,197.0,0.94419837,183.0,193.0,0.889556,137.0,223.0,0.8255465,131.0,215.0,0.7326896,167.0,271.0,0.7759535,160.0,263.0,0.91028506,0,chair
chair/guy_chair133_flipped.jpg,169.0,120.0,0.4961646,168.0,114.0,0.6740972,166.0,114.0,0.6523576,154.0,113.0,0.61010766,153.0,113.0,0.78132457,147.0,129.0,0.81020904,134.0,128.0,0.8639928,169.0,106.0,0.5054865,164.0,105.0,0.40311125,194.0,78.0,0.62435544,192.0,77.0,0.2724253,115.0,192.0,0.5888486,99.0,197.0,0.76544505,168.0,215.0,0.8373556,162.0,224.0,0.8756702,137.0,263.0,0.8244302,133.0,270.0,0.807652,0,chair
chair/guy_chair134.jpg,128.0,120.0,0.5586779,130.0,114.0,0.64600027,129.0,114.0,0.7099725,141.0,114.0,0.6992497,142.0,113.0,0.7420045,164.0,129.0,0.91148573,151.0,129.0,0.72426355,129.0,104.0,0.5002866,127.0,106.0,0.2504122,104.0,76.0,0.48506698,104.0,74.0,0.51929045,198.0,197.0,0.9250374,183.0,192.0,0.8848245,136.0,222.0,0.880277,130.0,214.0,0.8252841,167.0,270.0,0.8465872,161.0,263.0,0.8566341,0,chair
chair/guy_chair134_flipped.jpg,171.0,118.0,0.6125599,169.0,113.0,0.8098125,168.0,113.0,0.7432208,154.0,112.0,0.7491966,154.0,112.0,0.85700095,148.0,129.0,0.6985262,135.0,128.0,0.8792543,172.0,107.0,0.36492264,167.0,104.0,0.5262807,196.0,75.0,0.6399634,195.0,74.0,0.592729,115.0,192.0,0.74743867,99.0,197.0,0.6721612,168.0,215.0,0.89613724,162.0,224.0,0.7563995,137.0,263.0,0.77241415,133.0,270.0,0.7110651,0,chair
chair/guy_chair136.jpg,128.0,115.0,0.666793,131.0,110.0,0.5152623,130.0,110.0,0.5246643,143.0,111.0,0.53844357,142.0,110.0,0.6325409,164.0,127.0,0.87390125,148.0,127.0,0.6908585,128.0,101.0,0.6660178,126.0,99.0,0.4636609,104.0,74.0,0.33591813,101.0,73.0,0.6108456,196.0,194.0,0.9403771,181.0,190.0,0.87219936,135.0,219.0,0.8566468,130.0,212.0,0.8438956,164.0,267.0,0.76843643,159.0,260.0,0.85950553,0,chair
chair/guy_chair136_flipped.jpg,173.0,114.0,0.70928276,170.0,108.0,0.75488746,169.0,108.0,0.6424241,155.0,108.0,0.6833464,155.0,109.0,0.81539154,151.0,128.0,0.7180081,136.0,125.0,0.9120808,175.0,101.0,0.45609424,170.0,101.0,0.4766608,199.0,73.0,0.5570971,197.0,71.0,0.63697803,115.0,189.0,0.77709776,101.0,194.0,0.7467059,170.0,213.0,0.82274127,164.0,222.0,0.81316674,140.0,260.0,0.81983304,135.0,268.0,0.7847863,0,chair
chair/guy_chair138.jpg,127.0,111.0,0.6789038,130.0,105.0,0.7395662,129.0,105.0,0.49900815,142.0,107.0,0.54855454,141.0,106.0,0.6672599,162.0,122.0,0.8724909,144.0,124.0,0.79137325,127.0,96.0,0.66503286,125.0,96.0,0.48523003,104.0,70.0,0.34659407,102.0,69.0,0.6862229,195.0,190.0,0.9456214,179.0,187.0,0.89631677,134.0,217.0,0.877918,129.0,210.0,0.83628297,163.0,266.0,0.81258523,158.0,259.0,0.8147329,0,chair
chair/guy_chair138_flipped.jpg,174.0,110.0,0.530934,170.0,104.0,0.6288248,170.0,104.0,0.66570604,156.0,104.0,0.66054815,156.0,104.0,0.7932155,150.0,123.0,0.6289592,139.0,120.0,0.89968127,176.0,97.0,0.4731589,172.0,97.0,0.49818507,199.0,67.0,0.8006746,198.0,66.0,0.38141945,117.0,185.0,0.78282547,104.0,190.0,0.78064984,170.0,210.0,0.8247063,165.0,219.0,0.87747246,140.0,258.0,0.7893802,136.0,265.0,0.83912265,0,chair
chair/guy_chair140.jpg,127.0,102.0,0.5972495,131.0,97.0,0.70873,130.0,96.0,0.6995429,144.0,99.0,0.52286863,143.0,98.0,0.64214945,161.0,116.0,0.7722042,145.0,116.0,0.5670525,128.0,91.0,0.6064478,124.0,91.0,0.44155705,103.0,61.0,0.4291956,101.0,59.0,0.66925716,191.0,187.0,0.87195724,176.0,184.0,0.86559486,132.0,216.0,0.8613534,127.0,209.0,0.8868546,162.0,263.0,0.82234573,158.0,258.0,0.7340677,0,chair
chair/guy_chair140_flipped.jpg,171.0,103.0,0.6141867,168.0,97.0,0.7308568,167.0,97.0,0.70228684,154.0,96.0,0.7657511,155.0,98.0,0.7029017,149.0,116.0,0.63731766,137.0,113.0,0.71728814,177.0,89.0,0.5654352,171.0,91.0,0.39866272,199.0,60.0,0.72074467,198.0,59.0,0.68237454,118.0,181.0,0.82080466,106.0,186.0,0.88969314,172.0,209.0,0.8285362,167.0,217.0,0.91568327,141.0,255.0,0.8189364,138.0,263.0,0.84899026,0,chair
chair/guy_chair145.jpg,134.0,77.0,0.5656314,137.0,71.0,0.54851353,137.0,71.0,0.59534204,149.0,76.0,0.6619959,149.0,75.0,0.6182598,161.0,94.0,0.7224238,153.0,94.0,0.7847717,129.0,69.0,0.6412908,128.0,69.0,0.6611948,105.0,36.0,0.59646356,107.0,34.0,0.69588983,179.0,172.0,0.8714807,173.0,171.0,0.87066096,129.0,210.0,0.67861885,124.0,205.0,0.7741066,160.0,258.0,0.74777484,156.0,255.0,0.5497654,0,chair
chair/guy_chair145_flipped.jpg,164.0,78.0,0.44448388,161.0,72.0,0.7650518,161.0,72.0,0.7585144,149.0,75.0,0.72697103,149.0,76.0,0.79687065,147.0,95.0,0.5644057,136.0,93.0,0.80100036,172.0,68.0,0.60071564,168.0,67.0,0.6644065,193.0,37.0,0.80425256,191.0,35.0,0.70386064,128.0,168.0,0.6633526,116.0,170.0,0.83068264,177.0,205.0,0.7138567,172.0,211.0,0.7177675,143.0,253.0,0.8589503,140.0,259.0,0.8298013,0,chair
chair/guy_chair149.jpg,139.0,62.0,0.6314038,141.0,57.0,0.70907605,142.0,57.0,0.6908389,153.0,61.0,0.58384824,155.0,59.0,0.5833618,163.0,83.0,0.68120825,157.0,82.0,0.84415853,132.0,49.0,0.55168223,132.0,50.0,0.42215893,114.0,14.0,0.6169852,115.0,14.0,0.61496687,171.0,162.0,0.79345,165.0,161.0,0.87812364,128.0,209.0,0.72149897,122.0,205.0,0.8140157,159.0,257.0,0.8123331,154.0,250.0,0.67354137,0,chair
chair/guy_chair149_flipped.jpg,161.0,63.0,0.66619134,156.0,58.0,0.7329149,156.0,58.0,0.7172464,143.0,62.0,0.67216384,144.0,63.0,0.8125526,144.0,83.0,0.65676624,134.0,82.0,0.84757185,167.0,51.0,0.6470866,164.0,50.0,0.6330435,184.0,16.0,0.6397572,181.0,14.0,0.74112093,138.0,160.0,0.7867576,126.0,162.0,0.85358554,178.0,205.0,0.84633803,172.0,209.0,0.89804757,144.0,252.0,0.7825011,140.0,256.0,0.69612205,0,chair
cobra/girl1_cobra059_flipped.jpg,198.0,72.0,0.740214,207.0,61.0,0.6449595,186.0,59.0,0.6517912,213.0,65.0,0.395778,161.0,62.0,0.7194469,212.0,117.0,0.8467163,129.0,117.0,0.5353615,207.0,169.0,0.4819934,99.0,168.0,0.6375689,250.0,141.0,0.5465767,30.0,163.0,0.6721621,167.0,225.0,0.47782698,125.0,215.0,0.4107396,146.0,189.0,0.2522155,100.0,191.0,0.20955811,107.0,200.0,0.19749688,94.0,194.0,0.30633733,1,cobra
cobra/girl1_cobra073.jpg,59.0,72.0,0.67580295,73.0,59.0,0.84798884,54.0,61.0,0.7194025,105.0,62.0,0.84200114,56.0,64.0,0.18765584,145.0,114.0,0.51267743,69.0,116.0,0.5811324,187.0,164.0,0.70176196,84.0,155.0,0.39638546,255.0,162.0,0.67060256,53.0,136.0,0.48390314,165.0,208.0,0.59353197,137.0,203.0,0.25748685,208.0,188.0,0.29770032,193.0,180.0,0.1318041,229.0,181.0,0.17376831,214.0,185.0,0.20710719,1,cobra
cobra/girl1_cobra078.jpg,47.0,73.0,0.67369294,60.0,60.0,0.5474416,41.0,63.0,0.6639204,93.0,62.0,0.6306448,43.0,66.0,0.13916707,139.0,116.0,0.73817813,56.0,120.0,0.51228005,180.0,163.0,0.81210566,81.0,157.0,0.29227328,246.0,163.0,0.45970657,54.0,134.0,0.27345774,168.0,206.0,0.40168926,144.0,200.0,0.326453,208.0,187.0,0.34557995,207.0,183.0,0.16735792,228.0,183.0,0.16754073,246.0,165.0,0.25802633,1,cobra
cobra/girl1_cobra087_flipped.jpg,270.0,77.0,0.69110805,275.0,67.0,0.6720967,260.0,65.0,0.5552007,269.0,67.0,0.13144456,225.0,64.0,0.57752293,243.0,121.0,0.530617,176.0,115.0,0.61018,204.0,177.0,0.122013345,127.0,164.0,0.84607923,130.0,162.0,0.20148875,66.0,165.0,0.613291,175.0,200.0,0.50736696,140.0,194.0,0.4241775,109.0,189.0,0.37128016,86.0,186.0,0.5480465,62.0,176.0,0.46807712,63.0,170.0,0.51210773,1,cobra
cobra/girl1_cobra110_flipped.jpg,282.0,90.0,0.7238338,285.0,79.0,0.63418114,272.0,79.0,0.59176064,277.0,80.0,0.105952844,239.0,81.0,0.6916795,251.0,128.0,0.5168698,190.0,129.0,0.6264708,226.0,176.0,0.12344284,135.0,174.0,0.7687293,227.0,204.0,0.18778753,80.0,179.0,0.46667477,171.0,211.0,0.38300842,144.0,198.0,0.3140634,94.0,209.0,0.3388569,81.0,198.0,0.21807705,70.0,195.0,0.35581237,71.0,192.0,0.20719221,1,cobra
cobra/girl1_cobra119_flipped.jpg,275.0,88.0,0.74175817,275.0,77.0,0.68344593,263.0,78.0,0.76526713,261.0,81.0,0.12596512,229.0,86.0,0.7321834,255.0,135.0,0.8026471,183.0,132.0,0.840744,232.0,171.0,0.5586133,127.0,181.0,0.84411424,202.0,184.0,0.10658034,76.0,189.0,0.6558272,174.0,216.0,0.38835472,140.0,203.0,0.40889162,112.0,220.0,0.59676415,92.0,219.0,0.4082949,71.0,201.0,0.2788355,71.0,200.0,0.3074691,1,cobra
cobra/girl1_cobra122_flipped.jpg,271.0,87.0,0.7981112,271.0,76.0,0.683254,259.0,78.0,0.8420862,257.0,81.0,0.2043191,226.0,85.0,0.8543134,255.0,133.0,0.6759037,179.0,131.0,0.792276,230.0,169.0,0.74150026,124.0,180.0,0.9205461,234.0,172.0,0.148284,74.0,189.0,0.6551101,169.0,216.0,0.448818,135.0,204.0,0.49781352,108.0,221.0,0.7927516,85.0,219.0,0.5189857,68.0,201.0,0.4027989,69.0,200.0,0.33821464,1,cobra
cobra/girl1_cobra129_flipped.jpg,275.0,121.0,0.6634904,277.0,112.0,0.5222579,265.0,110.0,0.7889718,265.0,110.0,0.25283507,232.0,109.0,0.86046314,238.0,146.0,0.38787648,182.0,141.0,0.48637378,209.0,174.0,0.28952616,120.0,168.0,0.80900526,178.0,186.0,0.13127121,82.0,174.0,0.27133498,156.0,193.0,0.56419647,127.0,189.0,0.6341915,93.0,194.0,0.4443923,63.0,200.0,0.8591069,60.0,185.0,0.31206787,25.0,188.0,0.72858,1,cobra
cobra/girl1_cobra137.jpg,20.0,182.0,0.68067193,24.0,171.0,0.8184766,17.0,172.0,0.63124526,53.0,158.0,0.49022204,33.0,163.0,0.19355161,100.0,169.0,0.27007276,59.0,160.0,0.38064915,165.0,150.0,0.45174506,100.0,141.0,0.25586554,191.0,165.0,0.22974725,54.0,133.0,0.15745378,161.0,187.0,0.7277452,139.0,184.0,0.6099185,221.0,184.0,0.47160292,195.0,183.0,0.1808424,277.0,176.0,0.70835054,246.0,173.0,0.13636193,1,cobra
cobra/girl1_cobra137_flipped.jpg,279.0,183.0,0.64700687,282.0,173.0,0.57015806,274.0,171.0,0.870481,266.0,164.0,0.5902277,245.0,159.0,0.7305877,239.0,158.0,0.60077894,202.0,168.0,0.50315374,226.0,143.0,0.21943879,132.0,149.0,0.6497398,252.0,123.0,0.4054143,106.0,169.0,0.13424411,153.0,181.0,0.48899496,126.0,186.0,0.6912873,119.0,174.0,0.30012357,74.0,188.0,0.7760509,96.0,165.0,0.19311996,26.0,175.0,0.7909218,1,cobra
cobra/girl1_cobra140_flipped.jpg,275.0,181.0,0.74942815,278.0,172.0,0.63370466,271.0,170.0,0.6055414,261.0,162.0,0.4274829,244.0,158.0,0.7425159,235.0,154.0,0.5088166,200.0,164.0,0.5076651,215.0,138.0,0.179726,133.0,144.0,0.4507366,247.0,124.0,0.31415367,107.0,164.0,0.16105157,151.0,172.0,0.47634193,128.0,176.0,0.5826857,112.0,170.0,0.24615555,73.0,180.0,0.5617552,67.0,160.0,0.34633055,31.0,168.0,0.52718246,1,cobra
cobra/girl2_cobra030.jpg,41.0,174.0,0.33644184,42.0,171.0,0.4159491,42.0,170.0,0.27537447,50.0,172.0,0.43056396,57.0,169.0,0.17093651,62.0,189.0,0.40939736,83.0,181.0,0.5416013,84.0,198.0,0.44415998,110.0,192.0,0.24380414,49.0,197.0,0.4701358,123.0,192.0,0.62064385,112.0,217.0,0.43999058,119.0,209.0,0.46869233,172.0,224.0,0.33829606,173.0,222.0,0.47448152,207.0,220.0,0.13317381,208.0,219.0,0.20668106,1,cobra
cobra/girl2_cobra030_flipped.jpg,261.0,176.0,0.5141217,259.0,171.0,0.56150395,260.0,172.0,0.4821204,249.0,170.0,0.6797693,252.0,172.0,0.56124973,224.0,181.0,0.57849944,239.0,189.0,0.6069581,199.0,190.0,0.51443756,213.0,200.0,0.7557383,177.0,190.0,0.50841904,250.0,198.0,0.6239774,183.0,207.0,0.7200064,188.0,217.0,0.8029617,126.0,219.0,0.73040354,128.0,228.0,0.7511844,87.0,220.0,0.4533411,85.0,225.0,0.15743807,1,cobra
cobra/girl2_cobra033.jpg,47.0,170.0,0.31653702,46.0,168.0,0.33827218,49.0,166.0,0.22379853,52.0,171.0,0.47286233,64.0,166.0,0.42057145,65.0,188.0,0.6824806,89.0,180.0,0.7663439,85.0,203.0,0.5904988,119.0,195.0,0.8157136,49.0,199.0,0.6677747,134.0,183.0,0.6747314,113.0,220.0,0.75802237,120.0,214.0,0.59591204,165.0,227.0,0.3824332,168.0,224.0,0.5043528,213.0,225.0,0.3748664,212.0,223.0,0.4597459,1,cobra
cobra/girl2_cobra035.jpg,49.0,168.0,0.23809692,48.0,165.0,0.3181995,51.0,164.0,0.23362653,53.0,167.0,0.5209656,66.0,165.0,0.41840613,67.0,184.0,0.61548185,89.0,179.0,0.5811364,85.0,202.0,0.7519568,120.0,195.0,0.75607806,48.0,199.0,0.60084987,137.0,182.0,0.50075424,113.0,221.0,0.68286586,121.0,214.0,0.5694162,168.0,227.0,0.33211723,169.0,223.0,0.37980753,213.0,228.0,0.2027245,212.0,224.0,0.38369587,1,cobra
cobra/girl2_cobra040.jpg,55.0,162.0,0.30080837,54.0,159.0,0.32737592,56.0,159.0,0.24905261,60.0,160.0,0.5085795,75.0,159.0,0.32482007,69.0,178.0,0.6862148,95.0,179.0,0.514089,81.0,203.0,0.8118626,124.0,198.0,0.5656102,49.0,202.0,0.7623701,145.0,184.0,0.6539055,111.0,222.0,0.30860782,123.0,218.0,0.26392505,158.0,229.0,0.21561524,156.0,228.0,0.29178345,197.0,225.0,0.18311927,196.0,225.0,0.13409342,1,cobra
cobra/girl2_cobra040_flipped.jpg,243.0,164.0,0.5181705,241.0,159.0,0.48039758,243.0,160.0,0.5038333,230.0,158.0,0.5488604,239.0,161.0,0.6300633,205.0,175.0,0.89620465,231.0,176.0,0.7523749,176.0,196.0,0.74827397,217.0,203.0,0.89906466,155.0,184.0,0.7589129,251.0,203.0,0.7802139,182.0,211.0,0.84116787,193.0,218.0,0.842632,138.0,226.0,0.56787395,143.0,231.0,0.634098,103.0,227.0,0.24485487,102.0,226.0,0.15093048,1,cobra
cobra/girl2_cobra041.jpg,56.0,162.0,0.2784572,56.0,159.0,0.42302603,58.0,159.0,0.24392875,62.0,160.0,0.42400292,77.0,159.0,0.32086137,70.0,178.0,0.6445717,96.0,179.0,0.5367112,81.0,203.0,0.79373026,125.0,199.0,0.68466437,49.0,204.0,0.75420654,146.0,185.0,0.54139084,111.0,220.0,0.33016208,122.0,217.0,0.3857897,157.0,230.0,0.19550537,158.0,228.0,0.32469243,204.0,227.0,0.21888338,203.0,231.0,0.22895284,1,cobra
cobra/girl2_cobra041_flipped.jpg,243.0,163.0,0.26920754,240.0,159.0,0.18367597,243.0,160.0,0.34768337,221.0,159.0,0.49127558,239.0,162.0,0.41313532,206.0,176.0,0.7601692,229.0,178.0,0.66858006,176.0,197.0,0.53105366,219.0,203.0,0.52189624,153.0,185.0,0.65339214,250.0,204.0,0.6287944,180.0,211.0,0.52398103,192.0,219.0,0.62066376,143.0,226.0,0.3903895,145.0,230.0,0.3054662,105.0,230.0,0.15131488,103.0,230.0,0.12420169,1,cobra
cobra/girl2_cobra042.jpg,57.0,163.0,0.28468445,57.0,160.0,0.33373162,58.0,159.0,0.21790883,63.0,161.0,0.43236437,79.0,159.0,0.27825212,72.0,177.0,0.71855605,98.0,179.0,0.5382264,80.0,203.0,0.85951227,126.0,199.0,0.5603136,48.0,204.0,0.7021612,148.0,186.0,0.56243277,113.0,220.0,0.28629166,125.0,216.0,0.22102517,156.0,230.0,0.24237205,157.0,228.0,0.32381704,203.0,229.0,0.18631475,203.0,235.0,0.2943012,1,cobra
cobra/girl2_cobra042_flipped.jpg,241.0,163.0,0.2526357,238.0,159.0,0.19192393,241.0,160.0,0.38005278,220.0,159.0,0.56707394,237.0,162.0,0.45703045,204.0,176.0,0.57080364,228.0,178.0,0.58266807,175.0,198.0,0.647714,219.0,204.0,0.65292895,152.0,185.0,0.6702591,250.0,204.0,0.7653384,179.0,210.0,0.4730399,191.0,217.0,0.61825866,143.0,225.0,0.29609537,149.0,231.0,0.33812875,103.0,229.0,0.193004,101.0,229.0,0.16706812,1,cobra
cobra/girl2_cobra044.jpg,61.0,161.0,0.25682256,60.0,159.0,0.34053415,63.0,158.0,0.16836931,65.0,160.0,0.582767,85.0,158.0,0.28897145,73.0,178.0,0.6929183,101.0,178.0,0.5737575,81.0,204.0,0.7563313,126.0,200.0,0.5029215,48.0,205.0,0.7409766,151.0,187.0,0.55708337,112.0,221.0,0.27380332,126.0,217.0,0.22542596,162.0,229.0,0.16939895,161.0,229.0,0.3393885,204.0,228.0,0.1324133,206.0,238.0,0.23708417,1,cobra
cobra/girl2_cobra044_flipped.jpg,238.0,164.0,0.32614192,236.0,160.0,0.26520863,238.0,161.0,0.4268651,217.0,158.0,0.49041763,234.0,162.0,0.5085186,202.0,176.0,0.70892274,227.0,178.0,0.567195,176.0,198.0,0.5444206,219.0,204.0,0.57395273,149.0,186.0,0.67805344,252.0,205.0,0.6633302,180.0,210.0,0.520396,193.0,216.0,0.60203385,145.0,227.0,0.3369888,150.0,230.0,0.24725312,107.0,233.0,0.12973727,110.0,228.0,0.13015695,1,cobra
cobra/girl2_cobra045.jpg,63.0,161.0,0.29501444,63.0,158.0,0.43043488,66.0,158.0,0.15366575,68.0,159.0,0.47524574,87.0,158.0,0.3696754,75.0,178.0,0.6191347,101.0,178.0,0.63182783,82.0,204.0,0.7801614,128.0,200.0,0.46824405,48.0,205.0,0.8183304,153.0,187.0,0.58889186,112.0,221.0,0.18637213,125.0,217.0,0.13955593,163.0,227.0,0.17237017,156.0,228.0,0.3647016,198.0,227.0,0.105676845,200.0,236.0,0.24769498,1,cobra
cobra/girl2_cobra045_flipped.jpg,234.0,161.0,0.28509447,230.0,156.0,0.33118692,235.0,158.0,0.43343747,216.0,156.0,0.48392105,235.0,160.0,0.4190955,199.0,175.0,0.82515174,227.0,178.0,0.75023186,174.0,199.0,0.70028037,218.0,204.0,0.7350836,148.0,187.0,0.7814766,251.0,205.0,0.68629706,179.0,210.0,0.69202644,192.0,215.0,0.7400584,144.0,227.0,0.46216276,150.0,231.0,0.37411672,108.0,231.0,0.19491415,109.0,228.0,0.21096222,1,cobra
cobra/girl2_cobra046_flipped.jpg,234.0,163.0,0.20136584,231.0,158.0,0.10848696,235.0,160.0,0.36450493,213.0,157.0,0.5433567,233.0,162.0,0.36911553,199.0,175.0,0.81551355,224.0,178.0,0.5244906,173.0,199.0,0.4980868,217.0,205.0,0.44905898,146.0,187.0,0.5164187,251.0,205.0,0.53330916,177.0,210.0,0.40502876,189.0,214.0,0.5356698,145.0,228.0,0.25818634,149.0,230.0,0.24678484,107.0,236.0,0.15296324,109.0,230.0,0.13675259,1,cobra
cobra/girl2_cobra050_flipped.jpg,228.0,161.0,0.32817495,225.0,157.0,0.27931687,230.0,159.0,0.35475737,211.0,157.0,0.5063012,228.0,161.0,0.47719494,196.0,176.0,0.6821865,221.0,178.0,0.5143712,172.0,199.0,0.6802218,217.0,206.0,0.42654678,144.0,188.0,0.38232026,250.0,206.0,0.6341827,181.0,212.0,0.54335034,186.0,213.0,0.37641743,155.0,230.0,0.43887165,154.0,225.0,0.21628241,107.0,240.0,0.42418802,107.0,234.0,0.3114779,1,cobra
cobra/girl2_cobra051.jpg,75.0,158.0,0.15394235,70.0,155.0,0.38252288,81.0,154.0,0.17480662,73.0,160.0,0.41101995,92.0,158.0,0.5472576,76.0,180.0,0.5356897,107.0,176.0,0.54218197,81.0,205.0,0.5910646,132.0,199.0,0.46411413,51.0,205.0,0.5963949,159.0,188.0,0.45935997,108.0,218.0,0.50133914,123.0,214.0,0.42129478,160.0,230.0,0.19759692,171.0,227.0,0.20394468,209.0,248.0,0.26637518,212.0,242.0,0.29769915,1,cobra
cobra/girl2_cobra051_flipped.jpg,229.0,161.0,0.3305194,227.0,157.0,0.20768845,229.0,159.0,0.4142355,208.0,157.0,0.50185466,225.0,159.0,0.46025085,193.0,177.0,0.5426862,220.0,179.0,0.6852909,169.0,200.0,0.65881515,215.0,206.0,0.51714975,142.0,187.0,0.4346725,250.0,206.0,0.62580955,175.0,212.0,0.43809336,188.0,215.0,0.5081154,153.0,228.0,0.25716612,156.0,227.0,0.18854594,108.0,240.0,0.4210805,112.0,232.0,0.12373092,1,cobra
cobra/girl2_cobra052.jpg,76.0,159.0,0.16561048,73.0,155.0,0.3114136,82.0,155.0,0.20475087,75.0,160.0,0.5018929,93.0,158.0,0.40027726,77.0,180.0,0.5372617,108.0,176.0,0.46558478,81.0,205.0,0.5795567,132.0,198.0,0.46795768,49.0,205.0,0.49934578,160.0,188.0,0.4699931,108.0,220.0,0.45854843,124.0,215.0,0.46229833,155.0,230.0,0.24007013,171.0,227.0,0.20578234,206.0,248.0,0.26632607,211.0,242.0,0.25459346,1,cobra
cobra/girl2_cobra055.jpg,77.0,159.0,0.31620312,77.0,154.0,0.40774593,82.0,155.0,0.26030666,82.0,159.0,0.41785586,96.0,157.0,0.5173649,81.0,180.0,0.5495641,111.0,177.0,0.57599103,82.0,205.0,0.4685296,132.0,198.0,0.5315281,51.0,206.0,0.57666326,161.0,190.0,0.50402564,109.0,220.0,0.43677366,127.0,214.0,0.3481612,167.0,231.0,0.19194798,185.0,226.0,0.4975998,211.0,253.0,0.19585253,213.0,250.0,0.23167966,1,cobra
cobra/girl2_cobra056.jpg,78.0,164.0,0.21538056,78.0,160.0,0.2894449,82.0,160.0,0.117946014,82.0,161.0,0.4460117,100.0,159.0,0.36236686,84.0,182.0,0.6636392,113.0,181.0,0.5934826,86.0,206.0,0.57804674,135.0,202.0,0.5277333,53.0,206.0,0.7129486,162.0,190.0,0.4370226,111.0,221.0,0.2561677,125.0,221.0,0.18280117,186.0,226.0,0.2915343,147.0,228.0,0.17667261,189.0,242.0,0.3358812,187.0,241.0,0.21101247,1,cobra
cobra/girl2_cobra056_flipped.jpg,222.0,162.0,0.43213615,220.0,158.0,0.33228207,222.0,159.0,0.43332902,204.0,158.0,0.46708938,218.0,159.0,0.58013576,185.0,178.0,0.84870064,217.0,180.0,0.6528537,164.0,202.0,0.64072216,212.0,207.0,0.6132629,138.0,189.0,0.7141761,247.0,206.0,0.5601179,170.0,213.0,0.49565792,186.0,218.0,0.4357853,148.0,228.0,0.21893974,155.0,232.0,0.3039855,111.0,240.0,0.13181904,109.0,237.0,0.17371845,1,cobra
cobra/girl2_cobra060.jpg,83.0,162.0,0.23473686,82.0,160.0,0.26166686,86.0,159.0,0.12908874,85.0,161.0,0.55292827,104.0,161.0,0.49986997,86.0,183.0,0.6096429,117.0,181.0,0.5838251,89.0,207.0,0.60123384,136.0,202.0,0.4910268,55.0,207.0,0.63921297,164.0,189.0,0.36722165,109.0,220.0,0.30130517,115.0,217.0,0.25977546,180.0,228.0,0.4932554,145.0,231.0,0.3150857,183.0,244.0,0.23499495,180.0,244.0,0.2226896,1,cobra
cobra/girl2_cobra060_flipped.jpg,214.0,161.0,0.25848344,209.0,156.0,0.2849789,215.0,157.0,0.38960153,199.0,158.0,0.3310594,217.0,160.0,0.505978,181.0,178.0,0.813763,215.0,181.0,0.8648792,162.0,202.0,0.7720983,211.0,206.0,0.7262607,135.0,189.0,0.5293399,244.0,207.0,0.5648211,173.0,212.0,0.7221216,189.0,216.0,0.5250207,152.0,224.0,0.18296629,163.0,233.0,0.36487767,131.0,234.0,0.14146788,120.0,239.0,0.22588064,1,cobra
cobra/girl2_cobra064.jpg,89.0,162.0,0.14238149,87.0,159.0,0.23707612,93.0,159.0,0.14699735,89.0,161.0,0.53118545,108.0,160.0,0.42622253,89.0,183.0,0.6362001,119.0,182.0,0.41772687,90.0,207.0,0.5744883,138.0,202.0,0.30709732,166.0,190.0,0.41989663,166.0,190.0,0.20467286,121.0,216.0,0.18177447,110.0,220.0,0.3806506,172.0,230.0,0.25924477,131.0,215.0,0.17951788,179.0,258.0,0.39380074,172.0,246.0,0.119108655,1,cobra
cobra/girl2_cobra064_flipped.jpg,213.0,162.0,0.13594826,208.0,159.0,0.11485618,213.0,159.0,0.2731686,192.0,160.0,0.4450345,212.0,162.0,0.45229405,181.0,180.0,0.65385294,209.0,181.0,0.5754617,160.0,202.0,0.7014214,210.0,205.0,0.54666966,134.0,189.0,0.16229348,244.0,206.0,0.49317297,176.0,216.0,0.36083627,187.0,218.0,0.33858544,157.0,232.0,0.20906718,164.0,234.0,0.18993744,120.0,261.0,0.42109957,126.0,244.0,0.1160726,1,cobra
cobra/girl2_cobra069.jpg,102.0,158.0,0.19014385,95.0,157.0,0.40277085,101.0,156.0,0.27729464,96.0,159.0,0.41872847,103.0,159.0,0.2877983,126.0,179.0,0.8275668,97.0,180.0,0.4142201,140.0,202.0,0.8051929,94.0,205.0,0.7449136,168.0,190.0,0.8740878,62.0,206.0,0.17237854,129.0,210.0,0.7261914,108.0,216.0,0.66236824,149.0,228.0,0.3196121,131.0,236.0,0.6075474,176.0,245.0,0.1085389,158.0,247.0,0.15938179,1,cobra
cobra/girl2_cobra069_flipped.jpg,202.0,160.0,0.3005046,196.0,156.0,0.38802212,204.0,157.0,0.34480202,188.0,159.0,0.5503719,205.0,161.0,0.59415406,174.0,179.0,0.87431127,205.0,181.0,0.73546404,158.0,202.0,0.8235111,207.0,206.0,0.628126,132.0,190.0,0.47738472,240.0,206.0,0.646706,175.0,216.0,0.6009934,186.0,219.0,0.6007141,147.0,230.0,0.40389967,170.0,235.0,0.51948607,119.0,246.0,0.63084227,143.0,249.0,0.35927016,1,cobra
cobra/girl2_cobra075.jpg,115.0,156.0,0.12882149,108.0,155.0,0.23546337,116.0,154.0,0.10785469,107.0,158.0,0.45380533,123.0,157.0,0.3883383,135.0,178.0,0.8179433,106.0,180.0,0.64964736,148.0,200.0,0.7818198,102.0,203.0,0.7910088,176.0,188.0,0.69627506,70.0,203.0,0.5226885,133.0,211.0,0.65577996,113.0,214.0,0.59041965,149.0,228.0,0.3753614,129.0,233.0,0.6413664,170.0,247.0,0.33787185,170.0,247.0,0.43285897,1,cobra
cobra/girl2_cobra075_flipped.jpg,187.0,156.0,0.43722808,183.0,153.0,0.5782371,190.0,153.0,0.55620956,176.0,156.0,0.6538187,193.0,157.0,0.69006723,163.0,177.0,0.87693685,195.0,179.0,0.7864264,151.0,200.0,0.87352914,199.0,202.0,0.69873595,125.0,188.0,0.77222097,229.0,203.0,0.6655067,176.0,214.0,0.5200099,179.0,217.0,0.6954993,158.0,228.0,0.32468948,149.0,228.0,0.44820026,153.0,255.0,0.25625244,131.0,248.0,0.59381306,1,cobra
cobra/girl2_cobra078.jpg,123.0,154.0,0.13259012,116.0,153.0,0.2513645,128.0,151.0,0.25282001,114.0,157.0,0.47492316,132.0,155.0,0.47992113,110.0,178.0,0.80442494,141.0,176.0,0.6444344,106.0,201.0,0.7422875,153.0,199.0,0.7371583,75.0,201.0,0.57065266,180.0,188.0,0.31658173,118.0,213.0,0.619388,141.0,210.0,0.6312498,132.0,234.0,0.5953609,151.0,227.0,0.65113086,143.0,253.0,0.5500798,167.0,250.0,0.646295,1,cobra
cobra/girl2_cobra078_flipped.jpg,176.0,155.0,0.46548423,172.0,151.0,0.59863055,179.0,151.0,0.6351573,166.0,154.0,0.6669394,184.0,155.0,0.62895393,156.0,176.0,0.8914516,188.0,178.0,0.7384848,145.0,199.0,0.81374586,193.0,201.0,0.8073273,118.0,187.0,0.7414482,223.0,202.0,0.72523415,166.0,208.0,0.5701646,177.0,210.0,0.7980189,150.0,225.0,0.39000538,157.0,223.0,0.109076485,154.0,262.0,0.43661502,134.0,247.0,0.4831139,1,cobra
cobra/girl2_cobra081.jpg,127.0,154.0,0.18602365,125.0,152.0,0.40152153,127.0,152.0,0.3794432,137.0,153.0,0.2353904,128.0,154.0,0.15113322,150.0,174.0,0.7550036,118.0,175.0,0.8711266,160.0,198.0,0.80229855,114.0,199.0,0.8556775,187.0,186.0,0.8799293,85.0,199.0,0.62907255,147.0,205.0,0.75196034,127.0,207.0,0.5213591,160.0,227.0,0.5575112,133.0,229.0,0.50666606,167.0,252.0,0.6231846,143.0,251.0,0.6613531,1,cobra
cobra/girl2_cobra081_flipped.jpg,166.0,153.0,0.52840817,163.0,150.0,0.40548494,170.0,149.0,0.6934067,158.0,154.0,0.73222345,174.0,153.0,0.68629724,148.0,174.0,0.78109163,181.0,176.0,0.9088846,140.0,198.0,0.6731312,186.0,199.0,0.72688264,112.0,186.0,0.7080488,215.0,199.0,0.7509488,155.0,207.0,0.60761315,173.0,209.0,0.7312542,144.0,221.0,0.348028,168.0,229.0,0.40434742,134.0,249.0,0.3695699,156.0,250.0,0.56187004,1,cobra
cobra/girl2_cobra082.jpg,133.0,152.0,0.2896654,129.0,150.0,0.4897415,134.0,150.0,0.3406624,126.0,153.0,0.55660355,142.0,153.0,0.56363714,123.0,174.0,0.6759151,151.0,173.0,0.56517863,163.0,197.0,0.82646406,117.0,198.0,0.73871887,190.0,186.0,0.8253304,88.0,198.0,0.54725957,141.0,205.0,0.5203985,144.0,206.0,0.53937113,162.0,228.0,0.38739544,151.0,226.0,0.11460409,166.0,249.0,0.2674902,144.0,251.0,0.13519652,1,cobra
cobra/girl2_cobra082_flipped.jpg,165.0,154.0,0.37081492,160.0,151.0,0.3605455,168.0,150.0,0.41550693,155.0,154.0,0.7567381,173.0,154.0,0.65701056,146.0,174.0,0.85327756,178.0,175.0,0.96296525,137.0,198.0,0.87183225,184.0,198.0,0.93633044,109.0,186.0,0.875954,213.0,198.0,0.8712858,150.0,206.0,0.77770233,171.0,208.0,0.90074325,139.0,227.0,0.6002071,166.0,230.0,0.7315346,133.0,248.0,0.62995946,157.0,248.0,0.46050614,1,cobra
cobra/girl2_cobra084.jpg,143.0,153.0,0.39536253,147.0,151.0,0.44733977,139.0,151.0,0.506253,152.0,153.0,0.5294312,133.0,153.0,0.4683438,160.0,173.0,0.9360664,127.0,173.0,0.94869834,168.0,197.0,0.90866846,121.0,197.0,0.90349954,195.0,186.0,0.71067226,94.0,198.0,0.75761783,155.0,202.0,0.86151844,134.0,203.0,0.7947966,165.0,228.0,0.7230053,138.0,228.0,0.39317852,166.0,243.0,0.41125324,142.0,245.0,0.29236102,1,cobra
cobra/girl2_cobra084_flipped.jpg,157.0,152.0,0.33205873,155.0,149.0,0.2952082,159.0,149.0,0.4261184,150.0,152.0,0.4813329,165.0,152.0,0.56254613,140.0,172.0,0.7355507,173.0,174.0,0.81978273,132.0,197.0,0.6221703,178.0,196.0,0.7744231,105.0,186.0,0.21600817,207.0,197.0,0.722955,149.0,204.0,0.6112261,166.0,206.0,0.584692,144.0,220.0,0.15332085,158.0,215.0,0.20810601,158.0,248.0,0.24099669,134.0,243.0,0.37842554,1,cobra
cobra/girl2_cobra085.jpg,146.0,151.0,0.31104457,143.0,149.0,0.30096027,149.0,148.0,0.49003872,138.0,153.0,0.4580746,153.0,152.0,0.5806298,131.0,173.0,0.7370533,162.0,173.0,0.8528638,125.0,197.0,0.48555055,170.0,195.0,0.33416307,198.0,186.0,0.65830874,198.0,186.0,0.3856728,139.0,206.0,0.56067586,157.0,205.0,0.69963145,142.0,228.0,0.1363168,163.0,224.0,0.21606904,145.0,258.0,0.41726196,168.0,252.0,0.45147505,1,cobra
cobra/girl2_cobra085_flipped.jpg,154.0,152.0,0.4643684,150.0,149.0,0.6338584,156.0,148.0,0.6809631,146.0,152.0,0.6339364,160.0,151.0,0.74088335,167.0,173.0,0.8788249,139.0,174.0,0.81977797,175.0,196.0,0.8764136,129.0,197.0,0.8122579,204.0,197.0,0.7642093,101.0,186.0,0.74686575,163.0,205.0,0.80368966,142.0,204.0,0.5183743,162.0,215.0,0.74540615,138.0,214.0,0.48966148,157.0,249.0,0.52969396,133.0,249.0,0.61016285,1,cobra
cobra/girl2_cobra089.jpg,160.0,150.0,0.4894447,164.0,147.0,0.57026017,156.0,147.0,0.5579835,169.0,150.0,0.62062025,151.0,150.0,0.48336986,176.0,172.0,0.82714736,144.0,172.0,0.93801576,183.0,196.0,0.88893056,136.0,196.0,0.92297196,210.0,186.0,0.7186496,108.0,196.0,0.8348695,171.0,203.0,0.8233925,149.0,203.0,0.6325047,171.0,216.0,0.5284239,148.0,217.0,0.3437918,171.0,249.0,0.65757376,146.0,251.0,0.77100486,1,cobra
cobra/girl2_cobra089_flipped.jpg,140.0,150.0,0.44457042,138.0,148.0,0.51829684,141.0,148.0,0.5968474,135.0,151.0,0.4964642,144.0,150.0,0.58602524,156.0,172.0,0.82488346,125.0,173.0,0.9456477,163.0,195.0,0.6522584,118.0,196.0,0.88789046,191.0,195.0,0.8027307,90.0,186.0,0.86030805,152.0,204.0,0.8362464,131.0,203.0,0.8005746,153.0,219.0,0.63076866,130.0,221.0,0.54868233,154.0,252.0,0.5084618,130.0,251.0,0.5932511,1,cobra
cobra/girl2_cobra091.jpg,164.0,150.0,0.21218482,162.0,148.0,0.42670166,163.0,148.0,0.44351164,170.0,150.0,0.21411082,162.0,150.0,0.17991097,182.0,171.0,0.9431629,149.0,171.0,0.86846054,188.0,196.0,0.68260235,142.0,196.0,0.88395405,216.0,186.0,0.8835039,114.0,195.0,0.7671517,175.0,202.0,0.8567906,154.0,201.0,0.8003328,175.0,220.0,0.5874573,152.0,217.0,0.26668748,171.0,249.0,0.6580441,148.0,248.0,0.8350952,1,cobra
cobra/girl2_cobra091_flipped.jpg,132.0,150.0,0.47738317,131.0,147.0,0.40773788,134.0,147.0,0.6367425,126.0,151.0,0.59843266,137.0,150.0,0.54611385,149.0,171.0,0.9315709,117.0,171.0,0.94778556,157.0,195.0,0.9365701,111.0,195.0,0.83052784,186.0,194.0,0.8792513,83.0,186.0,0.86669487,145.0,203.0,0.84760123,124.0,203.0,0.8257059,148.0,219.0,0.51275533,124.0,221.0,0.6381752,153.0,251.0,0.62506723,128.0,249.0,0.6197894,1,cobra
cobra/girl2_cobra092.jpg,165.0,151.0,0.22326505,170.0,148.0,0.5145014,162.0,149.0,0.6796591,177.0,150.0,0.5487442,162.0,150.0,0.56906164,186.0,171.0,0.9171715,153.0,171.0,0.94028986,191.0,197.0,0.83489335,145.0,195.0,0.7986671,219.0,187.0,0.5694045,117.0,195.0,0.81350136,178.0,201.0,0.8689057,158.0,201.0,0.7588161,177.0,221.0,0.5559685,154.0,218.0,0.35934508,173.0,248.0,0.59845114,148.0,245.0,0.8265737,1,cobra
cobra/girl2_cobra092_flipped.jpg,129.0,152.0,0.38883618,131.0,148.0,0.42747712,127.0,149.0,0.47614095,135.0,150.0,0.55447483,125.0,151.0,0.4468038,146.0,171.0,0.7928872,114.0,172.0,0.9744169,155.0,195.0,0.93860424,108.0,197.0,0.91856563,183.0,195.0,0.8051766,81.0,186.0,0.8459596,142.0,202.0,0.80246466,121.0,203.0,0.7696757,149.0,225.0,0.38052672,123.0,227.0,0.8151364,152.0,252.0,0.58567715,128.0,249.0,0.576765,1,cobra
cobra/girl2_cobra095.jpg,174.0,152.0,0.27987838,180.0,148.0,0.50110626,172.0,149.0,0.48323604,187.0,150.0,0.5712167,172.0,150.0,0.45599243,195.0,172.0,0.9063107,162.0,171.0,0.9211264,200.0,197.0,0.872623,153.0,196.0,0.8876742,229.0,187.0,0.84281385,124.0,195.0,0.69318646,187.0,202.0,0.80378944,166.0,201.0,0.78854215,183.0,219.0,0.6496416,160.0,217.0,0.5333476,174.0,251.0,0.73959845,151.0,245.0,0.7025739,1,cobra
cobra/girl2_cobra095_flipped.jpg,119.0,149.0,0.38347614,119.0,146.0,0.30124786,118.0,147.0,0.33885273,123.0,149.0,0.3340413,115.0,151.0,0.19744207,137.0,170.0,0.89925075,104.0,171.0,0.92133266,147.0,195.0,0.90393484,99.0,196.0,0.93993753,175.0,194.0,0.8638584,71.0,187.0,0.83264446,135.0,202.0,0.74847865,113.0,204.0,0.6961585,144.0,227.0,0.43036917,117.0,226.0,0.727291,149.0,247.0,0.307021,126.0,250.0,0.343518,1,cobra
cobra/girl2_cobra103.jpg,207.0,149.0,0.27737543,211.0,146.0,0.3111117,204.0,145.0,0.2767162,213.0,148.0,0.14563444,196.0,147.0,0.2692159,216.0,172.0,0.7937198,186.0,170.0,0.75545865,221.0,196.0,0.7355703,172.0,194.0,0.53839195,251.0,188.0,0.74610424,145.0,193.0,0.54429096,206.0,206.0,0.6092193,185.0,204.0,0.54499245,196.0,223.0,0.21868451,170.0,221.0,0.11510995,172.0,254.0,0.43561804,146.0,253.0,0.3830325,1,cobra
cobra/girl2_cobra103_flipped.jpg,94.0,146.0,0.20521052,88.0,144.0,0.30754122,99.0,143.0,0.38989872,84.0,148.0,0.62378365,105.0,147.0,0.5179012,82.0,171.0,0.7673255,115.0,170.0,0.6453873,79.0,198.0,0.76408446,128.0,194.0,0.7118782,50.0,188.0,0.48938128,156.0,193.0,0.61216414,96.0,208.0,0.47890374,116.0,208.0,0.4804205,108.0,231.0,0.3994821,131.0,229.0,0.4153281,131.0,259.0,0.2342274,154.0,251.0,0.36831445,1,cobra
cobra/girl2_cobra107.jpg,219.0,146.0,0.118129335,220.0,143.0,0.18429716,215.0,142.0,0.18722633,208.0,144.0,0.26346296,212.0,145.0,0.22787471,224.0,170.0,0.6870112,195.0,169.0,0.7443573,229.0,196.0,0.73304373,177.0,193.0,0.8135348,259.0,188.0,0.5688793,150.0,190.0,0.66974556,213.0,210.0,0.57467204,190.0,206.0,0.54750913,195.0,228.0,0.3170572,167.0,229.0,0.41705978,166.0,254.0,0.33593962,140.0,253.0,0.53081495,1,cobra
cobra/girl2_cobra107_flipped.jpg,82.0,144.0,0.20229028,77.0,141.0,0.28695258,84.0,140.0,0.19261433,75.0,145.0,0.42751822,94.0,144.0,0.5226166,94.0,168.0,0.18347049,102.0,168.0,0.349934,121.0,192.0,0.47653493,71.0,196.0,0.3535844,151.0,191.0,0.6310602,41.0,187.0,0.6071731,103.0,207.0,0.31529155,98.0,207.0,0.4523867,133.0,230.0,0.2688976,113.0,235.0,0.3722896,159.0,251.0,0.5994251,139.0,252.0,0.28989518,1,cobra
cobra/girl2_cobra108_flipped.jpg,78.0,145.0,0.121753275,74.0,143.0,0.24464029,84.0,141.0,0.15723023,73.0,146.0,0.47562027,93.0,144.0,0.57739323,72.0,170.0,0.7241868,104.0,168.0,0.622696,67.0,196.0,0.51921844,121.0,192.0,0.569641,39.0,186.0,0.4941133,149.0,190.0,0.46202847,87.0,211.0,0.42790866,105.0,207.0,0.38293663,110.0,235.0,0.27861753,133.0,232.0,0.13637337,162.0,253.0,0.38195518,144.0,271.0,0.18291526,1,cobra
cobra/girl2_cobra109.jpg,231.0,146.0,0.29852995,227.0,142.0,0.18888949,230.0,142.0,0.38425326,209.0,143.0,0.32570887,224.0,144.0,0.39224944,226.0,169.0,0.45300984,200.0,168.0,0.32911748,233.0,196.0,0.42589447,179.0,192.0,0.69109094,264.0,187.0,0.37281752,152.0,189.0,0.6388291,214.0,211.0,0.56076956,190.0,206.0,0.37920403,194.0,231.0,0.36651006,167.0,228.0,0.43408662,159.0,254.0,0.30427232,135.0,253.0,0.5081981,1,cobra
cobra/girl2_cobra109_flipped.jpg,72.0,144.0,0.18263601,70.0,141.0,0.33423933,76.0,140.0,0.24632141,71.0,144.0,0.4300421,91.0,142.0,0.39591193,71.0,168.0,0.68694437,103.0,166.0,0.72164494,66.0,196.0,0.62273383,121.0,192.0,0.5349044,36.0,186.0,0.4759736,149.0,189.0,0.30612215,89.0,212.0,0.36582997,94.0,211.0,0.37350866,134.0,228.0,0.2499537,111.0,234.0,0.33758238,165.0,254.0,0.27291578,165.0,253.0,0.23424494,1,cobra
cobra/girl2_cobra120.jpg,244.0,136.0,0.20145123,240.0,131.0,0.1596596,244.0,133.0,0.39178127,219.0,133.0,0.39687344,237.0,135.0,0.50722957,206.0,156.0,0.7118163,234.0,157.0,0.5664346,178.0,182.0,0.6366476,245.0,187.0,0.49237975,158.0,178.0,0.7040703,276.0,179.0,0.72787416,203.0,205.0,0.582236,207.0,206.0,0.45676762,172.0,231.0,0.5792039,160.0,223.0,0.2582279,128.0,247.0,0.18452771,119.0,246.0,0.2972498,1,cobra
cobra/girl2_cobra122.jpg,245.0,134.0,0.24449998,240.0,129.0,0.16524296,244.0,131.0,0.30743855,219.0,131.0,0.40373215,238.0,134.0,0.5227308,206.0,153.0,0.7979108,234.0,155.0,0.6453449,179.0,181.0,0.6533391,244.0,186.0,0.5663862,157.0,176.0,0.4632146,275.0,177.0,0.66510475,202.0,206.0,0.5145482,202.0,205.0,0.4744525,165.0,230.0,0.64575917,154.0,224.0,0.200068,112.0,247.0,0.345832,109.0,244.0,0.44698068,1,cobra
cobra/girl2_cobra127.jpg,247.0,136.0,0.37049463,242.0,132.0,0.21491665,246.0,133.0,0.4822572,222.0,132.0,0.43599722,240.0,134.0,0.4395393,208.0,153.0,0.5696255,234.0,155.0,0.6589742,177.0,179.0,0.7158489,236.0,184.0,0.53120124,161.0,174.0,0.67422163,267.0,170.0,0.6346195,188.0,202.0,0.55468345,199.0,207.0,0.49088183,142.0,221.0,0.39743587,148.0,224.0,0.4498403,100.0,238.0,0.19571742,99.0,237.0,0.14494307,1,cobra
cobra/girl2_cobra130.jpg,255.0,150.0,0.16745253,250.0,145.0,0.121104516,256.0,147.0,0.22539538,230.0,146.0,0.589013,250.0,150.0,0.50635874,212.0,163.0,0.68404853,236.0,165.0,0.7101555,180.0,178.0,0.26921186,230.0,183.0,0.21373567,170.0,177.0,0.5089467,261.0,167.0,0.5284503,180.0,200.0,0.41853774,191.0,206.0,0.44308192,138.0,220.0,0.34449035,136.0,219.0,0.30102402,86.0,231.0,0.137175,92.0,224.0,0.15815528,1,cobra
cobra/girl2_cobra136_flipped.jpg,52.0,183.0,0.28546217,48.0,180.0,0.4316443,48.0,181.0,0.34071317,50.0,174.0,0.4729765,52.0,175.0,0.40856645,64.0,180.0,0.42667386,83.0,174.0,0.3819742,82.0,180.0,0.54591054,99.0,178.0,0.32173443,46.0,174.0,0.49465933,123.0,178.0,0.6236495,116.0,206.0,0.5608548,123.0,196.0,0.48565856,172.0,219.0,0.4533766,177.0,215.0,0.37532505,190.0,217.0,0.15208606,194.0,216.0,0.1374835,1,cobra
cobra/girl3_cobra060.jpg,253.0,216.0,0.1971289,261.0,214.0,0.16569786,255.0,210.0,0.23639978,264.0,217.0,0.21202305,256.0,213.0,0.21258804,239.0,219.0,0.21287309,242.0,196.0,0.15945105,222.0,236.0,0.16999261,212.0,155.0,0.14093336,206.0,206.0,0.115151286,202.0,185.0,0.117353626,198.0,184.0,0.2481105,204.0,174.0,0.25789267,175.0,137.0,0.19187866,164.0,140.0,0.3541417,153.0,92.0,0.24167037,153.0,95.0,0.2863594,1,cobra
cobra/girl3_cobra064.jpg,267.0,236.0,0.30405468,274.0,231.0,0.33044788,267.0,230.0,0.41344422,264.0,219.0,0.17641631,248.0,223.0,0.25200158,257.0,193.0,0.2201038,221.0,217.0,0.22538926,241.0,171.0,0.18426356,181.0,185.0,0.2432011,226.0,181.0,0.16317412,197.0,218.0,0.2980075,219.0,177.0,0.32069543,197.0,182.0,0.35292614,196.0,140.0,0.28693005,160.0,145.0,0.26021665,154.0,74.0,0.14569174,152.0,77.0,0.18791601,1,cobra
cobra/girl3_cobra094.jpg,129.0,237.0,0.46260044,138.0,227.0,0.4249453,123.0,231.0,0.3763939,152.0,200.0,0.30947426,108.0,216.0,0.3289417,168.0,171.0,0.14531584,100.0,187.0,0.18468203,193.0,167.0,0.17758928,74.0,168.0,0.30360338,226.0,198.0,0.5670741,44.0,198.0,0.57327616,153.0,147.0,0.2931535,119.0,147.0,0.44997132,155.0,100.0,0.7603496,118.0,98.0,0.59204364,156.0,37.0,0.14346199,124.0,36.0,0.1755897,1,cobra
cobra/girl3_cobra094_flipped.jpg,164.0,235.0,0.33100012,174.0,231.0,0.45579687,160.0,227.0,0.4394521,192.0,201.0,0.22325896,153.0,203.0,0.1790099,201.0,169.0,0.34796858,138.0,178.0,0.28391632,225.0,165.0,0.3711507,103.0,176.0,0.26365277,257.0,197.0,0.75691104,74.0,198.0,0.6059271,181.0,141.0,0.36932367,149.0,142.0,0.51720804,183.0,96.0,0.682063,144.0,96.0,0.48223016,174.0,34.0,0.19698778,145.0,38.0,0.19464602,1,cobra
cobra/girl3_cobra096.jpg,117.0,232.0,0.46511176,125.0,225.0,0.42805704,108.0,225.0,0.44085133,140.0,208.0,0.19014575,92.0,206.0,0.21721636,152.0,217.0,0.177167,135.0,168.0,0.14527124,175.0,155.0,0.20771904,177.0,157.0,0.2913772,226.0,185.0,0.4909852,227.0,185.0,0.43785715,108.0,140.0,0.27016357,151.0,135.0,0.3358316,120.0,94.0,0.31914192,152.0,94.0,0.32595095,124.0,47.0,0.17896838,124.0,47.0,0.22792086,1,cobra
cobra/girl3_cobra096_flipped.jpg,189.0,189.0,0.1131651,199.0,190.0,0.31325015,187.0,194.0,0.16292654,196.0,180.0,0.29372945,164.0,199.0,0.2131164,204.0,160.0,0.24666375,159.0,174.0,0.14916462,231.0,157.0,0.1507962,113.0,161.0,0.23510131,270.0,182.0,0.7862325,73.0,185.0,0.68047994,170.0,140.0,0.1862933,169.0,139.0,0.2871448,180.0,93.0,0.5672651,147.0,93.0,0.34507447,145.0,30.0,0.24758016,175.0,33.0,0.25570667,1,cobra
cobra/girl3_cobra097_flipped.jpg,176.0,228.0,0.31890798,187.0,222.0,0.34256962,175.0,218.0,0.33614463,200.0,200.0,0.16925298,167.0,196.0,0.26451078,212.0,162.0,0.41177055,157.0,178.0,0.120347224,229.0,153.0,0.20194067,95.0,170.0,0.1616136,272.0,174.0,0.711514,71.0,177.0,0.54074246,178.0,143.0,0.19105501,155.0,140.0,0.40406135,182.0,92.0,0.69828457,148.0,92.0,0.4708454,146.0,29.0,0.22506222,147.0,29.0,0.17480612,1,cobra
cobra/girl3_cobra098.jpg,106.0,231.0,0.45196718,115.0,225.0,0.47583526,98.0,222.0,0.3488705,136.0,208.0,0.36155647,93.0,208.0,0.20930909,151.0,178.0,0.2553409,85.0,171.0,0.2025925,175.0,158.0,0.15404475,69.0,153.0,0.39409426,222.0,171.0,0.52201223,21.0,166.0,0.65819025,143.0,142.0,0.44485226,112.0,139.0,0.4894099,150.0,92.0,0.55657816,120.0,91.0,0.43098503,155.0,25.0,0.1463055,156.0,27.0,0.5084106,1,cobra
cobra/girl3_cobra101.jpg,93.0,218.0,0.3108233,100.0,214.0,0.35782018,87.0,205.0,0.33337364,118.0,194.0,0.224093,90.0,190.0,0.16121273,91.0,152.0,0.19816731,111.0,150.0,0.19088626,70.0,142.0,0.2566608,71.0,144.0,0.41460925,218.0,155.0,0.4279863,19.0,139.0,0.43367118,117.0,135.0,0.20837992,133.0,133.0,0.28042558,118.0,83.0,0.5421738,120.0,84.0,0.29841524,131.0,21.0,0.15415902,128.0,23.0,0.2317842,1,cobra
cobra/girl3_cobra107_flipped.jpg,214.0,200.0,0.45937148,224.0,190.0,0.46930635,205.0,190.0,0.51680005,236.0,175.0,0.24862571,176.0,177.0,0.3815823,227.0,137.0,0.4795179,154.0,155.0,0.31013164,179.0,73.0,0.12544443,88.0,164.0,0.20476776,86.0,164.0,0.22924548,86.0,163.0,0.31728828,184.0,117.0,0.16702293,148.0,113.0,0.3264905,177.0,72.0,0.5410311,145.0,80.0,0.32861203,134.0,21.0,0.25393966,133.0,21.0,0.22450593,1,cobra
cobra/girl3_cobra116.jpg,78.0,161.0,0.5801913,89.0,152.0,0.66849625,70.0,151.0,0.5062441,113.0,140.0,0.32426813,66.0,139.0,0.22347541,136.0,137.0,0.5981624,71.0,128.0,0.40806898,165.0,138.0,0.6090697,63.0,122.0,0.2564001,203.0,155.0,0.8071053,31.0,118.0,0.66027486,150.0,105.0,0.71294385,113.0,98.0,0.711697,162.0,75.0,0.7594807,128.0,68.0,0.8861916,180.0,19.0,0.4723914,152.0,12.0,0.3527204,1,cobra
cobra/girl3_cobra116_flipped.jpg,221.0,161.0,0.6089077,229.0,150.0,0.6653321,211.0,151.0,0.6825351,235.0,134.0,0.42152765,188.0,145.0,0.42378208,232.0,126.0,0.4456721,164.0,144.0,0.65074426,239.0,117.0,0.21319687,133.0,141.0,0.4525965,270.0,117.0,0.72694933,95.0,155.0,0.5687058,194.0,108.0,0.5681032,159.0,110.0,0.5606882,169.0,69.0,0.6755836,139.0,77.0,0.60339254,147.0,11.0,0.16788813,122.0,16.0,0.34456828,1,cobra
cobra/girl3_cobra117.jpg,78.0,158.0,0.5953642,89.0,149.0,0.6994114,70.0,147.0,0.66516995,114.0,137.0,0.28930318,67.0,134.0,0.3003622,137.0,134.0,0.7061489,68.0,124.0,0.56794405,165.0,135.0,0.498181,62.0,117.0,0.18120757,204.0,153.0,0.7981239,31.0,115.0,0.71469575,148.0,103.0,0.6717433,113.0,96.0,0.78342366,163.0,72.0,0.78802305,130.0,67.0,0.78611743,181.0,16.0,0.61452055,154.0,9.0,0.6151729,1,cobra
cobra/girl3_cobra117_flipped.jpg,221.0,158.0,0.63725454,229.0,147.0,0.68799895,210.0,148.0,0.66771275,234.0,132.0,0.44238672,187.0,142.0,0.40556803,231.0,127.0,0.43743506,159.0,141.0,0.62039137,238.0,117.0,0.15645744,135.0,136.0,0.51999575,267.0,116.0,0.66811466,96.0,155.0,0.5000738,196.0,107.0,0.48447898,159.0,109.0,0.5553486,168.0,67.0,0.71463704,138.0,76.0,0.5221188,142.0,15.0,0.13696913,119.0,20.0,0.1794726,1,cobra
cobra/girl3_cobra118.jpg,78.0,156.0,0.5365491,90.0,146.0,0.7516054,71.0,145.0,0.5998539,115.0,134.0,0.4426593,67.0,131.0,0.26870012,138.0,133.0,0.70762765,70.0,122.0,0.5856842,164.0,136.0,0.4218158,63.0,114.0,0.14777987,203.0,152.0,0.82756674,33.0,112.0,0.7328677,148.0,103.0,0.646194,113.0,96.0,0.7350897,166.0,72.0,0.87464905,132.0,67.0,0.80727196,183.0,15.0,0.6601672,157.0,8.0,0.5710585,1,cobra
cobra/girl3_cobra120.jpg,79.0,148.0,0.46457097,89.0,140.0,0.67411315,72.0,138.0,0.48829597,113.0,130.0,0.4027659,70.0,126.0,0.22883771,135.0,133.0,0.6007538,74.0,122.0,0.3022973,179.0,141.0,0.102339715,67.0,115.0,0.27160794,203.0,153.0,0.5503187,40.0,113.0,0.5577407,154.0,106.0,0.3251886,121.0,99.0,0.5941843,165.0,83.0,0.46827915,135.0,66.0,0.648,184.0,19.0,0.10838301,160.0,13.0,0.36001432,1,cobra
cobra/girl3_cobra120_flipped.jpg,219.0,149.0,0.45664218,226.0,139.0,0.5924169,209.0,140.0,0.79383427,233.0,125.0,0.47970662,188.0,135.0,0.33873245,231.0,119.0,0.53853834,162.0,136.0,0.67257667,233.0,115.0,0.32614708,130.0,139.0,0.5396004,264.0,112.0,0.70819217,96.0,154.0,0.5329761,190.0,103.0,0.51719844,154.0,109.0,0.5303111,163.0,68.0,0.6882191,132.0,73.0,0.6516747,136.0,14.0,0.28755146,134.0,15.0,0.2801525,1,cobra
cobra/girl3_cobra123.jpg,82.0,143.0,0.5800035,92.0,134.0,0.72651124,75.0,132.0,0.5775067,117.0,124.0,0.51982296,71.0,121.0,0.23530848,139.0,129.0,0.69533956,76.0,114.0,0.4132958,175.0,138.0,0.13583486,70.0,110.0,0.2506383,204.0,150.0,0.77822703,45.0,107.0,0.6605818,150.0,102.0,0.5912565,116.0,96.0,0.590467,171.0,79.0,0.7635033,139.0,69.0,0.81970394,190.0,21.0,0.3196253,166.0,12.0,0.3605408,1,cobra
cobra/girl3_cobra123_flipped.jpg,218.0,143.0,0.6955313,225.0,132.0,0.52484095,209.0,134.0,0.60435116,229.0,120.0,0.457747,187.0,130.0,0.2979225,227.0,115.0,0.6261556,160.0,131.0,0.6797848,231.0,110.0,0.2944743,132.0,132.0,0.49385506,260.0,108.0,0.5174587,98.0,151.0,0.50355226,181.0,100.0,0.4322606,147.0,109.0,0.5644994,158.0,68.0,0.6123871,128.0,76.0,0.6101953,134.0,17.0,0.179265,121.0,26.0,0.16018146,1,cobra
cobra/girl3_cobra125.jpg,82.0,145.0,0.5374971,93.0,136.0,0.5725367,76.0,134.0,0.69431585,119.0,126.0,0.624233,74.0,122.0,0.2326825,141.0,129.0,0.69188064,76.0,117.0,0.44277775,170.0,133.0,0.3360737,72.0,108.0,0.26755413,204.0,151.0,0.7554245,47.0,105.0,0.6675461,148.0,104.0,0.48402688,118.0,96.0,0.68040293,174.0,76.0,0.72507536,144.0,70.0,0.65796113,194.0,21.0,0.4311754,171.0,13.0,0.52260876,1,cobra
cobra/girl3_cobra125_flipped.jpg,216.0,145.0,0.5628192,223.0,134.0,0.7604809,206.0,135.0,0.5823811,228.0,122.0,0.44075942,186.0,130.0,0.4150851,228.0,118.0,0.52924573,160.0,133.0,0.6351672,231.0,107.0,0.17687106,126.0,136.0,0.60137147,258.0,104.0,0.3715509,95.0,151.0,0.5998138,187.0,101.0,0.6451506,152.0,107.0,0.44189036,156.0,69.0,0.6449004,126.0,75.0,0.65436214,127.0,16.0,0.28610083,116.0,16.0,0.15651906,1,cobra
cobra/girl3_cobra126.jpg,82.0,151.0,0.51675797,92.0,143.0,0.6536354,76.0,142.0,0.6068101,119.0,132.0,0.41819534,73.0,132.0,0.2451013,143.0,130.0,0.7314044,75.0,124.0,0.38803095,172.0,134.0,0.29216743,72.0,108.0,0.317752,205.0,151.0,0.7734566,49.0,104.0,0.59638435,153.0,104.0,0.52856535,118.0,97.0,0.6534362,175.0,80.0,0.6021234,144.0,71.0,0.765776,195.0,23.0,0.26073816,173.0,14.0,0.33582467,1,cobra
cobra/girl3_cobra132_flipped.jpg,218.0,214.0,0.24023639,223.0,212.0,0.31706086,217.0,213.0,0.28139222,207.0,196.0,0.10573876,215.0,191.0,0.2590193,169.0,174.0,0.35814753,219.0,159.0,0.24627085,137.0,135.0,0.41664743,203.0,113.0,0.5099312,100.0,162.0,0.7073896,246.0,115.0,0.5847348,139.0,113.0,0.7032807,173.0,106.0,0.54308873,117.0,82.0,0.6285322,142.0,68.0,0.7847384,96.0,26.0,0.31525123,112.0,19.0,0.32255286,1,cobra
cobra/girl3_cobra138_flipped.jpg,208.0,223.0,0.30986348,216.0,222.0,0.2832044,205.0,225.0,0.4176027,218.0,200.0,0.44192952,195.0,213.0,0.34312466,214.0,164.0,0.8429189,160.0,183.0,0.768106,192.0,119.0,0.5048764,140.0,137.0,0.44874895,237.0,121.0,0.5864092,103.0,172.0,0.715163,164.0,114.0,0.62278116,141.0,118.0,0.61875397,130.0,75.0,0.4524164,111.0,82.0,0.49446353,112.0,34.0,0.34348148,86.0,35.0,0.15892957,1,cobra
cobra/guy1_cobra025.jpg,211.0,111.0,0.66482514,210.0,106.0,0.75567615,208.0,106.0,0.7116903,197.0,104.0,0.6743418,195.0,104.0,0.87905943,179.0,112.0,0.84072685,173.0,110.0,0.7071057,143.0,116.0,0.33681777,133.0,120.0,0.5047002,161.0,138.0,0.2781923,152.0,144.0,0.70123804,114.0,124.0,0.70914555,112.0,126.0,0.74152184,64.0,126.0,0.73578227,65.0,128.0,0.6632849,23.0,125.0,0.76858693,23.0,125.0,0.7118308,1,cobra
cobra/guy1_cobra025_flipped.jpg,89.0,111.0,0.5558523,91.0,107.0,0.72029394,90.0,107.0,0.6701822,104.0,104.0,0.7742642,102.0,105.0,0.5320421,126.0,111.0,0.7440678,122.0,111.0,0.79516035,165.0,121.0,0.5226163,152.0,115.0,0.39138678,147.0,145.0,0.6481942,133.0,136.0,0.53130174,184.0,128.0,0.6360733,183.0,124.0,0.6933892,235.0,130.0,0.5917952,232.0,125.0,0.74751115,277.0,126.0,0.7222147,273.0,124.0,0.7386987,1,cobra
cobra/guy1_cobra026.jpg,208.0,110.0,0.62678576,206.0,106.0,0.60459995,205.0,106.0,0.4839585,195.0,103.0,0.6035255,192.0,103.0,0.8007476,179.0,112.0,0.73422503,170.0,109.0,0.7633293,162.0,119.0,0.3289812,132.0,120.0,0.50682807,167.0,134.0,0.38429302,151.0,145.0,0.66203815,114.0,125.0,0.7815143,111.0,126.0,0.8292468,65.0,126.0,0.7057003,64.0,129.0,0.71033216,24.0,125.0,0.7841662,23.0,125.0,0.7073849,1,cobra
cobra/guy1_cobra026_flipped.jpg,92.0,110.0,0.7442895,94.0,106.0,0.78394634,92.0,106.0,0.82438785,108.0,103.0,0.890625,104.0,104.0,0.74223655,130.0,111.0,0.5626371,122.0,110.0,0.6250363,167.0,123.0,0.71529907,148.0,116.0,0.26348206,148.0,145.0,0.7788761,132.0,135.0,0.61689925,185.0,129.0,0.66093075,181.0,125.0,0.70992994,234.0,129.0,0.57913285,231.0,124.0,0.7342555,277.0,126.0,0.68479437,272.0,123.0,0.72635454,1,cobra
cobra/guy1_cobra027.jpg,207.0,109.0,0.69881403,206.0,104.0,0.8154753,204.0,104.0,0.73143995,195.0,102.0,0.5955977,192.0,102.0,0.84385103,178.0,111.0,0.7913096,170.0,108.0,0.78264284,161.0,121.0,0.2991427,132.0,120.0,0.5046536,167.0,134.0,0.37982926,152.0,145.0,0.6174765,115.0,125.0,0.78615314,112.0,126.0,0.8349984,67.0,126.0,0.72565824,65.0,129.0,0.70338714,25.0,124.0,0.822109,24.0,125.0,0.7116966,1,cobra
cobra/guy1_cobra027_flipped.jpg,92.0,109.0,0.6183267,94.0,105.0,0.79943526,93.0,105.0,0.74792343,108.0,102.0,0.86849535,105.0,102.0,0.75257766,130.0,110.0,0.5733148,121.0,111.0,0.7946296,167.0,122.0,0.71197945,148.0,116.0,0.26400217,148.0,144.0,0.8105322,130.0,136.0,0.6781173,184.0,128.0,0.6360251,180.0,124.0,0.6939668,234.0,129.0,0.8034501,230.0,125.0,0.7375519,275.0,125.0,0.5976655,270.0,122.0,0.7647022,1,cobra
cobra/guy1_cobra028.jpg,207.0,108.0,0.5436646,206.0,103.0,0.70787907,204.0,103.0,0.72766495,194.0,101.0,0.51144326,191.0,101.0,0.83914447,181.0,111.0,0.72799087,170.0,108.0,0.73554003,165.0,124.0,0.40571418,132.0,119.0,0.48127133,170.0,134.0,0.41207218,152.0,144.0,0.5981505,116.0,125.0,0.7747912,113.0,126.0,0.81473434,69.0,125.0,0.7264198,66.0,129.0,0.720839,28.0,124.0,0.81846225,25.0,125.0,0.7068571,1,cobra
cobra/guy1_cobra028_flipped.jpg,93.0,108.0,0.77401894,95.0,103.0,0.6586138,94.0,104.0,0.7155533,109.0,101.0,0.6941675,105.0,101.0,0.5721902,130.0,109.0,0.6501404,122.0,109.0,0.7708047,168.0,122.0,0.70238274,147.0,115.0,0.31583628,148.0,144.0,0.8427347,131.0,135.0,0.67409617,184.0,127.0,0.7118982,180.0,123.0,0.6952486,233.0,129.0,0.6537683,228.0,124.0,0.6803386,273.0,124.0,0.7530159,266.0,122.0,0.7252284,1,cobra
cobra/guy1_cobra029.jpg,208.0,106.0,0.48787412,208.0,102.0,0.49808395,204.0,102.0,0.48160106,196.0,100.0,0.59683955,191.0,100.0,0.84935546,183.0,109.0,0.7836705,171.0,107.0,0.8223165,163.0,124.0,0.35193333,133.0,119.0,0.44114545,170.0,134.0,0.4582568,153.0,145.0,0.69963914,119.0,125.0,0.7666075,116.0,125.0,0.820022,71.0,124.0,0.71465266,68.0,130.0,0.7166533,31.0,122.0,0.7776334,27.0,124.0,0.8158659,1,cobra
cobra/guy1_cobra029_flipped.jpg,91.0,107.0,0.76434636,94.0,102.0,0.7262126,92.0,102.0,0.58085877,107.0,101.0,0.6947063,103.0,101.0,0.6124588,129.0,109.0,0.75059,120.0,109.0,0.72129357,166.0,121.0,0.5090337,142.0,118.0,0.32584846,146.0,145.0,0.68444055,127.0,136.0,0.6448723,184.0,127.0,0.7171855,179.0,123.0,0.68856806,232.0,129.0,0.677928,226.0,124.0,0.6370403,271.0,124.0,0.78697556,264.0,122.0,0.737157,1,cobra
cobra/guy1_cobra032.jpg,214.0,104.0,0.70208246,213.0,99.0,0.60023683,209.0,99.0,0.7518897,202.0,98.0,0.41789496,195.0,97.0,0.83609974,189.0,109.0,0.75832963,175.0,107.0,0.7862213,169.0,128.0,0.47227287,138.0,122.0,0.60696435,177.0,136.0,0.49606425,158.0,146.0,0.6446796,127.0,126.0,0.6166189,123.0,127.0,0.78526086,84.0,124.0,0.608599,76.0,130.0,0.734903,44.0,121.0,0.7955617,38.0,125.0,0.77159494,1,cobra
cobra/guy1_cobra032_flipped.jpg,87.0,103.0,0.8133836,89.0,98.0,0.858937,88.0,98.0,0.7731119,103.0,97.0,0.75165844,99.0,97.0,0.6104993,124.0,108.0,0.65994275,115.0,109.0,0.76539373,159.0,121.0,0.5478301,136.0,123.0,0.40248722,143.0,145.0,0.74686617,117.0,137.0,0.7737321,178.0,128.0,0.7422477,173.0,124.0,0.65153337,223.0,129.0,0.6421154,216.0,123.0,0.68349135,260.0,123.0,0.61362195,252.0,120.0,0.6563735,1,cobra
cobra/guy1_cobra037.jpg,225.0,98.0,0.8301711,224.0,94.0,0.8100773,220.0,94.0,0.7806264,214.0,93.0,0.5515421,206.0,93.0,0.77811486,205.0,108.0,0.5997162,183.0,105.0,0.6241246,185.0,125.0,0.62993455,152.0,123.0,0.7022543,195.0,139.0,0.75417227,170.0,148.0,0.75248015,147.0,127.0,0.69568443,139.0,127.0,0.71422076,105.0,123.0,0.6489167,94.0,128.0,0.6795888,72.0,119.0,0.6322926,59.0,122.0,0.7611514,1,cobra
cobra/guy1_cobra037_flipped.jpg,75.0,99.0,0.77462876,78.0,94.0,0.663642,76.0,94.0,0.6470103,93.0,94.0,0.79054385,86.0,94.0,0.47857827,119.0,106.0,0.6193743,97.0,108.0,0.7430951,149.0,126.0,0.7194787,114.0,128.0,0.5895113,131.0,149.0,0.7970204,102.0,140.0,0.8370958,165.0,129.0,0.82220006,154.0,127.0,0.5981128,203.0,130.0,0.81037486,196.0,126.0,0.6551032,241.0,122.0,0.73696643,228.0,120.0,0.6494539,1,cobra
cobra/guy1_cobra039.jpg,229.0,97.0,0.7345467,228.0,92.0,0.75056934,224.0,93.0,0.6996648,219.0,92.0,0.53482294,211.0,92.0,0.6756239,211.0,108.0,0.69215035,185.0,104.0,0.6603346,194.0,125.0,0.46162364,155.0,125.0,0.7555599,202.0,140.0,0.91120934,175.0,151.0,0.73818904,151.0,129.0,0.63778126,142.0,129.0,0.7473537,111.0,125.0,0.6896632,102.0,127.0,0.65900266,78.0,120.0,0.63160133,67.0,123.0,0.6914073,1,cobra
cobra/guy1_cobra039_flipped.jpg,70.0,97.0,0.559157,75.0,93.0,0.7430409,71.0,93.0,0.6685971,89.0,93.0,0.79905725,81.0,93.0,0.6445116,117.0,105.0,0.66678894,90.0,109.0,0.5671184,144.0,125.0,0.59445393,106.0,130.0,0.7285805,128.0,149.0,0.8502296,95.0,142.0,0.84578276,162.0,128.0,0.7372676,150.0,128.0,0.5437252,197.0,130.0,0.82197136,188.0,126.0,0.51617754,235.0,122.0,0.878542,218.0,119.0,0.6057621,1,cobra
cobra/guy1_cobra041.jpg,231.0,96.0,0.44221622,231.0,91.0,0.7488612,226.0,92.0,0.6195654,222.0,90.0,0.6666273,213.0,92.0,0.82964444,215.0,107.0,0.5976448,188.0,104.0,0.77322644,194.0,127.0,0.55012155,157.0,127.0,0.7945952,205.0,141.0,0.8692133,177.0,152.0,0.7981654,155.0,129.0,0.73867494,146.0,129.0,0.7658553,116.0,126.0,0.6383955,107.0,130.0,0.6838687,90.0,121.0,0.38376626,74.0,124.0,0.5155415,1,cobra
cobra/guy1_cobra041_flipped.jpg,68.0,95.0,0.7899269,73.0,90.0,0.82946134,69.0,91.0,0.8209963,88.0,90.0,0.8873766,78.0,91.0,0.48706648,115.0,105.0,0.5420232,87.0,111.0,0.6819037,141.0,125.0,0.52988565,101.0,131.0,0.6619139,125.0,150.0,0.7811261,90.0,144.0,0.75287294,161.0,128.0,0.7461715,150.0,128.0,0.57929575,195.0,130.0,0.8069665,185.0,125.0,0.587893,230.0,123.0,0.8340974,212.0,120.0,0.5448457,1,cobra
cobra/guy1_cobra045.jpg,232.0,95.0,0.8198543,233.0,90.0,0.72606325,227.0,89.0,0.7207742,224.0,89.0,0.76139534,213.0,89.0,0.8337532,218.0,107.0,0.6884487,185.0,104.0,0.77544767,202.0,127.0,0.43456227,157.0,129.0,0.7968562,213.0,145.0,0.849983,178.0,155.0,0.7442369,162.0,132.0,0.6428156,148.0,132.0,0.74595654,127.0,127.0,0.4131341,112.0,130.0,0.61536944,96.0,121.0,0.5600692,83.0,123.0,0.5038657,1,cobra
cobra/guy1_cobra045_flipped.jpg,68.0,94.0,0.7572032,73.0,88.0,0.8020814,67.0,89.0,0.7943957,88.0,87.0,0.9036733,75.0,89.0,0.6082306,117.0,104.0,0.55823,82.0,110.0,0.752653,139.0,127.0,0.6763894,98.0,131.0,0.6286659,124.0,154.0,0.7304094,86.0,145.0,0.7610037,160.0,129.0,0.7752595,147.0,130.0,0.6299802,190.0,129.0,0.7524612,181.0,125.0,0.6343056,221.0,123.0,0.7848133,206.0,119.0,0.60670763,1,cobra
cobra/guy1_cobra047.jpg,231.0,95.0,0.69264174,231.0,89.0,0.5244416,225.0,89.0,0.68076205,224.0,88.0,0.55314934,211.0,88.0,0.89474356,219.0,109.0,0.6541494,183.0,104.0,0.6365447,201.0,127.0,0.61328626,156.0,130.0,0.71426564,213.0,147.0,0.8315464,176.0,156.0,0.8051815,161.0,135.0,0.66011834,147.0,135.0,0.77370787,131.0,127.0,0.38061577,115.0,128.0,0.44376835,107.0,121.0,0.34468448,88.0,122.0,0.43607882,1,cobra
cobra/guy1_cobra047_flipped.jpg,70.0,94.0,0.81853247,75.0,89.0,0.6719173,68.0,89.0,0.8350996,90.0,89.0,0.6970372,75.0,89.0,0.5621026,118.0,104.0,0.6720786,82.0,112.0,0.74260974,141.0,130.0,0.70645493,97.0,133.0,0.69389844,125.0,156.0,0.6945694,85.0,146.0,0.8150227,158.0,131.0,0.68369526,146.0,131.0,0.6626959,187.0,131.0,0.7385874,177.0,126.0,0.5034772,217.0,123.0,0.7846372,206.0,120.0,0.7248362,1,cobra
cobra/guy1_cobra048.jpg,230.0,95.0,0.7229175,230.0,89.0,0.5651575,224.0,90.0,0.54055405,223.0,87.0,0.6986336,210.0,88.0,0.87467486,217.0,111.0,0.5698746,181.0,105.0,0.6868923,201.0,128.0,0.59051657,155.0,130.0,0.7522392,214.0,147.0,0.8841416,174.0,156.0,0.7967611,164.0,136.0,0.5896851,148.0,135.0,0.77285236,131.0,126.0,0.38956615,114.0,129.0,0.78956413,103.0,121.0,0.38207772,87.0,123.0,0.5256913,1,cobra
cobra/guy1_cobra048_flipped.jpg,70.0,94.0,0.8604026,76.0,89.0,0.6950269,70.0,89.0,0.6449369,91.0,89.0,0.72313035,77.0,88.0,0.58655757,120.0,104.0,0.5892265,84.0,110.0,0.6488666,143.0,128.0,0.5128039,99.0,130.0,0.697605,127.0,157.0,0.8846747,85.0,148.0,0.882569,154.0,133.0,0.6977975,139.0,133.0,0.6184188,186.0,131.0,0.75551355,174.0,130.0,0.47242296,213.0,124.0,0.60546875,198.0,122.0,0.622162,1,cobra
cobra/guy1_cobra050.jpg,225.0,95.0,0.8443293,226.0,88.0,0.6111766,220.0,88.0,0.80966806,220.0,89.0,0.52537584,204.0,88.0,0.7077764,216.0,109.0,0.555374,176.0,104.0,0.6025814,200.0,127.0,0.5827719,152.0,131.0,0.71691686,213.0,149.0,0.85929936,170.0,157.0,0.67103577,162.0,136.0,0.51662725,146.0,134.0,0.77197814,128.0,128.0,0.45474818,115.0,131.0,0.82229817,101.0,120.0,0.53550386,89.0,122.0,0.57039243,1,cobra
cobra/guy1_cobra050_flipped.jpg,75.0,94.0,0.54275686,80.0,88.0,0.8570201,74.0,88.0,0.8201954,96.0,89.0,0.8396679,80.0,89.0,0.7545923,125.0,106.0,0.72182554,85.0,109.0,0.7692387,147.0,129.0,0.59844536,100.0,130.0,0.7559965,131.0,158.0,0.88896203,87.0,150.0,0.89965034,156.0,133.0,0.750736,141.0,134.0,0.54722804,187.0,131.0,0.8416781,174.0,127.0,0.52427256,214.0,124.0,0.65580404,197.0,121.0,0.5995046,1,cobra
cobra/guy1_cobra053.jpg,216.0,94.0,0.66167605,218.0,88.0,0.7213344,210.0,88.0,0.61407495,213.0,88.0,0.6233418,195.0,87.0,0.536085,209.0,110.0,0.6805872,169.0,105.0,0.6717888,194.0,128.0,0.7319182,144.0,131.0,0.5826555,208.0,150.0,0.8755908,161.0,159.0,0.7595171,158.0,138.0,0.59326386,143.0,137.0,0.67114395,132.0,127.0,0.68048686,114.0,132.0,0.81160635,109.0,119.0,0.49596956,91.0,122.0,0.8167499,1,cobra
cobra/guy1_cobra053_flipped.jpg,84.0,94.0,0.7051184,90.0,88.0,0.58420026,82.0,88.0,0.8167255,106.0,88.0,0.7827246,88.0,89.0,0.73491,132.0,107.0,0.59300745,92.0,110.0,0.60145766,155.0,131.0,0.76456463,104.0,131.0,0.802098,139.0,160.0,0.84470063,91.0,151.0,0.89683723,163.0,134.0,0.7218737,145.0,133.0,0.6332139,187.0,131.0,0.8271046,176.0,126.0,0.48690182,212.0,124.0,0.8452735,197.0,120.0,0.59622085,1,cobra
cobra/guy1_cobra057.jpg,200.0,93.0,0.60143197,203.0,87.0,0.5397788,194.0,87.0,0.55149376,199.0,87.0,0.62399656,180.0,87.0,0.80863386,197.0,107.0,0.7914582,154.0,104.0,0.749959,185.0,130.0,0.71895665,134.0,131.0,0.819475,200.0,152.0,0.7253474,147.0,158.0,0.7943898,158.0,144.0,0.65888906,139.0,142.0,0.7417449,133.0,129.0,0.7632919,115.0,134.0,0.66873485,114.0,120.0,0.5687756,96.0,123.0,0.7019973,1,cobra
cobra/guy1_cobra057_flipped.jpg,99.0,93.0,0.8486599,105.0,86.0,0.87149465,97.0,87.0,0.8205948,121.0,86.0,0.8803563,102.0,87.0,0.6206939,146.0,106.0,0.7504659,101.0,105.0,0.74174404,167.0,130.0,0.8076835,112.0,131.0,0.7075454,154.0,158.0,0.7832969,99.0,151.0,0.9327751,165.0,138.0,0.70521206,143.0,138.0,0.571841,189.0,130.0,0.8547279,169.0,128.0,0.6864614,208.0,122.0,0.58094835,186.0,118.0,0.67313564,1,cobra
cobra/guy1_cobra058.jpg,196.0,93.0,0.80372715,198.0,87.0,0.82127106,190.0,87.0,0.7334754,195.0,87.0,0.70948976,176.0,87.0,0.8155189,194.0,106.0,0.82460964,152.0,103.0,0.7323745,184.0,130.0,0.7359713,132.0,131.0,0.7793243,198.0,152.0,0.71041834,142.0,158.0,0.8375639,158.0,143.0,0.70800745,137.0,141.0,0.728824,132.0,128.0,0.71343106,114.0,133.0,0.7703872,115.0,119.0,0.5498742,97.0,120.0,0.721894,1,cobra
cobra/guy1_cobra058_flipped.jpg,104.0,93.0,0.7519642,110.0,87.0,0.77359736,102.0,87.0,0.8579806,124.0,87.0,0.7466186,105.0,87.0,0.8218988,149.0,105.0,0.79747087,104.0,106.0,0.80603504,169.0,131.0,0.74476457,113.0,130.0,0.77922845,157.0,158.0,0.90773016,101.0,152.0,0.9354032,166.0,139.0,0.6380639,144.0,141.0,0.5919552,187.0,129.0,0.77764714,169.0,128.0,0.62581587,205.0,120.0,0.82712156,186.0,118.0,0.5437608,1,cobra
cobra/guy1_cobra060.jpg,187.0,93.0,0.59303385,190.0,86.0,0.6436037,181.0,86.0,0.794318,188.0,86.0,0.72642756,168.0,86.0,0.7922864,190.0,104.0,0.84762526,146.0,103.0,0.6763356,182.0,129.0,0.6118243,127.0,130.0,0.69086486,193.0,151.0,0.88177997,136.0,157.0,0.94476444,155.0,143.0,0.6862793,134.0,141.0,0.6723578,128.0,126.0,0.6368828,113.0,131.0,0.72929525,117.0,118.0,0.6301613,97.0,120.0,0.75980234,1,cobra
cobra/guy1_cobra060_flipped.jpg,113.0,93.0,0.7659732,119.0,86.0,0.8716836,111.0,86.0,0.7733638,133.0,86.0,0.8053577,113.0,87.0,0.7385162,157.0,103.0,0.8025838,111.0,104.0,0.64905465,175.0,129.0,0.7831615,118.0,131.0,0.7069666,165.0,159.0,0.8531407,108.0,151.0,0.83395314,169.0,142.0,0.65833455,147.0,142.0,0.60146874,188.0,127.0,0.74689794,173.0,128.0,0.66874707,202.0,118.0,0.86524475,186.0,115.0,0.69669485,1,cobra
cobra/guy1_cobra066.jpg,164.0,91.0,0.79302067,167.0,85.0,0.89266753,158.0,85.0,0.80622107,169.0,84.0,0.7532871,147.0,84.0,0.83807063,176.0,99.0,0.8638469,127.0,100.0,0.6765624,173.0,126.0,0.6959176,118.0,127.0,0.48906717,181.0,150.0,0.8266038,120.0,153.0,0.8310386,154.0,144.0,0.7869629,129.0,144.0,0.7349844,133.0,130.0,0.294509,117.0,127.0,0.37067214,125.0,115.0,0.22722967,109.0,115.0,0.50511914,1,cobra
cobra/guy1_cobra066_flipped.jpg,136.0,91.0,0.7808983,142.0,84.0,0.84679776,133.0,84.0,0.9126388,152.0,84.0,0.8834336,132.0,84.0,0.8033262,172.0,101.0,0.6091635,124.0,100.0,0.86295784,184.0,126.0,0.56501144,127.0,123.0,0.57316536,180.0,152.0,0.67261297,119.0,149.0,0.88767666,168.0,145.0,0.8743763,145.0,144.0,0.8297915,183.0,126.0,0.7319282,161.0,129.0,0.57344025,190.0,116.0,0.5644842,168.0,117.0,0.17206822,1,cobra
cobra/guy1_cobra069.jpg,156.0,88.0,0.82052135,160.0,82.0,0.62224674,151.0,83.0,0.8042262,163.0,82.0,0.7242929,141.0,82.0,0.5900909,174.0,99.0,0.82326424,124.0,98.0,0.803482,173.0,125.0,0.74997073,117.0,123.0,0.7787528,178.0,148.0,0.8294693,117.0,149.0,0.89859056,155.0,142.0,0.7958856,130.0,141.0,0.8148298,145.0,133.0,0.2301035,126.0,135.0,0.31108105,140.0,125.0,0.3489298,128.0,125.0,0.25226912,1,cobra
cobra/guy1_cobra069_flipped.jpg,144.0,89.0,0.79751766,149.0,83.0,0.82951987,139.0,83.0,0.55134344,158.0,82.0,0.6181232,136.0,82.0,0.7661483,176.0,98.0,0.6985744,127.0,99.0,0.84749556,183.0,124.0,0.9117567,127.0,125.0,0.50993556,182.0,149.0,0.6977526,122.0,148.0,0.8424648,168.0,142.0,0.8292115,144.0,141.0,0.78072906,175.0,137.0,0.39944655,148.0,134.0,0.42787042,179.0,124.0,0.14999717,155.0,121.0,0.16859643,1,cobra
cobra/guy1_cobra075.jpg,150.0,86.0,0.7947933,155.0,81.0,0.7746638,145.0,81.0,0.83310723,161.0,79.0,0.7997177,138.0,79.0,0.7718407,175.0,96.0,0.7397965,125.0,96.0,0.7249652,177.0,122.0,0.78756934,122.0,121.0,0.48729086,179.0,145.0,0.8176953,118.0,145.0,0.91179985,162.0,137.0,0.8710004,136.0,137.0,0.8573428,162.0,130.0,0.39458543,135.0,131.0,0.5806134,160.0,119.0,0.31490013,138.0,121.0,0.3694029,1,cobra
cobra/guy1_cobra075_flipped.jpg,150.0,87.0,0.68773806,155.0,81.0,0.7574974,145.0,81.0,0.8637708,162.0,79.0,0.7136522,139.0,79.0,0.72190773,175.0,96.0,0.9175078,125.0,97.0,0.84314144,178.0,123.0,0.8385854,123.0,123.0,0.71426237,181.0,146.0,0.6286032,121.0,145.0,0.7890567,163.0,140.0,0.8564739,137.0,140.0,0.8511484,166.0,133.0,0.59234464,138.0,132.0,0.5348064,166.0,122.0,0.32210487,140.0,119.0,0.28468263,1,cobra
cobra/guy1_cobra077.jpg,151.0,87.0,0.8024175,155.0,81.0,0.723071,146.0,81.0,0.7595129,162.0,79.0,0.6773158,140.0,80.0,0.74964494,177.0,96.0,0.78114843,127.0,96.0,0.8240384,180.0,124.0,0.8205341,125.0,122.0,0.7213321,181.0,145.0,0.717219,121.0,145.0,0.85050625,166.0,136.0,0.8930475,140.0,136.0,0.8788038,167.0,130.0,0.5069558,140.0,129.0,0.54282707,167.0,118.0,0.28163412,142.0,118.0,0.25269485,1,cobra
cobra/guy1_cobra077_flipped.jpg,149.0,86.0,0.8093214,154.0,80.0,0.8982707,144.0,80.0,0.7985435,160.0,79.0,0.76058984,138.0,79.0,0.72270536,173.0,95.0,0.93130744,122.0,96.0,0.770875,173.0,121.0,0.80485195,120.0,122.0,0.6976041,178.0,144.0,0.64425135,117.0,144.0,0.84444815,158.0,140.0,0.81795883,132.0,140.0,0.8551318,159.0,132.0,0.49100116,131.0,133.0,0.45461243,152.0,120.0,0.25240016,134.0,119.0,0.29197094,1,cobra
cobra/guy1_cobra078.jpg,152.0,86.0,0.8048375,156.0,80.0,0.760331,147.0,80.0,0.71418643,163.0,78.0,0.818514,141.0,79.0,0.8382536,178.0,96.0,0.72661084,129.0,95.0,0.808091,182.0,121.0,0.8480903,128.0,121.0,0.7869657,183.0,145.0,0.78971595,122.0,145.0,0.7610575,167.0,136.0,0.8393062,142.0,136.0,0.8656356,168.0,130.0,0.54542077,142.0,131.0,0.51049846,168.0,120.0,0.28611204,146.0,121.0,0.30143574,1,cobra
cobra/guy1_cobra078_flipped.jpg,148.0,86.0,0.8163368,153.0,80.0,0.9150139,143.0,80.0,0.77557445,158.0,79.0,0.6986959,137.0,79.0,0.7604922,171.0,96.0,0.9328536,121.0,97.0,0.75469065,171.0,121.0,0.75666034,118.0,121.0,0.55036867,177.0,145.0,0.67111844,116.0,144.0,0.84336716,156.0,139.0,0.75203496,130.0,140.0,0.83056206,157.0,132.0,0.38341922,129.0,131.0,0.5348083,150.0,118.0,0.23754576,130.0,116.0,0.29576182,1,cobra
cobra/guy1_cobra079.jpg,152.0,86.0,0.7972664,158.0,80.0,0.7364832,148.0,80.0,0.7728622,165.0,79.0,0.81525785,142.0,79.0,0.81977177,180.0,97.0,0.8757106,131.0,95.0,0.8216372,185.0,123.0,0.75650436,130.0,121.0,0.6894075,185.0,145.0,0.8066348,124.0,145.0,0.795955,170.0,137.0,0.884231,145.0,136.0,0.85603935,171.0,130.0,0.5461348,145.0,131.0,0.4953675,172.0,120.0,0.27171066,148.0,119.0,0.22921143,1,cobra
cobra/guy1_cobra079_flipped.jpg,147.0,86.0,0.64386654,151.0,80.0,0.7049384,142.0,80.0,0.77917266,158.0,79.0,0.80026835,136.0,79.0,0.72675943,170.0,95.0,0.92793995,119.0,97.0,0.7900214,169.0,121.0,0.827471,115.0,122.0,0.6240318,176.0,145.0,0.79852307,114.0,145.0,0.60829264,154.0,139.0,0.79872245,128.0,140.0,0.8639517,155.0,130.0,0.4163977,126.0,130.0,0.51105237,148.0,116.0,0.22557646,128.0,115.0,0.31632864,1,cobra
cobra/guy1_cobra080.jpg,153.0,87.0,0.76476455,159.0,81.0,0.66958207,149.0,81.0,0.7758306,166.0,79.0,0.71035874,144.0,79.0,0.74192905,182.0,97.0,0.7247962,132.0,96.0,0.70122224,187.0,123.0,0.81838226,132.0,122.0,0.7155318,187.0,145.0,0.80823505,126.0,145.0,0.90678185,172.0,137.0,0.88865894,147.0,137.0,0.7440363,175.0,129.0,0.582819,147.0,130.0,0.3952058,180.0,118.0,0.19456619,153.0,115.0,0.14997123,1,cobra
cobra/guy1_cobra080_flipped.jpg,146.0,87.0,0.6882076,151.0,81.0,0.8372366,141.0,81.0,0.6273829,156.0,80.0,0.77997047,134.0,80.0,0.8289225,168.0,95.0,0.87913954,117.0,97.0,0.6083107,168.0,121.0,0.8413876,113.0,123.0,0.73105764,173.0,145.0,0.7339097,112.0,145.0,0.5879744,152.0,140.0,0.81716955,126.0,140.0,0.8211801,149.0,132.0,0.24619761,121.0,130.0,0.27695188,142.0,118.0,0.27366725,123.0,117.0,0.23377097,1,cobra
cobra/guy1_cobra087.jpg,160.0,86.0,0.743996,165.0,80.0,0.634104,156.0,80.0,0.70670664,175.0,80.0,0.7147268,153.0,79.0,0.7126937,195.0,97.0,0.51719445,146.0,96.0,0.82175833,206.0,124.0,0.6412344,148.0,121.0,0.6487615,201.0,149.0,0.85948014,139.0,147.0,0.8029474,189.0,140.0,0.6650213,165.0,139.0,0.7377137,204.0,122.0,0.49026015,180.0,122.0,0.26003549,208.0,113.0,0.6026455,191.0,114.0,0.13305096,1,cobra
cobra/guy1_cobra087_flipped.jpg,140.0,86.0,0.7355796,144.0,80.0,0.6484318,135.0,81.0,0.7600299,147.0,80.0,0.6162604,125.0,80.0,0.7058029,155.0,94.0,0.8398657,106.0,96.0,0.44295987,153.0,121.0,0.74212646,94.0,122.0,0.6476337,162.0,148.0,0.68838847,98.0,150.0,0.58516705,129.0,141.0,0.72776544,105.0,140.0,0.63101643,103.0,123.0,0.26845586,93.0,121.0,0.24040969,98.0,110.0,0.3735547,90.0,113.0,0.36426923,1,cobra
cobra/guy1_cobra088.jpg,161.0,87.0,0.73760813,166.0,80.0,0.68345547,157.0,80.0,0.8918038,177.0,79.0,0.58435667,155.0,79.0,0.54494584,197.0,97.0,0.52732986,147.0,96.0,0.86099637,208.0,125.0,0.6336118,150.0,122.0,0.6011406,203.0,151.0,0.895403,140.0,148.0,0.8820173,193.0,141.0,0.63615596,168.0,141.0,0.6907176,208.0,123.0,0.6008343,186.0,123.0,0.42633936,214.0,114.0,0.6237038,195.0,113.0,0.17746182,1,cobra
cobra/guy1_cobra088_flipped.jpg,140.0,86.0,0.7370846,144.0,80.0,0.8422545,134.0,81.0,0.7987284,145.0,80.0,0.69181836,124.0,81.0,0.7878299,153.0,93.0,0.9102938,103.0,97.0,0.60027635,150.0,121.0,0.7028624,93.0,124.0,0.61564076,161.0,148.0,0.7434983,98.0,151.0,0.82210684,127.0,141.0,0.69257724,103.0,139.0,0.6978369,99.0,121.0,0.45434117,90.0,122.0,0.4727485,96.0,113.0,0.39401367,85.0,115.0,0.4398425,1,cobra
cobra/guy1_cobra089.jpg,160.0,87.0,0.7600203,166.0,81.0,0.8072491,156.0,80.0,0.89256155,176.0,80.0,0.7139877,154.0,80.0,0.57429475,197.0,98.0,0.5637064,148.0,96.0,0.80724126,211.0,125.0,0.5091513,152.0,123.0,0.7533104,204.0,152.0,0.9141429,141.0,148.0,0.8060539,198.0,140.0,0.66024756,172.0,141.0,0.6630583,212.0,123.0,0.8120885,191.0,121.0,0.35752267,217.0,113.0,0.68345606,209.0,113.0,0.31946158,1,cobra
cobra/guy1_cobra089_flipped.jpg,140.0,87.0,0.80869985,143.0,81.0,0.86006767,134.0,81.0,0.8563945,145.0,81.0,0.7837236,123.0,81.0,0.77303374,152.0,94.0,0.8952743,103.0,97.0,0.4469781,150.0,122.0,0.5651545,89.0,125.0,0.6640303,159.0,148.0,0.70516026,96.0,152.0,0.72375304,126.0,142.0,0.6877846,100.0,140.0,0.69754744,96.0,122.0,0.5144242,86.0,123.0,0.6093861,92.0,112.0,0.4078079,80.0,112.0,0.61767185,1,cobra
cobra/guy1_cobra090.jpg,161.0,87.0,0.7372265,167.0,81.0,0.6978704,157.0,81.0,0.8621665,178.0,80.0,0.8432165,155.0,81.0,0.6238945,200.0,97.0,0.6878381,150.0,96.0,0.8003794,213.0,128.0,0.6775931,154.0,124.0,0.66853225,205.0,154.0,0.8728637,142.0,149.0,0.83493376,199.0,141.0,0.73692024,174.0,141.0,0.6480553,213.0,126.0,0.7826773,193.0,124.0,0.45375732,223.0,115.0,0.6420497,208.0,113.0,0.17034715,1,cobra
cobra/guy1_cobra090_flipped.jpg,140.0,87.0,0.8118925,143.0,81.0,0.87226367,133.0,82.0,0.84077156,143.0,81.0,0.6999429,123.0,82.0,0.78114796,150.0,94.0,0.8577482,101.0,97.0,0.45148996,148.0,122.0,0.6293571,88.0,125.0,0.7840327,158.0,149.0,0.719294,95.0,152.0,0.8200444,123.0,142.0,0.6952666,97.0,140.0,0.67840993,93.0,123.0,0.46244127,83.0,125.0,0.6737308,88.0,114.0,0.40243417,75.0,113.0,0.5752176,1,cobra
cobra/guy1_cobra091.jpg,160.0,87.0,0.7422681,166.0,81.0,0.8303562,156.0,80.0,0.7935189,177.0,80.0,0.765171,155.0,80.0,0.481994,199.0,98.0,0.78838915,151.0,96.0,0.6379037,213.0,127.0,0.57802343,156.0,123.0,0.6935165,206.0,153.0,0.78062296,144.0,149.0,0.6379336,202.0,141.0,0.69026387,176.0,143.0,0.6567303,215.0,125.0,0.66682494,198.0,122.0,0.32233426,225.0,115.0,0.69557816,219.0,115.0,0.4070042,1,cobra
cobra/guy1_cobra091_flipped.jpg,139.0,87.0,0.78635025,142.0,82.0,0.7553879,133.0,82.0,0.8494052,144.0,82.0,0.7168895,122.0,82.0,0.77807164,149.0,95.0,0.9057494,101.0,97.0,0.55340743,146.0,123.0,0.68106353,85.0,127.0,0.70387024,156.0,148.0,0.86698985,95.0,154.0,0.73625714,121.0,143.0,0.69334024,94.0,142.0,0.7025589,90.0,125.0,0.5000005,79.0,126.0,0.5493716,86.0,113.0,0.37453923,72.0,112.0,0.7393825,1,cobra
cobra/guy1_cobra101.jpg,145.0,89.0,0.819118,151.0,82.0,0.66175735,141.0,82.0,0.7603421,167.0,83.0,0.7016915,144.0,82.0,0.4572494,196.0,104.0,0.7807385,147.0,104.0,0.66043806,219.0,135.0,0.7642296,159.0,131.0,0.82460386,201.0,164.0,0.80323374,144.0,153.0,0.915594,221.0,143.0,0.69446063,200.0,141.0,0.590364,244.0,132.0,0.74381906,225.0,131.0,0.52215624,264.0,122.0,0.82542264,245.0,121.0,0.4365799,1,cobra
cobra/guy1_cobra101_flipped.jpg,155.0,88.0,0.72758305,158.0,82.0,0.7224585,148.0,82.0,0.61517394,154.0,82.0,0.7179543,133.0,82.0,0.77308136,152.0,103.0,0.8307513,103.0,101.0,0.76298785,140.0,129.0,0.8471546,81.0,132.0,0.7588293,156.0,154.0,0.707659,98.0,161.0,0.83821785,107.0,143.0,0.6683903,84.0,142.0,0.7026515,77.0,128.0,0.7611635,56.0,132.0,0.68125296,54.0,117.0,0.7482672,36.0,120.0,0.7355068,1,cobra
cobra/guy1_cobra110.jpg,108.0,96.0,0.7909188,114.0,89.0,0.74241674,107.0,89.0,0.538555,131.0,88.0,0.66162384,113.0,89.0,0.55539525,166.0,108.0,0.7380482,122.0,111.0,0.66405976,194.0,138.0,0.54469633,140.0,137.0,0.6763052,175.0,167.0,0.78324914,127.0,156.0,0.7913889,212.0,138.0,0.60629034,194.0,137.0,0.43078372,247.0,136.0,0.5498911,231.0,131.0,0.4966709,280.0,128.0,0.8593991,263.0,123.0,0.6302519,1,cobra
cobra/guy1_cobra110_flipped.jpg,192.0,95.0,0.620921,193.0,88.0,0.81631124,185.0,88.0,0.7916618,184.0,88.0,0.68782496,168.0,87.0,0.75310934,180.0,111.0,0.7091432,130.0,106.0,0.7279682,159.0,133.0,0.69965863,100.0,135.0,0.7081626,172.0,156.0,0.8579297,124.0,166.0,0.87084883,107.0,137.0,0.69266784,90.0,139.0,0.74991846,73.0,129.0,0.50004435,53.0,137.0,0.77910435,38.0,122.0,0.6589787,21.0,125.0,0.8135353,1,cobra
cobra/guy1_cobra112.jpg,97.0,98.0,0.55702066,103.0,92.0,0.65355563,97.0,92.0,0.7267652,120.0,92.0,0.7286015,107.0,91.0,0.530812,158.0,110.0,0.6981784,116.0,112.0,0.5411759,190.0,136.0,0.5464289,137.0,137.0,0.56908464,168.0,167.0,0.84185237,123.0,155.0,0.8460467,207.0,138.0,0.6741904,190.0,137.0,0.5266279,246.0,137.0,0.5797178,226.0,133.0,0.5395998,282.0,128.0,0.8532218,261.0,123.0,0.64155173,1,cobra
cobra/guy1_cobra112_flipped.jpg,202.0,98.0,0.55625844,202.0,91.0,0.7356032,195.0,92.0,0.8144351,192.0,91.0,0.7030966,177.0,92.0,0.6703079,186.0,112.0,0.7111305,138.0,108.0,0.7472116,168.0,133.0,0.585165,107.0,136.0,0.7356631,177.0,155.0,0.8112458,132.0,167.0,0.7218261,114.0,138.0,0.49825266,96.0,136.0,0.7074772,74.0,134.0,0.4624374,56.0,137.0,0.6550358,37.0,124.0,0.5445497,23.0,126.0,0.4774313,1,cobra
cobra/guy1_cobra115.jpg,82.0,103.0,0.71179473,89.0,96.0,0.7467077,82.0,96.0,0.81950957,106.0,96.0,0.7729932,93.0,95.0,0.60687625,143.0,112.0,0.7546954,104.0,114.0,0.68168813,178.0,136.0,0.6519947,129.0,137.0,0.5000353,157.0,166.0,0.9123257,116.0,152.0,0.90314305,196.0,138.0,0.6759388,180.0,139.0,0.54473567,236.0,139.0,0.7674124,218.0,136.0,0.46137407,281.0,130.0,0.64055175,263.0,124.0,0.6007472,1,cobra
cobra/guy1_cobra115_flipped.jpg,217.0,102.0,0.629339,218.0,95.0,0.85767174,210.0,96.0,0.74805135,208.0,95.0,0.6221314,193.0,96.0,0.72567016,197.0,114.0,0.6635965,160.0,109.0,0.7855531,174.0,135.0,0.4087511,118.0,135.0,0.80580354,185.0,154.0,0.8322447,143.0,166.0,0.93559974,125.0,135.0,0.65062964,112.0,138.0,0.6144763,81.0,133.0,0.42523345,64.0,140.0,0.82322913,36.0,125.0,0.7014375,21.0,129.0,0.7936866,1,cobra
cobra/guy1_cobra123.jpg,49.0,112.0,0.51205146,53.0,107.0,0.59928524,49.0,106.0,0.49264303,71.0,106.0,0.7509795,62.0,107.0,0.22740625,104.0,115.0,0.5491582,84.0,117.0,0.54027,151.0,134.0,0.59034294,104.0,137.0,0.39166427,128.0,162.0,0.891178,93.0,149.0,0.72138816,167.0,139.0,0.7239335,159.0,136.0,0.62012076,228.0,139.0,0.6956434,214.0,130.0,0.6468243,277.0,129.0,0.7465416,263.0,123.0,0.62705296,1,cobra
cobra/guy1_cobra123_flipped.jpg,250.0,113.0,0.6578738,248.0,106.0,0.4818048,246.0,107.0,0.6162281,234.0,105.0,0.68364966,230.0,105.0,0.7035924,213.0,118.0,0.6223043,198.0,114.0,0.8785891,195.0,126.0,0.33216402,148.0,129.0,0.6623383,203.0,148.0,0.5502898,171.0,161.0,0.8011883,141.0,136.0,0.58976614,135.0,139.0,0.75746834,83.0,130.0,0.53106403,75.0,141.0,0.7473085,34.0,127.0,0.70852596,23.0,131.0,0.76086235,1,cobra
cobra/guy1_cobra124.jpg,45.0,114.0,0.6873021,48.0,109.0,0.71109474,46.0,108.0,0.65859616,65.0,107.0,0.7004918,60.0,108.0,0.4706704,98.0,115.0,0.6886264,83.0,117.0,0.6793924,149.0,131.0,0.5424925,104.0,134.0,0.39971387,124.0,162.0,0.8289088,90.0,149.0,0.7019609,164.0,138.0,0.74373674,158.0,133.0,0.65239275,226.0,139.0,0.7089735,214.0,130.0,0.5985341,276.0,130.0,0.80541396,264.0,124.0,0.65694237,1,cobra
cobra/guy1_cobra124_flipped.jpg,252.0,115.0,0.6879778,251.0,108.0,0.7341019,248.0,108.0,0.626273,237.0,106.0,0.70672065,232.0,106.0,0.83261156,217.0,118.0,0.74335796,202.0,114.0,0.8679361,197.0,125.0,0.35021862,152.0,130.0,0.6125762,207.0,148.0,0.6080383,175.0,161.0,0.85274523,142.0,133.0,0.69398004,135.0,136.0,0.7924351,83.0,129.0,0.5511662,76.0,139.0,0.74603593,35.0,126.0,0.71998376,22.0,131.0,0.82941675,1,cobra
cobra/guy1_cobra126.jpg,42.0,116.0,0.5606544,44.0,110.0,0.7401106,43.0,110.0,0.78158534,60.0,108.0,0.5373137,56.0,108.0,0.57221866,94.0,116.0,0.6037148,80.0,115.0,0.7195301,144.0,131.0,0.7293488,104.0,126.0,0.2243384,119.0,160.0,0.7951081,89.0,148.0,0.59785175,162.0,138.0,0.7568806,157.0,133.0,0.6533182,224.0,137.0,0.48512825,213.0,128.0,0.73396015,274.0,131.0,0.74428624,261.0,125.0,0.59652716,1,cobra
cobra/guy1_cobra126_flipped.jpg,259.0,117.0,0.6355969,256.0,111.0,0.79071593,256.0,111.0,0.7322866,241.0,108.0,0.5026144,240.0,109.0,0.72037095,219.0,119.0,0.71106946,206.0,114.0,0.7469659,196.0,123.0,0.27500382,157.0,130.0,0.48992333,203.0,145.0,0.4024364,182.0,159.0,0.8004946,144.0,130.0,0.78462225,137.0,134.0,0.8100002,81.0,130.0,0.676137,74.0,138.0,0.58662486,32.0,127.0,0.72718024,27.0,130.0,0.76687056,1,cobra
cobra/guy1_cobra127.jpg,39.0,117.0,0.6774337,41.0,112.0,0.5158423,40.0,111.0,0.49721634,56.0,108.0,0.7197331,53.0,109.0,0.6339253,92.0,115.0,0.85007566,79.0,116.0,0.65121806,140.0,129.0,0.6897125,104.0,124.0,0.20610084,115.0,159.0,0.7198057,89.0,147.0,0.58795714,162.0,137.0,0.71520907,156.0,133.0,0.6420709,222.0,137.0,0.5946515,212.0,128.0,0.6928433,272.0,131.0,0.7744411,262.0,125.0,0.60938025,1,cobra
cobra/guy1_cobra127_flipped.jpg,258.0,118.0,0.6586735,257.0,111.0,0.4964626,256.0,112.0,0.6224612,243.0,108.0,0.686725,242.0,109.0,0.8183386,220.0,118.0,0.7283526,208.0,115.0,0.77101815,195.0,120.0,0.25814968,158.0,129.0,0.62683153,209.0,147.0,0.44406447,184.0,159.0,0.7769674,144.0,133.0,0.67522013,138.0,136.0,0.8064257,82.0,128.0,0.6181859,76.0,138.0,0.6517943,35.0,126.0,0.61826646,25.0,131.0,0.8297487,1,cobra
cobra/guy1_cobra130.jpg,35.0,121.0,0.74611175,37.0,115.0,0.64851725,36.0,114.0,0.6616472,52.0,112.0,0.8361999,51.0,112.0,0.6445761,84.0,116.0,0.7808392,79.0,118.0,0.7703511,134.0,126.0,0.50488937,114.0,119.0,0.31837347,110.0,155.0,0.7284289,99.0,147.0,0.33513382,154.0,135.0,0.79758465,152.0,130.0,0.7329352,220.0,136.0,0.74584633,209.0,126.0,0.5649507,269.0,129.0,0.63406765,260.0,124.0,0.71238685,1,cobra
cobra/guy1_cobra130_flipped.jpg,264.0,123.0,0.72523916,262.0,116.0,0.6287087,262.0,116.0,0.6147729,250.0,110.0,0.64215475,249.0,111.0,0.7012948,221.0,117.0,0.6930727,217.0,117.0,0.68739146,185.0,117.0,0.24475127,164.0,125.0,0.6570077,197.0,148.0,0.34223396,191.0,156.0,0.8331317,147.0,128.0,0.7625185,143.0,134.0,0.7322102,82.0,128.0,0.7032049,79.0,136.0,0.50340855,35.0,126.0,0.72605693,29.0,129.0,0.8370889,1,cobra
cobra/guy1_cobra139.jpg,32.0,128.0,0.50577366,31.0,122.0,0.7345377,31.0,121.0,0.7591896,43.0,116.0,0.7957556,43.0,116.0,0.67774713,70.0,119.0,0.74251336,73.0,115.0,0.71613705,119.0,117.0,0.5212449,118.0,111.0,0.73414385,97.0,148.0,0.735088,98.0,140.0,0.35978773,141.0,129.0,0.7269256,141.0,124.0,0.73434854,209.0,132.0,0.7198305,203.0,124.0,0.7077363,265.0,128.0,0.6737206,258.0,122.0,0.626657,1,cobra
cobra/guy1_cobra139_flipped.jpg,267.0,130.0,0.5412528,268.0,123.0,0.6230933,268.0,124.0,0.702428,259.0,115.0,0.5263462,258.0,117.0,0.5622319,225.0,113.0,0.78050613,228.0,119.0,0.71838677,183.0,109.0,0.62584877,180.0,117.0,0.42637113,199.0,139.0,0.43365473,200.0,149.0,0.76856905,158.0,123.0,0.62412107,155.0,129.0,0.7461725,94.0,124.0,0.75088596,91.0,132.0,0.6462418,40.0,124.0,0.8194474,36.0,127.0,0.8815126,1,cobra
cobra/guy2_cobra027.jpg,248.0,153.0,0.53068614,248.0,147.0,0.42838144,247.0,148.0,0.6727803,235.0,142.0,0.2212001,229.0,144.0,0.48507655,206.0,136.0,0.5219055,193.0,151.0,0.36027208,188.0,133.0,0.16618823,144.0,166.0,0.5365565,201.0,170.0,0.25029388,171.0,199.0,0.6537819,123.0,144.0,0.5903308,113.0,155.0,0.46598577,72.0,149.0,0.33583862,60.0,161.0,0.42409137,16.0,143.0,0.5164913,7.0,147.0,0.33817002,1,cobra
cobra/guy2_cobra027_flipped.jpg,51.0,154.0,0.49717423,52.0,148.0,0.752319,51.0,147.0,0.69850945,71.0,142.0,0.7429805,66.0,141.0,0.69681966,103.0,153.0,0.47799513,98.0,132.0,0.7055944,157.0,168.0,0.81610024,131.0,136.0,0.3734468,126.0,198.0,0.7249978,106.0,168.0,0.3451212,179.0,161.0,0.6550679,174.0,146.0,0.65042865,243.0,162.0,0.6653346,228.0,149.0,0.67866665,290.0,150.0,0.53745806,281.0,141.0,0.6653297,1,cobra
cobra/guy2_cobra030.jpg,247.0,156.0,0.45572087,247.0,150.0,0.22706196,245.0,151.0,0.60029584,233.0,145.0,0.20686825,228.0,148.0,0.75813115,199.0,138.0,0.708959,189.0,158.0,0.47106975,185.0,139.0,0.14433838,143.0,176.0,0.64686775,195.0,173.0,0.17583993,171.0,206.0,0.36594206,122.0,151.0,0.70487654,111.0,164.0,0.5853865,73.0,152.0,0.5963429,58.0,167.0,0.38103107,15.0,143.0,0.47248635,8.0,149.0,0.5370463,1,cobra
cobra/guy2_cobra030_flipped.jpg,52.0,157.0,0.6586096,54.0,151.0,0.71751547,52.0,150.0,0.65603137,73.0,147.0,0.85843444,68.0,145.0,0.61742616,106.0,159.0,0.5842329,98.0,136.0,0.8179988,159.0,176.0,0.85300195,133.0,140.0,0.30917543,127.0,206.0,0.70534885,109.0,165.0,0.30327722,184.0,166.0,0.6711047,175.0,150.0,0.6212522,247.0,165.0,0.71708214,225.0,152.0,0.417951,290.0,148.0,0.48655397,284.0,143.0,0.5385023,1,cobra
cobra/guy2_cobra034_flipped.jpg,55.0,162.0,0.5992853,56.0,156.0,0.71478903,56.0,155.0,0.54253685,74.0,153.0,0.7217571,71.0,150.0,0.49401936,110.0,167.0,0.67817277,102.0,139.0,0.8533635,158.0,187.0,0.82612973,141.0,147.0,0.6406425,126.0,215.0,0.8664663,123.0,167.0,0.41781127,184.0,174.0,0.6484312,178.0,158.0,0.82625824,240.0,163.0,0.45186386,226.0,158.0,0.6249544,289.0,148.0,0.73202145,284.0,149.0,0.5379982,1,cobra
cobra/guy2_cobra036.jpg,245.0,159.0,0.3198557,245.0,155.0,0.3053525,243.0,156.0,0.46501046,229.0,151.0,0.16771066,226.0,155.0,0.6463067,202.0,144.0,0.54212844,189.0,169.0,0.3389487,185.0,141.0,0.13157268,146.0,192.0,0.7552439,190.0,172.0,0.2627103,176.0,219.0,0.74941075,127.0,160.0,0.72258496,120.0,174.0,0.7434524,72.0,156.0,0.7803979,58.0,171.0,0.47133708,14.0,148.0,0.60779786,12.0,149.0,0.63139296,1,cobra
cobra/guy2_cobra036_flipped.jpg,59.0,166.0,0.5041219,59.0,161.0,0.459581,58.0,159.0,0.5021194,76.0,157.0,0.7187425,72.0,152.0,0.60378695,111.0,172.0,0.6945484,103.0,138.0,0.6059933,157.0,193.0,0.8122123,138.0,148.0,0.6568996,122.0,220.0,0.9135669,122.0,170.0,0.2505951,180.0,176.0,0.7022415,171.0,158.0,0.76139057,237.0,169.0,0.48964423,222.0,159.0,0.68687844,288.0,150.0,0.7899479,241.0,152.0,0.14063095,1,cobra
cobra/guy2_cobra038.jpg,241.0,162.0,0.592786,241.0,157.0,0.47750413,239.0,158.0,0.43513328,226.0,154.0,0.27612245,223.0,158.0,0.53412104,202.0,146.0,0.5393426,187.0,176.0,0.5582633,159.0,154.0,0.3410648,146.0,195.0,0.74422586,180.0,174.0,0.29234403,176.0,220.0,0.774601,133.0,161.0,0.7760451,125.0,178.0,0.8177319,75.0,158.0,0.7094172,60.0,176.0,0.5798125,16.0,149.0,0.62644583,10.0,153.0,0.57739264,1,cobra
cobra/guy2_cobra038_flipped.jpg,62.0,166.0,0.4399846,61.0,162.0,0.66088533,60.0,160.0,0.62682986,77.0,159.0,0.56245315,72.0,153.0,0.62953764,110.0,173.0,0.7224566,104.0,140.0,0.73279804,155.0,196.0,0.7279531,138.0,151.0,0.5420085,122.0,222.0,0.77833617,126.0,171.0,0.2568255,178.0,177.0,0.7029072,169.0,160.0,0.7672453,241.0,176.0,0.58074844,225.0,160.0,0.6947942,285.0,150.0,0.4146973,281.0,150.0,0.60735023,1,cobra
cobra/guy2_cobra040.jpg,236.0,167.0,0.4197271,237.0,162.0,0.3071439,235.0,164.0,0.44452006,225.0,155.0,0.123420835,222.0,160.0,0.46941793,197.0,144.0,0.52990323,186.0,175.0,0.52342784,184.0,144.0,0.14180419,151.0,200.0,0.29878458,206.0,172.0,0.108646035,180.0,223.0,0.51056194,134.0,167.0,0.56592417,126.0,180.0,0.3302209,76.0,160.0,0.6352103,66.0,172.0,0.26537156,17.0,150.0,0.3787797,16.0,149.0,0.5516642,1,cobra
cobra/guy2_cobra040_flipped.jpg,63.0,167.0,0.46759066,62.0,164.0,0.6189375,62.0,161.0,0.63571596,76.0,161.0,0.5986577,72.0,153.0,0.47447094,110.0,176.0,0.65997994,104.0,141.0,0.77584165,153.0,198.0,0.8891805,138.0,152.0,0.7098532,120.0,222.0,0.9072165,121.0,172.0,0.29292747,174.0,179.0,0.6060506,165.0,162.0,0.7309358,233.0,173.0,0.17204285,223.0,162.0,0.48511532,283.0,151.0,0.56774974,281.0,151.0,0.5023769,1,cobra
cobra/guy2_cobra042_flipped.jpg,71.0,171.0,0.3240694,69.0,168.0,0.39460307,66.0,166.0,0.40777716,80.0,163.0,0.5615921,73.0,155.0,0.47508514,108.0,179.0,0.6643002,104.0,142.0,0.600212,151.0,200.0,0.88646793,137.0,154.0,0.69889367,119.0,223.0,0.8988588,127.0,169.0,0.35757726,169.0,180.0,0.58965665,164.0,163.0,0.77395755,234.0,177.0,0.5016295,220.0,161.0,0.62913215,283.0,152.0,0.42339042,280.0,150.0,0.591378,1,cobra
cobra/guy2_cobra043_flipped.jpg,71.0,170.0,0.36390397,70.0,167.0,0.5679888,68.0,165.0,0.50362206,79.0,164.0,0.7056855,75.0,156.0,0.35452688,109.0,178.0,0.5531215,105.0,143.0,0.850217,150.0,201.0,0.81447214,136.0,153.0,0.72573036,118.0,222.0,0.8974305,128.0,168.0,0.33255386,166.0,181.0,0.43649217,162.0,163.0,0.742654,234.0,178.0,0.6172066,222.0,159.0,0.62757075,280.0,151.0,0.36763397,276.0,150.0,0.77245504,1,cobra
cobra/guy2_cobra047_flipped.jpg,77.0,171.0,0.48451927,77.0,169.0,0.5343026,73.0,169.0,0.41034785,84.0,161.0,0.52673614,75.0,160.0,0.44771108,104.0,176.0,0.37322405,103.0,143.0,0.8125787,146.0,200.0,0.8889725,134.0,152.0,0.7123693,115.0,220.0,0.8895851,124.0,166.0,0.24489191,162.0,179.0,0.3164763,158.0,163.0,0.5143978,230.0,176.0,0.5065031,217.0,155.0,0.41095337,270.0,149.0,0.2355547,266.0,147.0,0.73337746,1,cobra
cobra/guy2_cobra048.jpg,224.0,170.0,0.346938,228.0,166.0,0.34826046,225.0,168.0,0.6170659,223.0,157.0,0.19244039,218.0,162.0,0.4567777,199.0,145.0,0.59517145,191.0,179.0,0.61330616,183.0,144.0,0.19450448,159.0,201.0,0.38661942,178.0,145.0,0.25108546,185.0,219.0,0.68525344,152.0,163.0,0.57187486,144.0,179.0,0.42374754,88.0,156.0,0.22008917,75.0,175.0,0.4835874,82.0,156.0,0.32612106,71.0,176.0,0.27267367,1,cobra
cobra/guy2_cobra048_flipped.jpg,74.0,171.0,0.4403245,73.0,169.0,0.5056647,71.0,167.0,0.3950292,81.0,164.0,0.54806,77.0,156.0,0.33109444,103.0,177.0,0.38162604,101.0,144.0,0.78071797,145.0,199.0,0.73264235,132.0,151.0,0.6309539,115.0,217.0,0.8894776,122.0,166.0,0.2193365,162.0,179.0,0.39481708,158.0,159.0,0.5904292,224.0,175.0,0.5786572,215.0,154.0,0.48410186,268.0,146.0,0.22596385,264.0,145.0,0.6783782,1,cobra
cobra/guy2_cobra050.jpg,227.0,168.0,0.36487633,230.0,164.0,0.3384682,227.0,167.0,0.49723387,222.0,154.0,0.16819027,221.0,163.0,0.45538256,200.0,144.0,0.63992286,194.0,178.0,0.38273567,181.0,145.0,0.1943759,160.0,199.0,0.47555947,179.0,144.0,0.23973852,187.0,216.0,0.7049501,155.0,161.0,0.4313887,148.0,174.0,0.289584,90.0,154.0,0.24282508,78.0,170.0,0.2277017,84.0,153.0,0.26385668,74.0,172.0,0.23811617,1,cobra
cobra/guy2_cobra050_flipped.jpg,78.0,171.0,0.52992094,78.0,168.0,0.71188194,74.0,168.0,0.5411845,85.0,156.0,0.6054441,76.0,158.0,0.3486731,105.0,177.0,0.47965842,101.0,142.0,0.833141,143.0,198.0,0.7806492,131.0,150.0,0.66765654,113.0,216.0,0.88473743,129.0,153.0,0.23886178,160.0,179.0,0.29079357,154.0,160.0,0.58636576,220.0,174.0,0.52784705,212.0,153.0,0.577647,264.0,146.0,0.18175678,262.0,143.0,0.66559386,1,cobra
cobra/guy2_cobra053_flipped.jpg,73.0,165.0,0.39910603,72.0,164.0,0.4717767,70.0,161.0,0.3079934,79.0,161.0,0.45819694,75.0,152.0,0.34900984,104.0,179.0,0.5304252,99.0,139.0,0.81689256,139.0,195.0,0.8993996,128.0,144.0,0.71564376,111.0,212.0,0.80631995,118.0,159.0,0.1086485,162.0,174.0,0.35136455,158.0,153.0,0.5874193,220.0,169.0,0.5939117,207.0,148.0,0.38368794,267.0,141.0,0.32415497,265.0,140.0,0.6142235,1,cobra
cobra/guy2_cobra055.jpg,230.0,163.0,0.26478085,232.0,159.0,0.24806508,231.0,162.0,0.39310032,223.0,146.0,0.26433402,224.0,161.0,0.22164519,204.0,139.0,0.6890247,196.0,178.0,0.51440156,185.0,139.0,0.21271719,164.0,195.0,0.35323125,179.0,141.0,0.27996555,190.0,210.0,0.82186663,157.0,156.0,0.50793564,151.0,170.0,0.2713749,96.0,147.0,0.29293028,86.0,164.0,0.3441311,90.0,147.0,0.3372949,82.0,165.0,0.16191085,1,cobra
cobra/guy2_cobra055_flipped.jpg,70.0,161.0,0.35082772,68.0,162.0,0.4727005,67.0,157.0,0.3260319,74.0,164.0,0.46610302,73.0,147.0,0.53040886,101.0,177.0,0.54186356,97.0,137.0,0.8391373,139.0,193.0,0.7565012,124.0,140.0,0.48798215,111.0,210.0,0.8791158,125.0,145.0,0.5570394,157.0,172.0,0.4831914,153.0,151.0,0.520581,217.0,167.0,0.7036953,206.0,145.0,0.6364678,263.0,139.0,0.3404737,259.0,138.0,0.7700124,1,cobra
cobra/guy2_cobra065_flipped.jpg,65.0,165.0,0.44007632,64.0,166.0,0.42793927,63.0,160.0,0.57285976,71.0,166.0,0.46894857,67.0,151.0,0.58589685,98.0,177.0,0.7023604,89.0,138.0,0.7568469,138.0,191.0,0.8745643,120.0,140.0,0.5610336,109.0,208.0,0.83718807,107.0,148.0,0.2594893,156.0,165.0,0.63989055,148.0,147.0,0.7411721,214.0,160.0,0.6834161,199.0,138.0,0.57036024,264.0,144.0,0.40822545,254.0,128.0,0.75484335,1,cobra
cobra/guy2_cobra075.jpg,229.0,184.0,0.334268,233.0,181.0,0.3081221,230.0,181.0,0.42278746,230.0,173.0,0.1888832,223.0,175.0,0.26446286,211.0,151.0,0.5653634,193.0,187.0,0.33531308,194.0,145.0,0.28948897,153.0,201.0,0.63287276,194.0,165.0,0.11278081,180.0,227.0,0.73824793,154.0,158.0,0.6280354,139.0,171.0,0.6053525,92.0,136.0,0.83622265,73.0,152.0,0.44182104,37.0,114.0,0.64962244,31.0,116.0,0.34852895,1,cobra
cobra/guy2_cobra077_flipped.jpg,61.0,185.0,0.41747648,62.0,183.0,0.4892652,58.0,182.0,0.4404542,76.0,174.0,0.6507157,68.0,171.0,0.3273161,106.0,185.0,0.4881791,88.0,149.0,0.56623566,151.0,200.0,0.7460371,117.0,141.0,0.28111947,120.0,229.0,0.6446915,104.0,158.0,0.121823646,166.0,165.0,0.48834574,155.0,147.0,0.512849,229.0,151.0,0.6290583,207.0,131.0,0.49017495,280.0,125.0,0.5671052,266.0,108.0,0.6525631,1,cobra
cobra/guy2_cobra078_flipped.jpg,61.0,185.0,0.5286704,62.0,184.0,0.54974353,59.0,180.0,0.4037362,73.0,176.0,0.4516894,66.0,165.0,0.58088136,102.0,180.0,0.54608345,85.0,147.0,0.842544,153.0,198.0,0.64098144,118.0,141.0,0.3914471,121.0,230.0,0.79253954,108.0,159.0,0.22366443,171.0,164.0,0.7268981,161.0,148.0,0.76276743,232.0,146.0,0.6820475,208.0,129.0,0.70520294,283.0,120.0,0.66041934,265.0,108.0,0.7846163,1,cobra
cobra/guy2_cobra084_flipped.jpg,45.0,168.0,0.51400757,50.0,164.0,0.4509004,43.0,162.0,0.48953673,72.0,155.0,0.72394824,57.0,151.0,0.27732575,114.0,166.0,0.46779948,77.0,135.0,0.45955086,156.0,183.0,0.614226,75.0,153.0,0.108726434,125.0,222.0,0.5481655,66.0,172.0,0.22262685,171.0,143.0,0.55042106,154.0,129.0,0.6196985,233.0,124.0,0.5720565,211.0,109.0,0.52095854,279.0,98.0,0.6263871,262.0,85.0,0.59272856,1,cobra
cobra/guy2_cobra088_flipped.jpg,35.0,148.0,0.63710797,42.0,143.0,0.58769417,35.0,140.0,0.7011174,70.0,136.0,0.7176448,52.0,132.0,0.38899326,112.0,147.0,0.6098448,68.0,124.0,0.5169637,158.0,168.0,0.7739342,63.0,143.0,0.11293958,127.0,213.0,0.65563166,66.0,169.0,0.57742894,174.0,129.0,0.52945846,151.0,117.0,0.68213624,230.0,112.0,0.62826467,204.0,97.0,0.5478006,276.0,83.0,0.6117746,256.0,68.0,0.6243397,1,cobra
cobra/guy2_cobra089_flipped.jpg,35.0,145.0,0.51515007,42.0,139.0,0.5893126,36.0,137.0,0.5025928,69.0,132.0,0.79575866,54.0,128.0,0.62544286,110.0,143.0,0.7278274,68.0,121.0,0.69768274,158.0,167.0,0.8145882,61.0,142.0,0.13804547,127.0,211.0,0.85290956,67.0,169.0,0.7121868,171.0,131.0,0.519324,149.0,117.0,0.670911,230.0,107.0,0.7895196,201.0,95.0,0.51425403,274.0,80.0,0.66413224,254.0,66.0,0.8583556,1,cobra
cobra/guy2_cobra090.jpg,263.0,140.0,0.41213116,264.0,133.0,0.4053109,259.0,135.0,0.42074972,245.0,126.0,0.13109502,229.0,130.0,0.4394833,226.0,124.0,0.60744786,184.0,143.0,0.5282544,225.0,139.0,0.13945985,142.0,164.0,0.6403908,229.0,169.0,0.49641776,171.0,211.0,0.6096205,142.0,117.0,0.57450336,124.0,128.0,0.4738703,91.0,86.0,0.74091125,66.0,103.0,0.4843272,45.0,64.0,0.5984807,23.0,77.0,0.6287998,1,cobra
cobra/guy2_cobra090_flipped.jpg,34.0,141.0,0.6616391,42.0,135.0,0.38461873,34.0,133.0,0.61022717,70.0,129.0,0.8015293,52.0,125.0,0.2575943,111.0,143.0,0.49982736,68.0,124.0,0.52816474,158.0,163.0,0.6481674,69.0,142.0,0.21002957,128.0,211.0,0.591028,66.0,166.0,0.5293062,173.0,126.0,0.4338373,151.0,114.0,0.5045056,232.0,103.0,0.5798569,209.0,88.0,0.5559031,271.0,78.0,0.56229424,255.0,65.0,0.67960894,1,cobra
cobra/guy2_cobra091.jpg,265.0,136.0,0.4824461,265.0,129.0,0.4574877,260.0,131.0,0.49307823,246.0,123.0,0.18504465,230.0,129.0,0.54286695,228.0,124.0,0.484772,185.0,141.0,0.5079749,226.0,141.0,0.15008205,141.0,163.0,0.55248106,230.0,169.0,0.510429,171.0,210.0,0.44411412,143.0,117.0,0.57077837,124.0,127.0,0.49020362,91.0,86.0,0.7355654,65.0,103.0,0.5232062,46.0,63.0,0.5987252,24.0,75.0,0.60705554,1,cobra
cobra/guy2_cobra091_flipped.jpg,34.0,138.0,0.6156217,41.0,132.0,0.46550578,34.0,130.0,0.6193782,70.0,126.0,0.72895,52.0,124.0,0.24221474,114.0,143.0,0.48131597,68.0,125.0,0.59704274,160.0,162.0,0.63622755,72.0,141.0,0.2746425,129.0,210.0,0.56438106,67.0,165.0,0.5749896,176.0,125.0,0.47180983,152.0,112.0,0.5071223,233.0,101.0,0.530303,207.0,87.0,0.5353658,270.0,76.0,0.57005155,254.0,64.0,0.6882858,1,cobra
cobra/guy2_cobra092.jpg,266.0,132.0,0.5281347,265.0,125.0,0.4279713,260.0,127.0,0.5226425,245.0,120.0,0.18745448,230.0,127.0,0.36455524,228.0,123.0,0.520715,183.0,138.0,0.4826362,223.0,143.0,0.20558171,139.0,162.0,0.6601125,230.0,168.0,0.49586037,170.0,210.0,0.4224671,144.0,117.0,0.55382526,122.0,127.0,0.59032875,92.0,86.0,0.7939145,65.0,102.0,0.52554065,46.0,62.0,0.5467443,27.0,74.0,0.61565435,1,cobra
cobra/guy2_cobra092_flipped.jpg,35.0,136.0,0.664764,42.0,130.0,0.44770402,34.0,128.0,0.65894413,70.0,123.0,0.7952398,53.0,121.0,0.21768533,115.0,139.0,0.5205394,68.0,122.0,0.47686738,161.0,161.0,0.68721396,73.0,140.0,0.3329888,131.0,209.0,0.6464386,68.0,166.0,0.64428425,176.0,123.0,0.4096025,154.0,111.0,0.4873626,233.0,100.0,0.4790781,208.0,85.0,0.4504339,270.0,75.0,0.54948485,254.0,63.0,0.6885742,1,cobra
cobra/guy2_cobra094.jpg,263.0,131.0,0.60586816,264.0,122.0,0.55310214,256.0,125.0,0.6691766,247.0,117.0,0.16590127,228.0,123.0,0.4087079,230.0,119.0,0.5212048,181.0,134.0,0.30663797,224.0,142.0,0.30531204,136.0,158.0,0.501434,231.0,170.0,0.48225188,166.0,209.0,0.5968908,145.0,114.0,0.4451425,122.0,125.0,0.49168992,92.0,85.0,0.71595275,67.0,98.0,0.39122188,50.0,61.0,0.49254158,28.0,72.0,0.591769,1,cobra
cobra/guy2_cobra094_flipped.jpg,35.0,131.0,0.7116232,42.0,125.0,0.49399805,35.0,123.0,0.62410975,70.0,118.0,0.7519656,53.0,117.0,0.19255827,119.0,137.0,0.37121478,69.0,120.0,0.6007135,165.0,160.0,0.5021666,73.0,137.0,0.3957332,133.0,209.0,0.6316787,67.0,166.0,0.5386973,178.0,121.0,0.36090046,155.0,109.0,0.44424322,233.0,96.0,0.5243986,209.0,82.0,0.3426425,269.0,74.0,0.51870453,251.0,62.0,0.613727,1,cobra
cobra/guy2_cobra096.jpg,262.0,127.0,0.52960265,263.0,119.0,0.6314562,256.0,122.0,0.561437,246.0,113.0,0.14103922,225.0,119.0,0.38872668,229.0,114.0,0.55446315,175.0,130.0,0.37794808,221.0,141.0,0.46209973,131.0,156.0,0.5930458,230.0,170.0,0.57916045,161.0,210.0,0.5706626,146.0,114.0,0.42246026,121.0,124.0,0.3287055,94.0,86.0,0.5274559,69.0,99.0,0.32140598,52.0,61.0,0.44671193,31.0,73.0,0.6689962,1,cobra
cobra/guy2_cobra096_flipped.jpg,37.0,128.0,0.5469955,44.0,121.0,0.5925229,36.0,119.0,0.52319956,73.0,114.0,0.65077496,50.0,113.0,0.14177911,122.0,133.0,0.27233046,70.0,117.0,0.42511454,168.0,159.0,0.477323,75.0,136.0,0.3231172,137.0,209.0,0.6896449,67.0,169.0,0.5613751,181.0,121.0,0.46215436,156.0,109.0,0.44896102,233.0,95.0,0.49230906,209.0,82.0,0.43829152,269.0,74.0,0.66781914,250.0,61.0,0.50812113,1,cobra
cobra/guy2_cobra098.jpg,257.0,127.0,0.6025954,259.0,118.0,0.53370667,251.0,120.0,0.7318975,244.0,110.0,0.12831442,220.0,115.0,0.45785338,227.0,115.0,0.6354245,170.0,128.0,0.44831592,218.0,144.0,0.46929026,127.0,156.0,0.67298585,230.0,173.0,0.49588636,157.0,211.0,0.7627413,144.0,116.0,0.5359873,117.0,125.0,0.2442119,92.0,85.0,0.7019887,65.0,98.0,0.333918,53.0,61.0,0.5112196,29.0,73.0,0.6338415,1,cobra
cobra/guy2_cobra098_flipped.jpg,41.0,127.0,0.55268276,49.0,119.0,0.76189744,40.0,117.0,0.6062597,78.0,112.0,0.6351088,56.0,110.0,0.20948724,127.0,129.0,0.39960164,74.0,114.0,0.46592048,173.0,157.0,0.72778666,78.0,137.0,0.39401683,142.0,210.0,0.74890834,69.0,170.0,0.6792731,184.0,122.0,0.4620755,160.0,110.0,0.42502126,235.0,95.0,0.5262198,210.0,82.0,0.4818798,269.0,74.0,0.6815468,247.0,62.0,0.4982129,1,cobra
cobra/guy2_cobra102_flipped.jpg,52.0,124.0,0.6416137,62.0,115.0,0.6906161,49.0,113.0,0.53334343,92.0,107.0,0.69419515,59.0,106.0,0.1675658,141.0,124.0,0.40099445,78.0,114.0,0.46266022,184.0,157.0,0.71280086,87.0,138.0,0.519665,154.0,213.0,0.6890846,75.0,174.0,0.63552994,190.0,123.0,0.36837488,161.0,112.0,0.39683253,240.0,96.0,0.19954967,210.0,86.0,0.41882843,268.0,76.0,0.579127,244.0,66.0,0.45258135,1,cobra
cobra/guy2_cobra105_flipped.jpg,61.0,122.0,0.5851408,70.0,114.0,0.5479697,57.0,111.0,0.6417662,101.0,106.0,0.7718151,64.0,106.0,0.13035937,149.0,124.0,0.311274,84.0,118.0,0.29780942,193.0,156.0,0.7232563,94.0,142.0,0.47230437,165.0,216.0,0.7175422,79.0,180.0,0.8324023,191.0,131.0,0.35616046,162.0,118.0,0.34964383,239.0,101.0,0.2617641,211.0,90.0,0.3944537,267.0,81.0,0.72598857,242.0,71.0,0.4716355,1,cobra
cobra/guy2_cobra110.jpg,223.0,128.0,0.72330964,229.0,117.0,0.3907414,213.0,117.0,0.58704704,226.0,109.0,0.10141443,180.0,111.0,0.5561713,211.0,127.0,0.38594756,133.0,126.0,0.41566843,198.0,152.0,0.38139442,92.0,154.0,0.67695785,211.0,188.0,0.6981065,116.0,217.0,0.7887676,128.0,128.0,0.4749212,99.0,137.0,0.34180883,89.0,100.0,0.3010846,64.0,114.0,0.4071888,59.0,79.0,0.4246168,34.0,84.0,0.72262347,1,cobra
cobra/guy2_cobra114.jpg,212.0,135.0,0.60964453,219.0,123.0,0.45025074,201.0,125.0,0.50669193,217.0,114.0,0.1103793,168.0,116.0,0.5074911,204.0,129.0,0.43882793,124.0,129.0,0.31223026,192.0,151.0,0.20025145,80.0,150.0,0.530825,203.0,189.0,0.72736,101.0,214.0,0.71324,124.0,138.0,0.5074625,94.0,139.0,0.2919545,93.0,107.0,0.33092678,63.0,117.0,0.44915116,67.0,86.0,0.2480932,35.0,90.0,0.7552602,1,cobra
cobra/guy2_cobra114_flipped.jpg,87.0,134.0,0.68508667,98.0,123.0,0.52469546,81.0,122.0,0.678419,129.0,113.0,0.7103876,84.0,114.0,0.15291056,172.0,126.0,0.23224604,95.0,127.0,0.13048497,217.0,152.0,0.52308977,109.0,148.0,0.30804557,198.0,215.0,0.35161152,96.0,189.0,0.7011379,208.0,144.0,0.31632736,165.0,142.0,0.23711275,239.0,116.0,0.47414967,212.0,107.0,0.43064764,265.0,89.0,0.7047827,237.0,84.0,0.40077168,1,cobra
cobra/guy2_cobra115.jpg,209.0,136.0,0.6485354,216.0,124.0,0.6268295,197.0,126.0,0.5838485,217.0,114.0,0.11617859,165.0,117.0,0.55077255,202.0,131.0,0.40009883,121.0,130.0,0.37926415,193.0,151.0,0.17460814,79.0,149.0,0.67435956,201.0,188.0,0.59983766,99.0,213.0,0.62862104,124.0,142.0,0.4594782,90.0,143.0,0.27994308,97.0,110.0,0.33845115,64.0,120.0,0.5204623,65.0,86.0,0.35652453,35.0,90.0,0.49287468,1,cobra
cobra/guy2_cobra115_flipped.jpg,91.0,135.0,0.62862325,101.0,125.0,0.6879581,84.0,124.0,0.5706853,133.0,114.0,0.74188644,85.0,117.0,0.21805707,177.0,126.0,0.16865547,95.0,127.0,0.1447207,221.0,151.0,0.5022728,110.0,148.0,0.2691543,201.0,213.0,0.46981868,97.0,189.0,0.5878875,211.0,145.0,0.33006412,165.0,142.0,0.2480146,239.0,116.0,0.54857445,210.0,109.0,0.45809197,262.0,90.0,0.5995813,235.0,86.0,0.47588938,1,cobra
cobra/guy2_cobra119.jpg,199.0,142.0,0.68739104,206.0,131.0,0.5395751,187.0,132.0,0.6116747,208.0,121.0,0.1498619,157.0,123.0,0.39879802,196.0,137.0,0.3669146,117.0,134.0,0.33621117,185.0,147.0,0.25554374,73.0,145.0,0.6173966,197.0,188.0,0.53562194,90.0,207.0,0.72855675,123.0,138.0,0.39081204,95.0,139.0,0.2616111,98.0,113.0,0.31286067,63.0,118.0,0.45997682,69.0,88.0,0.25663728,42.0,92.0,0.36441475,1,cobra
cobra/guy2_cobra119_flipped.jpg,99.0,142.0,0.5180932,110.0,130.0,0.56683296,92.0,130.0,0.51725805,141.0,119.0,0.6231642,91.0,124.0,0.2738031,181.0,128.0,0.2692372,97.0,130.0,0.17165136,227.0,142.0,0.49077207,118.0,140.0,0.31338298,211.0,206.0,0.6454685,103.0,187.0,0.38326514,211.0,148.0,0.1684798,168.0,150.0,0.20931791,238.0,119.0,0.51436925,205.0,112.0,0.3261131,256.0,93.0,0.6726383,224.0,91.0,0.35569748,1,cobra
cobra/guy2_cobra122.jpg,194.0,146.0,0.68554616,203.0,134.0,0.6934571,183.0,135.0,0.5339041,205.0,122.0,0.17331085,152.0,124.0,0.52731335,195.0,138.0,0.37800023,114.0,131.0,0.37407112,186.0,150.0,0.25007585,71.0,138.0,0.39760712,194.0,185.0,0.6949334,85.0,202.0,0.5823753,129.0,149.0,0.35869402,100.0,148.0,0.2725364,101.0,113.0,0.3445072,68.0,120.0,0.45681992,80.0,90.0,0.16968961,47.0,91.0,0.35529593,1,cobra
cobra/guy2_cobra122_flipped.jpg,106.0,146.0,0.5147147,116.0,133.0,0.5389639,98.0,134.0,0.37007296,145.0,122.0,0.36792174,95.0,126.0,0.22929066,181.0,130.0,0.23155804,98.0,129.0,0.18773104,229.0,134.0,0.5086355,117.0,150.0,0.19266628,213.0,201.0,0.437669,104.0,185.0,0.486911,204.0,150.0,0.13720727,164.0,147.0,0.21753663,235.0,121.0,0.5286112,204.0,109.0,0.39226618,251.0,91.0,0.53296226,223.0,88.0,0.5523608,1,cobra
cobra/guy2_cobra123.jpg,193.0,147.0,0.6093637,201.0,135.0,0.48672667,182.0,136.0,0.5103699,202.0,122.0,0.20401073,151.0,125.0,0.49224713,194.0,134.0,0.40014192,118.0,134.0,0.26898405,186.0,148.0,0.22027236,71.0,137.0,0.27377522,194.0,184.0,0.70816445,82.0,200.0,0.52071184,128.0,143.0,0.29283607,100.0,144.0,0.21111882,102.0,112.0,0.41668397,70.0,119.0,0.4508169,82.0,89.0,0.25533304,52.0,89.0,0.33892402,1,cobra
cobra/guy2_cobra123_flipped.jpg,107.0,146.0,0.527285,117.0,135.0,0.4290957,99.0,135.0,0.41929471,146.0,122.0,0.48550045,96.0,127.0,0.25106934,184.0,131.0,0.14750865,98.0,129.0,0.18723398,229.0,132.0,0.53824127,116.0,137.0,0.25910184,214.0,199.0,0.3340692,104.0,184.0,0.46969438,199.0,142.0,0.19617969,163.0,138.0,0.21858685,232.0,122.0,0.6381743,204.0,107.0,0.5028436,248.0,91.0,0.48105463,223.0,89.0,0.63596106,1,cobra
cobra/guy2_cobra124.jpg,190.0,148.0,0.60137844,199.0,137.0,0.49909282,181.0,137.0,0.65597546,200.0,124.0,0.17694648,150.0,125.0,0.43741664,190.0,134.0,0.30834255,114.0,132.0,0.39263135,186.0,149.0,0.20091902,73.0,137.0,0.36960462,195.0,184.0,0.67221963,83.0,199.0,0.700795,127.0,137.0,0.25756997,97.0,135.0,0.16142097,102.0,108.0,0.41504842,72.0,119.0,0.46963346,83.0,91.0,0.269647,54.0,91.0,0.37459704,1,cobra
cobra/guy2_cobra124_flipped.jpg,108.0,148.0,0.394934,118.0,135.0,0.5155083,100.0,136.0,0.5206096,147.0,123.0,0.5782063,97.0,128.0,0.3100724,185.0,131.0,0.16867395,99.0,127.0,0.21078563,229.0,131.0,0.55515337,116.0,137.0,0.26301858,216.0,197.0,0.26517177,104.0,183.0,0.3638231,207.0,141.0,0.115472294,166.0,137.0,0.14792237,231.0,122.0,0.70115745,203.0,107.0,0.44995388,246.0,92.0,0.47160634,222.0,89.0,0.622929,1,cobra
cobra/guy2_cobra125.jpg,188.0,149.0,0.48640734,197.0,139.0,0.6313918,179.0,138.0,0.620191,198.0,127.0,0.13521102,149.0,126.0,0.3361472,190.0,134.0,0.32018343,118.0,130.0,0.30060607,186.0,148.0,0.16461729,73.0,136.0,0.3702789,194.0,183.0,0.76705176,83.0,197.0,0.6299213,128.0,143.0,0.30217683,100.0,139.0,0.16730501,104.0,109.0,0.34902266,75.0,118.0,0.42526773,90.0,94.0,0.20278133,59.0,93.0,0.3324866,1,cobra
cobra/guy2_cobra125_flipped.jpg,110.0,149.0,0.3664865,120.0,137.0,0.4887899,102.0,137.0,0.5004985,149.0,125.0,0.60266244,98.0,128.0,0.21536988,186.0,130.0,0.2141149,99.0,127.0,0.15129395,228.0,131.0,0.5518098,116.0,149.0,0.10232453,216.0,194.0,0.42732704,104.0,182.0,0.39829773,207.0,140.0,0.11759559,167.0,137.0,0.17384073,230.0,122.0,0.6052279,202.0,107.0,0.4299179,243.0,92.0,0.52734524,221.0,91.0,0.5779039,1,cobra
cobra/guy2_cobra131.jpg,183.0,160.0,0.5740106,192.0,149.0,0.57312167,173.0,150.0,0.43917114,197.0,135.0,0.27019203,146.0,136.0,0.290491,191.0,138.0,0.29909933,115.0,138.0,0.2821656,194.0,143.0,0.16942206,80.0,128.0,0.6498154,198.0,180.0,0.71048534,85.0,188.0,0.51370287,125.0,114.0,0.2962206,105.0,126.0,0.11354539,117.0,111.0,0.34064683,90.0,115.0,0.26945972,105.0,99.0,0.17459238,82.0,100.0,0.383307,1,cobra
cobra/guy2_cobra131_flipped.jpg,117.0,162.0,0.30432674,127.0,150.0,0.42131093,108.0,151.0,0.51354647,153.0,134.0,0.46422908,105.0,140.0,0.18777141,190.0,133.0,0.13014242,107.0,136.0,0.25845134,220.0,129.0,0.37031502,105.0,140.0,0.23969477,215.0,187.0,0.7703454,100.0,179.0,0.6394132,191.0,135.0,0.39676145,159.0,126.0,0.24279992,216.0,124.0,0.48811907,186.0,110.0,0.28484485,221.0,97.0,0.6936312,201.0,98.0,0.19090246,1,cobra
cobra/guy2_cobra133.jpg,181.0,166.0,0.54140306,190.0,154.0,0.5201491,171.0,154.0,0.35186407,197.0,139.0,0.30880988,146.0,141.0,0.33173046,194.0,139.0,0.31527486,117.0,136.0,0.2529571,196.0,142.0,0.121694826,83.0,125.0,0.6568817,201.0,180.0,0.58098197,88.0,186.0,0.6469691,131.0,115.0,0.509006,108.0,124.0,0.20161663,122.0,110.0,0.35722762,93.0,115.0,0.37930948,107.0,100.0,0.20219752,86.0,99.0,0.47138515,1,cobra
cobra/guy2_cobra133_flipped.jpg,118.0,167.0,0.48142338,128.0,154.0,0.6810532,109.0,154.0,0.59939414,153.0,138.0,0.33538377,103.0,139.0,0.3480084,188.0,129.0,0.14279999,102.0,132.0,0.3936516,217.0,125.0,0.7302363,105.0,132.0,0.23694083,213.0,183.0,0.7242551,99.0,177.0,0.65440327,190.0,131.0,0.47561893,157.0,123.0,0.5955112,213.0,120.0,0.6670458,180.0,108.0,0.5733032,216.0,97.0,0.7334203,190.0,100.0,0.5533384,1,cobra
cobra/guy2_cobra137.jpg,181.0,170.0,0.53489137,192.0,157.0,0.485417,170.0,159.0,0.6389427,198.0,141.0,0.41076833,146.0,144.0,0.38923195,194.0,137.0,0.31135067,117.0,140.0,0.26818335,200.0,132.0,0.25568274,93.0,124.0,0.6434729,206.0,177.0,0.69253945,93.0,180.0,0.58966994,142.0,121.0,0.397015,114.0,132.0,0.22313866,135.0,115.0,0.13959654,99.0,121.0,0.29950297,124.0,107.0,0.26700065,99.0,105.0,0.3962373,1,cobra
dog/girl1_dog029.jpg,143.0,129.0,0.3423542,150.0,129.0,0.40793303,137.0,129.0,0.51427466,158.0,110.0,0.52670896,125.0,110.0,0.5371058,172.0,96.0,0.81364125,104.0,99.0,0.74208415,180.0,132.0,0.4462567,94.0,136.0,0.3169094,177.0,138.0,0.12056381,117.0,133.0,0.10942598,150.0,47.0,0.65407324,112.0,48.0,0.71484864,163.0,92.0,0.18787079,104.0,100.0,0.4822597,154.0,113.0,0.14375964,114.0,120.0,0.21115534,2,dog
dog/girl1_dog030_flipped.jpg,155.0,138.0,0.34045088,163.0,137.0,0.35222837,149.0,138.0,0.37708002,175.0,118.0,0.50549185,138.0,121.0,0.46994096,194.0,104.0,0.8074436,127.0,105.0,0.6940571,202.0,147.0,0.42457426,119.0,149.0,0.529192,183.0,146.0,0.22475198,151.0,144.0,0.11848618,189.0,51.0,0.60497504,145.0,51.0,0.76011837,194.0,109.0,0.5054123,143.0,109.0,0.18509401,184.0,144.0,0.2250994,151.0,136.0,0.1587675,2,dog
dog/girl1_dog031.jpg,145.0,144.0,0.4520111,151.0,144.0,0.502365,139.0,143.0,0.5393719,160.0,126.0,0.4563413,127.0,125.0,0.5474597,174.0,110.0,0.8778758,109.0,110.0,0.73148334,183.0,160.0,0.7824997,97.0,160.0,0.82833,180.0,163.0,0.23104562,98.0,166.0,0.14195609,155.0,51.0,0.787722,116.0,52.0,0.8516849,158.0,102.0,0.27275923,111.0,111.0,0.4304793,149.0,140.0,0.112332396,123.0,148.0,0.15112743,2,dog
dog/girl1_dog035.jpg,146.0,157.0,0.34858304,152.0,159.0,0.48397216,140.0,159.0,0.5403627,161.0,143.0,0.39490178,129.0,142.0,0.54000336,176.0,121.0,0.8157001,116.0,122.0,0.55906546,188.0,172.0,0.6140007,102.0,173.0,0.6644371,184.0,178.0,0.18666385,104.0,181.0,0.20310093,166.0,59.0,0.85737395,126.0,58.0,0.7870971,168.0,119.0,0.43145546,126.0,123.0,0.28965926,157.0,164.0,0.13575782,132.0,166.0,0.15045162,2,dog
dog/girl1_dog035_flipped.jpg,153.0,159.0,0.4080085,160.0,160.0,0.5741545,148.0,161.0,0.4554609,170.0,142.0,0.52586997,136.0,143.0,0.53885233,184.0,120.0,0.6613897,125.0,124.0,0.6312498,198.0,174.0,0.7553699,111.0,173.0,0.680585,172.0,175.0,0.21305695,113.0,182.0,0.14872773,175.0,58.0,0.81803215,133.0,59.0,0.65840983,180.0,120.0,0.574574,140.0,123.0,0.35430837,170.0,171.0,0.20282982,148.0,173.0,0.24925818,2,dog
dog/girl1_dog036.jpg,147.0,161.0,0.34013057,153.0,162.0,0.49736518,142.0,162.0,0.4759621,162.0,146.0,0.46885577,131.0,145.0,0.532673,177.0,124.0,0.7925927,118.0,127.0,0.5954676,190.0,175.0,0.6570461,103.0,176.0,0.6363158,187.0,179.0,0.22476298,105.0,184.0,0.22458142,168.0,61.0,0.8729773,128.0,60.0,0.8142232,170.0,122.0,0.43244398,127.0,126.0,0.27304676,159.0,166.0,0.1324672,140.0,171.0,0.15645695,2,dog
dog/girl1_dog036_flipped.jpg,152.0,162.0,0.44363096,159.0,163.0,0.41250014,146.0,165.0,0.50762355,168.0,145.0,0.517756,135.0,145.0,0.3654219,182.0,122.0,0.6961907,124.0,127.0,0.666371,197.0,176.0,0.7712069,110.0,176.0,0.74993026,193.0,181.0,0.17949557,111.0,181.0,0.17094707,172.0,59.0,0.82085747,130.0,60.0,0.58421266,177.0,122.0,0.55486596,135.0,130.0,0.33204642,167.0,174.0,0.2230971,147.0,173.0,0.16745766,2,dog
dog/girl1_dog040.jpg,153.0,170.0,0.3589926,159.0,171.0,0.47505823,148.0,172.0,0.5207626,169.0,154.0,0.46809858,137.0,153.0,0.4508677,181.0,130.0,0.68294257,126.0,130.0,0.62601787,197.0,178.0,0.7051301,108.0,178.0,0.53171134,172.0,184.0,0.23344877,110.0,187.0,0.16839978,177.0,64.0,0.86429834,137.0,64.0,0.81983006,178.0,132.0,0.63822865,144.0,131.0,0.5043001,170.0,184.0,0.2497519,147.0,184.0,0.3380706,2,dog
dog/girl1_dog040_flipped.jpg,145.0,167.0,0.36665082,151.0,169.0,0.49007088,138.0,170.0,0.5579471,162.0,151.0,0.54606545,129.0,150.0,0.56082594,173.0,128.0,0.77630824,119.0,131.0,0.5191095,193.0,180.0,0.68687296,102.0,180.0,0.7922131,158.0,184.0,0.19690803,131.0,183.0,0.21596323,163.0,62.0,0.85939574,122.0,65.0,0.82039785,166.0,129.0,0.431614,123.0,133.0,0.4329676,156.0,187.0,0.25540867,135.0,188.0,0.49065033,2,dog
dog/girl1_dog042.jpg,156.0,173.0,0.42416242,162.0,173.0,0.55775595,151.0,174.0,0.52909386,171.0,155.0,0.5236263,140.0,157.0,0.39283377,182.0,128.0,0.6620977,130.0,131.0,0.6119375,200.0,178.0,0.6543408,110.0,178.0,0.6786278,195.0,181.0,0.32921395,111.0,183.0,0.18225601,182.0,63.0,0.88830316,141.0,64.0,0.82981193,179.0,127.0,0.76055205,144.0,130.0,0.4026626,187.0,177.0,0.17091629,152.0,181.0,0.2964723,2,dog
dog/girl1_dog042_flipped.jpg,142.0,167.0,0.26473513,148.0,169.0,0.4783109,136.0,170.0,0.46625236,160.0,151.0,0.55481154,127.0,151.0,0.43962222,172.0,131.0,0.8138912,118.0,132.0,0.715819,191.0,180.0,0.6128813,99.0,180.0,0.77299166,187.0,188.0,0.1491478,127.0,184.0,0.21471925,158.0,62.0,0.8509616,119.0,63.0,0.82617545,161.0,124.0,0.42359692,121.0,130.0,0.5512047,149.0,184.0,0.1911242,131.0,187.0,0.37609544,2,dog
dog/girl1_dog044.jpg,157.0,173.0,0.4493258,162.0,174.0,0.5637729,151.0,175.0,0.55069286,172.0,156.0,0.50472146,142.0,157.0,0.45009404,185.0,129.0,0.8296062,131.0,131.0,0.7543272,202.0,178.0,0.70427513,111.0,179.0,0.6792321,197.0,180.0,0.29619375,111.0,183.0,0.12939614,186.0,63.0,0.8727225,143.0,64.0,0.71037495,183.0,127.0,0.71413743,146.0,127.0,0.42613563,181.0,174.0,0.24881102,153.0,173.0,0.27126682,2,dog
dog/girl1_dog045.jpg,158.0,172.0,0.4467324,163.0,173.0,0.6271801,152.0,174.0,0.50578964,173.0,154.0,0.53652465,143.0,156.0,0.45060185,188.0,129.0,0.81652004,133.0,130.0,0.7672748,204.0,178.0,0.7024249,112.0,179.0,0.63727784,198.0,180.0,0.3485237,112.0,182.0,0.13105474,187.0,61.0,0.8598154,146.0,63.0,0.80408955,186.0,128.0,0.7473078,149.0,126.0,0.43003651,197.0,177.0,0.34529966,156.0,172.0,0.2901034,2,dog
dog/girl1_dog050.jpg,164.0,167.0,0.4457552,171.0,169.0,0.47683743,158.0,170.0,0.5206888,180.0,151.0,0.5891803,149.0,152.0,0.49551713,194.0,127.0,0.77692187,140.0,129.0,0.6734884,209.0,179.0,0.5208845,118.0,178.0,0.71160316,201.0,179.0,0.29423064,118.0,189.0,0.16244774,197.0,58.0,0.7807992,156.0,61.0,0.767647,195.0,127.0,0.80609226,157.0,127.0,0.42358875,202.0,176.0,0.37086165,165.0,169.0,0.20955442,2,dog
dog/girl1_dog050_flipped.jpg,134.0,165.0,0.31121886,139.0,168.0,0.4051226,130.0,167.0,0.46667996,148.0,153.0,0.5065208,119.0,152.0,0.39267513,161.0,130.0,0.8014594,107.0,130.0,0.60310566,182.0,177.0,0.7953041,92.0,179.0,0.5509193,179.0,186.0,0.27492145,105.0,182.0,0.11525088,143.0,60.0,0.81771994,103.0,62.0,0.83607775,148.0,118.0,0.43113616,109.0,126.0,0.71580446,143.0,145.0,0.1332093,114.0,153.0,0.22636986,2,dog
dog/girl1_dog052.jpg,166.0,165.0,0.33316478,171.0,167.0,0.5173875,161.0,167.0,0.4539388,181.0,152.0,0.57016706,150.0,152.0,0.40669948,195.0,128.0,0.83238935,141.0,129.0,0.59224045,208.0,176.0,0.55950254,120.0,177.0,0.7175933,204.0,182.0,0.31309503,119.0,189.0,0.15468615,199.0,59.0,0.83708864,158.0,59.0,0.7106432,197.0,125.0,0.52086717,162.0,123.0,0.5530341,205.0,174.0,0.255558,172.0,172.0,0.18833993,2,dog
dog/girl1_dog052_flipped.jpg,132.0,163.0,0.25301102,136.0,165.0,0.45463213,128.0,165.0,0.32641202,147.0,150.0,0.5674878,117.0,150.0,0.48459953,159.0,128.0,0.6861514,104.0,128.0,0.4761616,180.0,175.0,0.6780164,91.0,178.0,0.66466343,179.0,187.0,0.26836154,126.0,181.0,0.29580894,140.0,58.0,0.86517066,99.0,61.0,0.82857656,141.0,115.0,0.48569572,105.0,125.0,0.6807119,140.0,143.0,0.10222346,111.0,153.0,0.19068947,2,dog
dog/girl1_dog053.jpg,166.0,163.0,0.37410495,172.0,167.0,0.5466286,161.0,167.0,0.45613593,182.0,151.0,0.58017874,151.0,152.0,0.41418457,196.0,128.0,0.7894901,142.0,128.0,0.6715311,211.0,177.0,0.78338337,121.0,176.0,0.74186826,206.0,182.0,0.27448303,121.0,188.0,0.1789333,201.0,56.0,0.8786965,161.0,57.0,0.7158288,199.0,126.0,0.72331977,164.0,121.0,0.51732594,208.0,176.0,0.3691604,171.0,170.0,0.19080263,2,dog
dog/girl1_dog054.jpg,169.0,165.0,0.35509536,173.0,167.0,0.54620886,163.0,167.0,0.48989773,183.0,151.0,0.54323596,153.0,152.0,0.47669002,198.0,128.0,0.8208059,144.0,128.0,0.6120894,212.0,177.0,0.7511692,122.0,176.0,0.56746936,206.0,183.0,0.26897,120.0,186.0,0.30374247,202.0,56.0,0.7736529,163.0,57.0,0.6858737,200.0,126.0,0.64468217,166.0,120.0,0.4644463,209.0,173.0,0.3294283,177.0,169.0,0.17048883,2,dog
dog/girl1_dog055.jpg,170.0,162.0,0.3558737,175.0,165.0,0.44583932,164.0,165.0,0.435396,184.0,149.0,0.4857015,155.0,151.0,0.45795718,199.0,127.0,0.8401644,145.0,126.0,0.5217602,213.0,177.0,0.78026414,124.0,173.0,0.5560262,208.0,183.0,0.29542467,121.0,186.0,0.31569093,204.0,56.0,0.83673847,166.0,56.0,0.77502066,203.0,123.0,0.52218103,168.0,116.0,0.5109848,210.0,173.0,0.30905986,180.0,162.0,0.17419137,2,dog
dog/girl1_dog056.jpg,171.0,160.0,0.353166,176.0,163.0,0.42744046,165.0,164.0,0.38124737,185.0,150.0,0.49211076,156.0,150.0,0.4196652,199.0,126.0,0.852254,146.0,126.0,0.5900861,214.0,176.0,0.67522514,125.0,173.0,0.69679415,209.0,182.0,0.27221644,122.0,184.0,0.32207385,205.0,55.0,0.87515175,166.0,57.0,0.7237921,204.0,124.0,0.47969812,172.0,120.0,0.3366464,208.0,161.0,0.15562467,182.0,162.0,0.17101043,2,dog
dog/girl1_dog057.jpg,171.0,162.0,0.37504488,176.0,165.0,0.51088846,165.0,165.0,0.49533066,185.0,150.0,0.48734933,156.0,151.0,0.4162666,202.0,127.0,0.76840866,146.0,125.0,0.64577055,215.0,175.0,0.5657879,125.0,172.0,0.5886149,188.0,185.0,0.27974945,121.0,188.0,0.35179052,209.0,53.0,0.7646992,167.0,55.0,0.8525721,206.0,125.0,0.55732214,171.0,120.0,0.41001186,213.0,171.0,0.30298874,181.0,158.0,0.19165662,2,dog
dog/girl1_dog058.jpg,170.0,162.0,0.3503713,176.0,166.0,0.5255764,165.0,165.0,0.4908026,187.0,150.0,0.5384509,157.0,151.0,0.40336025,204.0,128.0,0.76257694,147.0,125.0,0.58785,216.0,175.0,0.55437154,125.0,173.0,0.7790099,190.0,185.0,0.2981664,123.0,190.0,0.19458467,210.0,53.0,0.9246048,168.0,54.0,0.55772364,209.0,122.0,0.4175464,173.0,120.0,0.45601347,211.0,167.0,0.15319198,181.0,159.0,0.1728063,2,dog
dog/girl1_dog058_flipped.jpg,126.0,158.0,0.3556709,128.0,162.0,0.33921,126.0,162.0,0.5185143,137.0,149.0,0.47252238,118.0,150.0,0.4363533,152.0,127.0,0.7756442,99.0,128.0,0.41649523,175.0,173.0,0.48274624,83.0,175.0,0.5635693,113.0,184.0,0.3417291,115.0,184.0,0.32843608,129.0,52.0,0.79312706,89.0,56.0,0.7398354,125.0,118.0,0.578457,97.0,123.0,0.6348535,114.0,181.0,0.34813234,97.0,154.0,0.11826385,2,dog
dog/girl1_dog059.jpg,172.0,161.0,0.4000443,177.0,165.0,0.36905515,165.0,166.0,0.4990109,188.0,150.0,0.46228337,157.0,150.0,0.47533727,204.0,126.0,0.7897962,147.0,125.0,0.64198,216.0,174.0,0.63646996,126.0,173.0,0.6634683,192.0,183.0,0.31877965,123.0,186.0,0.3592803,212.0,53.0,0.8439537,170.0,54.0,0.70986116,210.0,127.0,0.58144027,175.0,119.0,0.43434706,214.0,173.0,0.33981106,185.0,161.0,0.19433056,2,dog
dog/girl1_dog059_flipped.jpg,125.0,162.0,0.3575172,130.0,165.0,0.42076418,122.0,164.0,0.45683566,141.0,149.0,0.44241196,112.0,150.0,0.4197361,152.0,127.0,0.8432436,94.0,129.0,0.62321204,174.0,174.0,0.6874578,82.0,177.0,0.7540541,175.0,186.0,0.27712277,111.0,183.0,0.29065594,128.0,53.0,0.7115376,87.0,57.0,0.84952664,125.0,117.0,0.60325885,93.0,126.0,0.61939305,109.0,156.0,0.27326223,96.0,155.0,0.21115927,2,dog
dog/girl1_dog061.jpg,175.0,163.0,0.42705715,181.0,165.0,0.40009195,168.0,166.0,0.5595467,191.0,146.0,0.5562048,159.0,149.0,0.43786308,206.0,125.0,0.7944436,149.0,123.0,0.6518735,218.0,173.0,0.5985647,127.0,173.0,0.6734306,213.0,181.0,0.2590641,125.0,186.0,0.18481785,216.0,50.0,0.8741309,174.0,51.0,0.74248505,213.0,126.0,0.67726755,179.0,118.0,0.3981157,217.0,173.0,0.41212985,186.0,168.0,0.19046842,2,dog
dog/girl1_dog061_flipped.jpg,123.0,159.0,0.42081222,129.0,164.0,0.47613564,120.0,163.0,0.49916363,140.0,148.0,0.5816479,109.0,147.0,0.48321384,149.0,125.0,0.68057454,89.0,128.0,0.5552542,171.0,173.0,0.5994288,82.0,175.0,0.6329038,175.0,188.0,0.31709287,105.0,184.0,0.4239261,124.0,50.0,0.7893053,83.0,55.0,0.6947464,125.0,112.0,0.42465925,85.0,126.0,0.7223494,108.0,156.0,0.26560262,85.0,153.0,0.19253153,2,dog
dog/girl1_dog066.jpg,174.0,162.0,0.37070048,180.0,163.0,0.43743828,168.0,165.0,0.4167807,190.0,147.0,0.5823241,158.0,148.0,0.5613508,208.0,124.0,0.6125258,150.0,122.0,0.71459895,221.0,174.0,0.5416963,130.0,170.0,0.72962576,223.0,180.0,0.31774142,127.0,186.0,0.15178353,224.0,48.0,0.9332117,181.0,48.0,0.7511095,223.0,128.0,0.8470316,183.0,115.0,0.4904867,224.0,174.0,0.45156398,199.0,173.0,0.36370972,2,dog
dog/girl1_dog066_flipped.jpg,121.0,156.0,0.44228533,129.0,161.0,0.43351707,118.0,162.0,0.4225503,137.0,148.0,0.62850726,110.0,146.0,0.5797229,145.0,121.0,0.7473128,88.0,123.0,0.71101534,168.0,169.0,0.6780977,80.0,176.0,0.41541535,176.0,212.0,0.9078454,104.0,213.0,0.68819284,116.0,47.0,0.7060814,75.0,49.0,0.7672407,120.0,119.0,0.34700862,76.0,128.0,0.82981795,114.0,158.0,0.11496245,78.0,176.0,0.31706694,2,dog
dog/girl1_dog069.jpg,177.0,158.0,0.44395557,181.0,161.0,0.50524414,170.0,162.0,0.5674716,192.0,144.0,0.57788134,161.0,146.0,0.5982093,209.0,120.0,0.5986533,152.0,120.0,0.6752421,225.0,175.0,0.5730963,131.0,169.0,0.86108243,232.0,181.0,0.48209468,129.0,185.0,0.13820808,228.0,45.0,0.7263674,187.0,45.0,0.7938083,229.0,127.0,0.7952657,197.0,122.0,0.40348712,231.0,177.0,0.29784572,214.0,172.0,0.45646498,2,dog
dog/girl1_dog069_flipped.jpg,120.0,154.0,0.32717508,128.0,159.0,0.46652073,118.0,159.0,0.42397577,136.0,147.0,0.58123875,110.0,145.0,0.5282667,144.0,120.0,0.7707424,90.0,121.0,0.66602135,167.0,167.0,0.8450507,80.0,172.0,0.76363444,176.0,211.0,0.86551005,106.0,213.0,0.8124175,112.0,45.0,0.652946,71.0,48.0,0.75114,111.0,124.0,0.36130103,72.0,128.0,0.8360758,108.0,159.0,0.13608779,65.0,179.0,0.5903831,2,dog
dog/girl1_dog071.jpg,178.0,158.0,0.31225106,183.0,160.0,0.3932631,171.0,160.0,0.5596509,193.0,143.0,0.5819581,162.0,143.0,0.46534637,209.0,118.0,0.63558626,154.0,119.0,0.64789313,225.0,174.0,0.5840571,132.0,168.0,0.85845196,237.0,180.0,0.48994586,128.0,182.0,0.17551675,232.0,44.0,0.9188598,190.0,44.0,0.8361738,232.0,129.0,0.8293693,197.0,119.0,0.33168817,236.0,177.0,0.35097057,214.0,171.0,0.37834898,2,dog
dog/girl1_dog071_flipped.jpg,123.0,152.0,0.35305598,130.0,156.0,0.43932515,119.0,157.0,0.45390952,137.0,143.0,0.50071454,107.0,143.0,0.57504773,142.0,117.0,0.83007455,87.0,122.0,0.5140685,167.0,167.0,0.822261,77.0,173.0,0.7158673,169.0,182.0,0.39198473,62.0,182.0,0.5249821,109.0,44.0,0.8336381,69.0,48.0,0.7884399,113.0,112.0,0.43305176,70.0,129.0,0.80459493,103.0,143.0,0.2915445,62.0,180.0,0.5618175,2,dog
dog/girl1_dog074.jpg,177.0,155.0,0.36181977,182.0,159.0,0.37662956,169.0,158.0,0.55734634,193.0,142.0,0.572795,161.0,143.0,0.51826996,210.0,119.0,0.5587076,154.0,118.0,0.7174885,223.0,171.0,0.72181696,133.0,167.0,0.8135352,244.0,178.0,0.3578667,130.0,181.0,0.15663452,235.0,42.0,0.5599426,194.0,42.0,0.6365118,235.0,127.0,0.87359565,202.0,115.0,0.46403393,244.0,177.0,0.43323782,216.0,169.0,0.38827488,2,dog
dog/girl1_dog074_flipped.jpg,121.0,145.0,0.36909914,126.0,151.0,0.32645354,117.0,152.0,0.38562995,134.0,139.0,0.44220254,106.0,140.0,0.4775312,141.0,115.0,0.86261964,86.0,120.0,0.6877719,164.0,165.0,0.86119103,78.0,171.0,0.71215326,168.0,181.0,0.29471356,80.0,177.0,0.148584,105.0,41.0,0.82612526,66.0,45.0,0.88437563,99.0,106.0,0.43034214,67.0,125.0,0.6491176,91.0,140.0,0.18754466,55.0,176.0,0.614475,2,dog
dog/girl1_dog082.jpg,177.0,153.0,0.3801106,181.0,160.0,0.42593375,168.0,156.0,0.6064401,194.0,142.0,0.6016695,160.0,141.0,0.5641234,214.0,116.0,0.6497241,156.0,114.0,0.7821087,220.0,170.0,0.5611794,136.0,164.0,0.92281234,184.0,213.0,0.9258032,120.0,209.0,0.741415,242.0,39.0,0.89230895,202.0,40.0,0.6828033,245.0,124.0,0.86183506,208.0,112.0,0.4710866,257.0,174.0,0.73394716,220.0,167.0,0.52683187,2,dog
dog/girl1_dog082_flipped.jpg,122.0,153.0,0.33437946,129.0,156.0,0.40722668,118.0,157.0,0.43361115,137.0,142.0,0.53652596,108.0,141.0,0.5424504,139.0,112.0,0.84634364,87.0,113.0,0.5818596,164.0,163.0,0.7628518,79.0,169.0,0.6975328,163.0,174.0,0.19748048,78.0,170.0,0.2281572,95.0,39.0,0.7193754,56.0,38.0,0.8892825,87.0,113.0,0.4483253,54.0,122.0,0.88470984,77.0,164.0,0.38038945,39.0,174.0,0.75400853,2,dog
dog/girl1_dog084.jpg,178.0,153.0,0.37582853,181.0,159.0,0.441596,170.0,156.0,0.46150908,192.0,143.0,0.5819758,160.0,141.0,0.5848962,213.0,115.0,0.571059,157.0,113.0,0.71498466,219.0,170.0,0.53500545,136.0,163.0,0.75237465,184.0,213.0,0.9186035,120.0,209.0,0.7636968,244.0,38.0,0.87685096,203.0,38.0,0.7758509,248.0,123.0,0.8875984,213.0,120.0,0.51309806,262.0,174.0,0.75735027,224.0,164.0,0.38964114,2,dog
dog/girl1_dog084_flipped.jpg,121.0,153.0,0.35669175,129.0,156.0,0.47619268,118.0,157.0,0.53625333,135.0,141.0,0.41385293,107.0,141.0,0.50318843,140.0,112.0,0.79862165,86.0,114.0,0.44407687,161.0,161.0,0.76100785,79.0,171.0,0.7724256,164.0,177.0,0.31070825,80.0,173.0,0.22574121,93.0,35.0,0.84604895,54.0,37.0,0.8925994,85.0,110.0,0.5037995,52.0,123.0,0.9113089,76.0,155.0,0.20578183,36.0,173.0,0.7302947,2,dog
dog/girl1_dog085.jpg,179.0,152.0,0.37349606,182.0,159.0,0.4611247,170.0,156.0,0.48574093,192.0,143.0,0.6111777,160.0,141.0,0.572827,213.0,113.0,0.7196239,157.0,113.0,0.5636954,218.0,170.0,0.6022567,136.0,163.0,0.77186143,183.0,213.0,0.89235955,119.0,208.0,0.7263449,244.0,38.0,0.8653915,205.0,38.0,0.58488774,249.0,122.0,0.89506865,214.0,123.0,0.37345722,263.0,173.0,0.7153994,231.0,170.0,0.53647435,2,dog
dog/girl1_dog085_flipped.jpg,122.0,156.0,0.24181345,129.0,156.0,0.4561417,118.0,157.0,0.50550973,136.0,141.0,0.5207373,106.0,142.0,0.5467403,139.0,112.0,0.76540846,86.0,113.0,0.46436265,161.0,162.0,0.7239406,80.0,170.0,0.63089144,164.0,177.0,0.24843413,80.0,172.0,0.25479048,91.0,36.0,0.7112763,53.0,36.0,0.75419074,83.0,111.0,0.52698416,50.0,122.0,0.89965475,76.0,162.0,0.25414193,34.0,173.0,0.7208899,2,dog
dog/girl1_dog086.jpg,180.0,156.0,0.26413065,182.0,160.0,0.5229172,171.0,157.0,0.46046805,191.0,144.0,0.57386893,160.0,142.0,0.61246353,213.0,114.0,0.5406343,157.0,113.0,0.58790433,217.0,171.0,0.6510314,137.0,162.0,0.8024295,182.0,213.0,0.8760245,119.0,208.0,0.76869684,247.0,36.0,0.8828338,205.0,36.0,0.6265929,250.0,122.0,0.90209603,214.0,123.0,0.4639547,265.0,172.0,0.78381085,240.0,167.0,0.6143936,2,dog
dog/girl1_dog086_flipped.jpg,120.0,150.0,0.4106048,128.0,154.0,0.46741468,118.0,155.0,0.5224153,134.0,141.0,0.47914547,108.0,140.0,0.4830788,138.0,112.0,0.73606706,87.0,115.0,0.7258733,161.0,162.0,0.93130004,80.0,170.0,0.74635416,177.0,207.0,0.705798,116.0,212.0,0.8385486,91.0,35.0,0.8166368,54.0,36.0,0.83773005,83.0,118.0,0.428819,49.0,123.0,0.73317134,78.0,166.0,0.3756911,35.0,172.0,0.7979293,2,dog
dog/girl1_dog087.jpg,179.0,153.0,0.37351117,182.0,160.0,0.47241122,170.0,156.0,0.46616593,192.0,143.0,0.5809804,160.0,141.0,0.5580019,214.0,113.0,0.72243273,157.0,113.0,0.59978783,217.0,171.0,0.6489323,137.0,162.0,0.7889099,181.0,213.0,0.8651084,119.0,208.0,0.7372928,247.0,36.0,0.84416485,206.0,36.0,0.67987216,251.0,120.0,0.9098949,214.0,123.0,0.43476972,267.0,170.0,0.81968904,238.0,166.0,0.6171242,2,dog
dog/girl1_dog087_flipped.jpg,120.0,151.0,0.4063607,127.0,154.0,0.483588,118.0,156.0,0.55258584,134.0,141.0,0.4750908,108.0,140.0,0.46346435,138.0,112.0,0.7601087,85.0,115.0,0.52339375,161.0,161.0,0.9252123,81.0,170.0,0.80425906,180.0,207.0,0.8676554,116.0,212.0,0.81935775,90.0,34.0,0.75314486,52.0,36.0,0.8332232,83.0,119.0,0.37961125,47.0,123.0,0.7906859,79.0,167.0,0.34182394,33.0,172.0,0.71720296,2,dog
dog/girl1_dog088.jpg,181.0,155.0,0.2737889,183.0,159.0,0.53671145,171.0,156.0,0.49883875,193.0,144.0,0.553789,160.0,141.0,0.57728773,213.0,112.0,0.6902876,157.0,112.0,0.5864811,215.0,170.0,0.72378385,137.0,162.0,0.8078947,180.0,213.0,0.84092546,120.0,208.0,0.8923634,248.0,36.0,0.8611641,207.0,36.0,0.78064424,254.0,121.0,0.9130606,218.0,123.0,0.4924036,268.0,170.0,0.743655,243.0,167.0,0.67657757,2,dog
dog/girl1_dog088_flipped.jpg,121.0,150.0,0.4224885,130.0,154.0,0.5080642,119.0,155.0,0.58152026,135.0,140.0,0.485702,107.0,139.0,0.51137364,138.0,111.0,0.7830219,85.0,114.0,0.5642204,160.0,161.0,0.9257894,81.0,170.0,0.8362664,180.0,207.0,0.85562223,117.0,213.0,0.8002866,89.0,33.0,0.8486063,51.0,36.0,0.7886484,79.0,114.0,0.39462686,46.0,122.0,0.9183342,63.0,169.0,0.57654965,33.0,171.0,0.8021817,2,dog
dog/girl1_dog090.jpg,180.0,153.0,0.3195257,182.0,159.0,0.44717056,168.0,156.0,0.5481869,193.0,143.0,0.54267526,159.0,141.0,0.5296817,214.0,111.0,0.6129367,158.0,111.0,0.6687552,216.0,170.0,0.6479107,137.0,162.0,0.7974079,180.0,214.0,0.8315364,120.0,207.0,0.7292354,249.0,35.0,0.858408,210.0,34.0,0.6986967,256.0,119.0,0.8931059,218.0,124.0,0.47666988,272.0,171.0,0.80752105,245.0,168.0,0.51208156,2,dog
dog/girl1_dog090_flipped.jpg,121.0,151.0,0.43689075,130.0,154.0,0.52140474,120.0,156.0,0.6171848,135.0,139.0,0.50360405,108.0,138.0,0.56100947,137.0,111.0,0.7919978,87.0,113.0,0.71407056,160.0,161.0,0.9133983,82.0,170.0,0.86074615,180.0,205.0,0.8010951,118.0,213.0,0.6858555,88.0,30.0,0.80955327,49.0,33.0,0.8812357,78.0,115.0,0.39253333,44.0,120.0,0.8093856,53.0,169.0,0.75490546,29.0,170.0,0.74283016,2,dog
dog/girl1_dog093.jpg,180.0,153.0,0.32155138,182.0,159.0,0.44282478,168.0,156.0,0.5686853,192.0,142.0,0.56715137,159.0,139.0,0.55052936,216.0,112.0,0.59275436,161.0,110.0,0.6757489,214.0,169.0,0.75149775,140.0,161.0,0.856557,179.0,213.0,0.92007625,119.0,206.0,0.6602205,251.0,36.0,0.87851834,214.0,33.0,0.6341681,260.0,119.0,0.863216,232.0,121.0,0.6973146,277.0,169.0,0.72949505,249.0,167.0,0.65968657,2,dog
dog/girl1_dog093_flipped.jpg,122.0,150.0,0.43044046,130.0,153.0,0.45809895,120.0,155.0,0.5549736,135.0,139.0,0.5216193,108.0,138.0,0.57564896,138.0,111.0,0.743731,86.0,115.0,0.65919876,159.0,160.0,0.88320655,83.0,171.0,0.87620294,180.0,205.0,0.83939016,120.0,213.0,0.82016426,86.0,29.0,0.7885199,45.0,33.0,0.87117887,72.0,115.0,0.40371028,41.0,118.0,0.76508874,49.0,167.0,0.74761784,24.0,170.0,0.783697,2,dog
dog/girl1_dog094.jpg,180.0,153.0,0.3174781,183.0,159.0,0.44593003,170.0,156.0,0.4443365,192.0,142.0,0.55069804,159.0,139.0,0.54610854,216.0,113.0,0.6252773,161.0,110.0,0.50923973,215.0,170.0,0.7856029,139.0,161.0,0.82765305,178.0,213.0,0.91013175,119.0,206.0,0.8980725,252.0,35.0,0.90861803,215.0,33.0,0.7158271,261.0,119.0,0.88308495,232.0,122.0,0.5123627,278.0,168.0,0.7797851,252.0,167.0,0.7554538,2,dog
dog/girl1_dog094_flipped.jpg,121.0,151.0,0.43740886,130.0,154.0,0.51718074,119.0,156.0,0.5989567,135.0,139.0,0.53804815,107.0,139.0,0.530318,137.0,111.0,0.79384214,86.0,115.0,0.7332888,159.0,159.0,0.8867359,83.0,171.0,0.8831562,180.0,205.0,0.8336355,121.0,213.0,0.8149639,84.0,29.0,0.7484106,45.0,32.0,0.8612602,72.0,115.0,0.3787935,39.0,120.0,0.7464098,48.0,168.0,0.8064486,22.0,171.0,0.87811947,2,dog
dog/girl1_dog095.jpg,181.0,152.0,0.34535983,183.0,158.0,0.49865305,170.0,155.0,0.48018092,193.0,142.0,0.5603922,160.0,139.0,0.59366214,216.0,112.0,0.6436664,161.0,110.0,0.53767693,216.0,169.0,0.7277616,140.0,159.0,0.62407386,177.0,213.0,0.9113837,119.0,207.0,0.65538096,252.0,36.0,0.91323936,215.0,33.0,0.73163366,263.0,119.0,0.8674133,235.0,120.0,0.7537296,280.0,170.0,0.87155044,253.0,167.0,0.72508866,2,dog
dog/girl1_dog095_flipped.jpg,121.0,151.0,0.45281816,130.0,154.0,0.5205453,120.0,156.0,0.5973438,135.0,139.0,0.55025876,107.0,139.0,0.5168351,136.0,110.0,0.8346288,86.0,113.0,0.7092718,158.0,159.0,0.8835612,82.0,170.0,0.89373094,180.0,205.0,0.8376869,121.0,212.0,0.8214978,84.0,30.0,0.7726393,43.0,32.0,0.8569876,71.0,114.0,0.3928989,38.0,119.0,0.80346113,47.0,168.0,0.7401823,22.0,171.0,0.8567625,2,dog
dog/girl1_dog097.jpg,181.0,153.0,0.3281659,183.0,159.0,0.4958166,170.0,156.0,0.43979985,194.0,143.0,0.5878009,160.0,139.0,0.5745703,217.0,112.0,0.6523191,162.0,111.0,0.5388899,216.0,170.0,0.85600406,141.0,160.0,0.6421056,176.0,213.0,0.9158066,119.0,205.0,0.73376286,255.0,34.0,0.8078197,218.0,32.0,0.5906514,265.0,120.0,0.8708582,236.0,120.0,0.78756917,282.0,167.0,0.8528619,255.0,166.0,0.8061298,2,dog
dog/girl1_dog097_flipped.jpg,121.0,152.0,0.44295928,130.0,154.0,0.5663612,120.0,156.0,0.58877325,136.0,139.0,0.5064419,108.0,139.0,0.49330235,134.0,110.0,0.84231925,87.0,114.0,0.69936335,157.0,158.0,0.79169333,83.0,170.0,0.8766973,180.0,205.0,0.8232528,121.0,212.0,0.8207985,82.0,29.0,0.8065055,42.0,32.0,0.87053263,65.0,116.0,0.46338025,36.0,120.0,0.7110132,43.0,167.0,0.8361285,18.0,169.0,0.80054474,2,dog
dog/girl1_dog100.jpg,180.0,152.0,0.29944533,182.0,158.0,0.4191473,167.0,155.0,0.5540367,191.0,140.0,0.5638075,159.0,138.0,0.59519386,216.0,110.0,0.52113646,161.0,109.0,0.54970974,214.0,168.0,0.87512076,141.0,159.0,0.7242453,174.0,214.0,0.77356243,121.0,204.0,0.8506803,257.0,34.0,0.8918922,219.0,32.0,0.6956165,266.0,120.0,0.7970341,240.0,122.0,0.578615,285.0,167.0,0.82894146,259.0,166.0,0.71053755,2,dog
dog/girl1_dog100_flipped.jpg,122.0,151.0,0.45736346,131.0,153.0,0.47946182,121.0,156.0,0.55969334,136.0,138.0,0.4832263,110.0,138.0,0.50224185,136.0,108.0,0.8746695,88.0,113.0,0.6581794,155.0,155.0,0.8525515,84.0,169.0,0.85850805,177.0,203.0,0.8047477,122.0,213.0,0.74523544,80.0,29.0,0.7643922,41.0,31.0,0.83476114,59.0,118.0,0.60103774,34.0,119.0,0.7891813,38.0,165.0,0.8058357,15.0,170.0,0.87461734,2,dog
dog/girl1_dog101.jpg,183.0,147.0,0.300516,183.0,154.0,0.42770678,171.0,151.0,0.47015944,187.0,138.0,0.54471743,160.0,137.0,0.582001,214.0,107.0,0.6395112,160.0,109.0,0.69113445,212.0,167.0,0.87857085,141.0,158.0,0.71359646,174.0,215.0,0.8790712,122.0,204.0,0.8607048,258.0,34.0,0.90094787,220.0,33.0,0.76065576,265.0,121.0,0.8880537,241.0,124.0,0.7393212,285.0,167.0,0.8286227,259.0,166.0,0.64631075,2,dog
dog/girl1_dog101_flipped.jpg,125.0,150.0,0.42116046,133.0,152.0,0.37357217,124.0,155.0,0.52834976,138.0,136.0,0.55708724,112.0,136.0,0.45083338,137.0,106.0,0.86551684,89.0,112.0,0.846841,155.0,154.0,0.78048146,85.0,168.0,0.79624516,177.0,203.0,0.8323661,122.0,214.0,0.7386623,80.0,30.0,0.8107556,41.0,32.0,0.8500072,59.0,119.0,0.6148096,34.0,120.0,0.8223162,37.0,166.0,0.89254606,13.0,169.0,0.85361063,2,dog
dog/girl1_dog103.jpg,179.0,145.0,0.1665466,178.0,148.0,0.37615564,166.0,147.0,0.44564053,183.0,134.0,0.5745292,156.0,133.0,0.6292668,210.0,106.0,0.5266503,156.0,106.0,0.68308043,210.0,167.0,0.77900326,141.0,157.0,0.7442396,173.0,215.0,0.8262956,122.0,205.0,0.85469794,257.0,35.0,0.8183878,220.0,34.0,0.61071193,264.0,125.0,0.9251675,241.0,127.0,0.7154423,287.0,167.0,0.737639,262.0,167.0,0.5996647,2,dog
dog/girl1_dog103_flipped.jpg,125.0,143.0,0.36790568,134.0,145.0,0.58184433,125.0,147.0,0.5234598,140.0,131.0,0.47801048,117.0,132.0,0.49861163,139.0,101.0,0.69982576,92.0,107.0,0.8111237,156.0,151.0,0.76640344,88.0,167.0,0.831628,178.0,204.0,0.8438008,125.0,214.0,0.8272694,79.0,32.0,0.73787,40.0,34.0,0.7687504,57.0,123.0,0.6525233,35.0,123.0,0.9224741,33.0,165.0,0.82103616,12.0,169.0,0.77764904,2,dog
dog/girl1_dog105.jpg,173.0,142.0,0.2906055,172.0,144.0,0.3765651,162.0,145.0,0.47699162,176.0,128.0,0.59379125,152.0,130.0,0.58749104,204.0,103.0,0.65435725,151.0,104.0,0.6968313,208.0,166.0,0.8583586,139.0,158.0,0.87585896,173.0,217.0,0.883395,120.0,209.0,0.7738729,255.0,38.0,0.81234294,219.0,36.0,0.7849099,263.0,128.0,0.8727654,237.0,129.0,0.82266414,287.0,167.0,0.8264961,264.0,168.0,0.5610149,2,dog
dog/girl1_dog105_flipped.jpg,131.0,138.0,0.39195752,141.0,141.0,0.47680786,133.0,143.0,0.43879965,146.0,128.0,0.4689587,123.0,129.0,0.6563686,144.0,98.0,0.9084904,94.0,103.0,0.79190326,157.0,155.0,0.9065241,91.0,166.0,0.77414465,178.0,207.0,0.69572574,126.0,216.0,0.7355113,79.0,35.0,0.6289017,41.0,36.0,0.8303749,61.0,129.0,0.65776575,37.0,127.0,0.7786273,32.0,165.0,0.7448939,13.0,168.0,0.85350466,2,dog
dog/girl1_dog114.jpg,121.0,138.0,0.5564854,120.0,135.0,0.4997826,114.0,136.0,0.5751277,128.0,109.0,0.8543073,112.0,112.0,0.59911215,171.0,95.0,0.7665214,118.0,96.0,0.6316192,182.0,172.0,0.6946942,117.0,166.0,0.72854495,178.0,234.0,0.77157086,101.0,220.0,0.80197173,232.0,59.0,0.6433886,196.0,56.0,0.758975,245.0,144.0,0.84903145,219.0,146.0,0.7219653,280.0,172.0,0.7351191,255.0,174.0,0.72972685,2,dog
dog/girl1_dog114_flipped.jpg,174.0,139.0,0.6930933,182.0,136.0,0.6798166,177.0,135.0,0.67920136,185.0,113.0,0.7061217,169.0,113.0,0.8393844,178.0,98.0,0.805888,127.0,99.0,0.8172296,181.0,167.0,0.7154969,115.0,169.0,0.69093406,197.0,217.0,0.8977863,121.0,234.0,0.9124842,98.0,54.0,0.5207551,62.0,54.0,0.7878988,78.0,145.0,0.70091224,50.0,144.0,0.86563957,43.0,172.0,0.89029074,20.0,172.0,0.8601226,2,dog
dog/girl2_dog026.jpg,104.0,176.0,0.53165865,99.0,175.0,0.49790764,99.0,175.0,0.53367037,96.0,163.0,0.6939547,97.0,163.0,0.5355998,109.0,150.0,0.86292386,133.0,151.0,0.81647384,107.0,194.0,0.8656668,143.0,192.0,0.8600163,90.0,228.0,0.63248366,131.0,221.0,0.7969483,175.0,111.0,0.8725904,183.0,113.0,0.6895579,224.0,174.0,0.83217275,227.0,171.0,0.8406733,297.0,186.0,0.35256895,297.0,186.0,0.43515685,2,dog
dog/girl2_dog026_flipped.jpg,192.0,176.0,0.6139356,198.0,175.0,0.6292703,198.0,174.0,0.5626385,199.0,162.0,0.6685716,202.0,162.0,0.7229139,167.0,149.0,0.6892097,189.0,151.0,0.7731021,156.0,190.0,0.9184881,192.0,192.0,0.80494726,168.0,221.0,0.85747844,209.0,228.0,0.7156812,115.0,113.0,0.9065611,122.0,110.0,0.87685525,69.0,171.0,0.77498305,73.0,175.0,0.73741066,-4.0,187.0,0.29018325,-5.0,189.0,0.25704587,2,dog
dog/girl2_dog027.jpg,111.0,175.0,0.5303026,105.0,174.0,0.6607181,105.0,175.0,0.54179776,102.0,163.0,0.6695136,104.0,163.0,0.46024796,114.0,148.0,0.6478349,138.0,151.0,0.7796992,107.0,193.0,0.8076809,144.0,191.0,0.89971566,90.0,226.0,0.60447204,131.0,220.0,0.77744156,178.0,108.0,0.88749444,188.0,110.0,0.6036725,225.0,177.0,0.939605,232.0,171.0,0.7850218,301.0,209.0,0.63711977,300.0,204.0,0.719326,2,dog
dog/girl2_dog027_flipped.jpg,186.0,175.0,0.49872,191.0,174.0,0.5690278,192.0,174.0,0.46701315,194.0,163.0,0.5882375,197.0,163.0,0.7271253,166.0,149.0,0.8168832,185.0,149.0,0.7669368,157.0,190.0,0.89705604,192.0,191.0,0.67751753,169.0,220.0,0.8265368,210.0,224.0,0.61501896,108.0,109.0,0.7750823,119.0,107.0,0.78449553,73.0,173.0,0.65498257,77.0,177.0,0.7181523,0.0,203.0,0.8082729,0.0,206.0,0.56009686,2,dog
dog/girl2_dog028.jpg,109.0,177.0,0.40732452,104.0,175.0,0.43633124,104.0,177.0,0.35481626,103.0,164.0,0.4970281,105.0,166.0,0.36104804,115.0,149.0,0.567292,141.0,156.0,0.70675635,108.0,193.0,0.51163197,145.0,192.0,0.6539829,91.0,226.0,0.52258205,130.0,220.0,0.8486116,181.0,109.0,0.7408612,191.0,108.0,0.7585906,221.0,180.0,0.91166615,227.0,177.0,0.65481496,293.0,223.0,0.810021,292.0,221.0,0.7823404,2,dog
dog/girl2_dog028_flipped.jpg,185.0,179.0,0.41287145,190.0,177.0,0.6685008,190.0,177.0,0.6012194,191.0,167.0,0.476605,192.0,165.0,0.5822038,164.0,150.0,0.61213815,182.0,152.0,0.7898273,155.0,192.0,0.9010478,191.0,195.0,0.8988203,168.0,220.0,0.85691386,208.0,228.0,0.7925379,108.0,108.0,0.79971683,118.0,106.0,0.8884305,72.0,176.0,0.8102876,81.0,180.0,0.8650404,8.0,222.0,0.64909583,6.0,222.0,0.7564879,2,dog
dog/girl2_dog029.jpg,117.0,182.0,0.6212619,113.0,181.0,0.70154834,112.0,181.0,0.6289308,109.0,170.0,0.58265626,111.0,171.0,0.5990325,120.0,151.0,0.77817273,144.0,160.0,0.6485144,111.0,195.0,0.6710768,147.0,195.0,0.92037296,95.0,230.0,0.7649181,131.0,223.0,0.8128816,183.0,109.0,0.8156798,192.0,111.0,0.72696483,221.0,182.0,0.87697524,229.0,179.0,0.7385635,292.0,227.0,0.8394232,290.0,226.0,0.79172486,2,dog
dog/girl2_dog029_flipped.jpg,178.0,182.0,0.5177039,183.0,181.0,0.6189307,184.0,181.0,0.50092286,185.0,172.0,0.57401097,186.0,172.0,0.73651206,159.0,153.0,0.5079622,178.0,154.0,0.72692674,152.0,193.0,0.90399736,187.0,195.0,0.8076022,168.0,222.0,0.9446218,204.0,229.0,0.8422976,103.0,107.0,0.8329931,113.0,107.0,0.78775775,69.0,176.0,0.8680599,81.0,180.0,0.887687,8.0,227.0,0.6685717,7.0,228.0,0.69211936,2,dog
dog/girl2_dog030.jpg,125.0,186.0,0.5461328,120.0,186.0,0.6316364,121.0,186.0,0.696458,116.0,174.0,0.6339685,117.0,175.0,0.46483457,125.0,151.0,0.6428994,148.0,164.0,0.58416176,113.0,199.0,0.541842,149.0,197.0,0.91356766,97.0,231.0,0.7037096,132.0,223.0,0.816392,185.0,103.0,0.87972724,200.0,107.0,0.8409486,224.0,179.0,0.9047622,233.0,177.0,0.6068363,291.0,230.0,0.6246244,289.0,228.0,0.7311662,2,dog
dog/girl2_dog030_flipped.jpg,172.0,186.0,0.48004353,176.0,185.0,0.6365926,178.0,185.0,0.5345712,181.0,173.0,0.6601724,181.0,173.0,0.61476433,152.0,156.0,0.7483715,174.0,155.0,0.5413134,150.0,195.0,0.9333384,185.0,195.0,0.80778575,168.0,224.0,0.77983016,200.0,227.0,0.65589947,103.0,109.0,0.7103339,113.0,104.0,0.8369658,69.0,176.0,0.7916518,79.0,179.0,0.6673382,13.0,224.0,0.23941961,9.0,227.0,0.3266361,2,dog
dog/girl2_dog033.jpg,132.0,194.0,0.48225692,127.0,193.0,0.51152956,128.0,194.0,0.57979286,122.0,181.0,0.45131472,124.0,183.0,0.503834,131.0,158.0,0.6247774,155.0,173.0,0.6829233,116.0,205.0,0.4262542,154.0,203.0,0.84879315,105.0,229.0,0.5404993,131.0,229.0,0.6291521,193.0,107.0,0.74687386,201.0,110.0,0.72506434,229.0,179.0,0.73854494,234.0,177.0,0.70752585,290.0,231.0,0.2907469,286.0,231.0,0.45792043,2,dog
dog/girl2_dog033_flipped.jpg,166.0,192.0,0.46175763,169.0,191.0,0.5547359,172.0,191.0,0.35460186,174.0,180.0,0.6193455,175.0,179.0,0.63446486,146.0,159.0,0.7943695,167.0,159.0,0.74347687,146.0,202.0,0.87631524,183.0,204.0,0.78337264,165.0,223.0,0.841967,193.0,228.0,0.5351891,99.0,111.0,0.72368133,108.0,105.0,0.7763367,66.0,176.0,0.7262312,71.0,176.0,0.6286206,18.0,226.0,0.24044438,9.0,228.0,0.29655147,2,dog
dog/girl2_dog036.jpg,138.0,199.0,0.5160924,133.0,198.0,0.53879267,133.0,200.0,0.60375214,127.0,186.0,0.6284372,128.0,190.0,0.5619647,136.0,163.0,0.69670796,158.0,179.0,0.64125085,117.0,207.0,0.61105657,156.0,208.0,0.90855396,102.0,236.0,0.57244205,132.0,231.0,0.6856973,194.0,105.0,0.69455993,207.0,105.0,0.8241422,227.0,178.0,0.6205538,238.0,176.0,0.7998137,289.0,240.0,0.2296467,288.0,240.0,0.38342232,2,dog
dog/girl2_dog036_flipped.jpg,160.0,198.0,0.4770805,163.0,198.0,0.66897464,167.0,198.0,0.5947126,166.0,189.0,0.5710667,170.0,188.0,0.6877811,142.0,171.0,0.5973549,163.0,165.0,0.68158674,144.0,207.0,0.8876033,182.0,206.0,0.88631886,160.0,218.0,0.5531682,189.0,226.0,0.415905,98.0,109.0,0.7771251,109.0,107.0,0.7801449,59.0,178.0,0.818878,67.0,181.0,0.7073102,24.0,225.0,0.43464866,16.0,225.0,0.2719304,2,dog
dog/girl2_dog037.jpg,140.0,200.0,0.49246326,134.0,200.0,0.65299165,136.0,201.0,0.51592743,126.0,188.0,0.70488846,127.0,192.0,0.5982996,137.0,164.0,0.74741155,157.0,180.0,0.60325134,116.0,209.0,0.6596762,156.0,209.0,0.7946013,101.0,235.0,0.5466619,134.0,231.0,0.7296142,192.0,107.0,0.75789285,205.0,107.0,0.7146623,229.0,180.0,0.6649182,240.0,179.0,0.759022,283.0,235.0,0.26418447,280.0,235.0,0.3940838,2,dog
dog/girl2_dog037_flipped.jpg,159.0,198.0,0.5694605,162.0,199.0,0.6882888,165.0,199.0,0.56100655,167.0,191.0,0.60196763,170.0,189.0,0.62765884,141.0,172.0,0.8498163,164.0,167.0,0.7287437,144.0,207.0,0.9501614,183.0,211.0,0.815007,162.0,221.0,0.57649577,192.0,230.0,0.35594797,94.0,108.0,0.6477389,109.0,107.0,0.6925766,57.0,177.0,0.8956983,70.0,183.0,0.69530785,20.0,226.0,0.45735937,20.0,227.0,0.2788237,2,dog
dog/girl2_dog041.jpg,144.0,203.0,0.43440363,141.0,203.0,0.47319192,142.0,203.0,0.39927533,130.0,194.0,0.47783154,135.0,196.0,0.41968685,136.0,170.0,0.76261616,158.0,187.0,0.5714641,114.0,210.0,0.6657644,156.0,211.0,0.8850693,100.0,236.0,0.6856426,132.0,232.0,0.6352428,188.0,106.0,0.83017766,208.0,104.0,0.68277645,225.0,182.0,0.900494,239.0,179.0,0.69387597,274.0,250.0,0.64345896,284.0,249.0,0.6219232,2,dog
dog/girl2_dog041_flipped.jpg,156.0,201.0,0.50651515,159.0,202.0,0.60316867,164.0,202.0,0.47885257,162.0,197.0,0.6004342,168.0,194.0,0.61052084,139.0,178.0,0.841702,163.0,171.0,0.7213069,143.0,209.0,0.92094576,186.0,209.0,0.8471904,164.0,232.0,0.7990197,201.0,237.0,0.8314593,94.0,105.0,0.60235417,112.0,106.0,0.6855401,60.0,179.0,0.8149583,77.0,182.0,0.7522047,23.0,241.0,0.52197623,15.0,242.0,0.47081104,2,dog
dog/girl2_dog044.jpg,143.0,204.0,0.45379892,139.0,204.0,0.4921499,140.0,204.0,0.4538812,129.0,196.0,0.5866873,135.0,199.0,0.3110816,133.0,173.0,0.76034904,158.0,184.0,0.75276375,112.0,211.0,0.6785819,156.0,212.0,0.905471,100.0,236.0,0.7792754,133.0,234.0,0.69051754,184.0,106.0,0.8349249,205.0,102.0,0.81745833,218.0,186.0,0.8540251,235.0,181.0,0.7029891,267.0,251.0,0.6851356,279.0,247.0,0.77512765,2,dog
dog/girl2_dog044_flipped.jpg,155.0,204.0,0.57731855,158.0,205.0,0.6240351,164.0,206.0,0.605204,162.0,199.0,0.5902749,169.0,197.0,0.70077276,141.0,181.0,0.8189073,167.0,173.0,0.7379346,143.0,212.0,0.84283495,188.0,210.0,0.7886708,163.0,234.0,0.801913,202.0,238.0,0.8504172,96.0,105.0,0.86799854,116.0,106.0,0.82299805,62.0,180.0,0.78440833,83.0,183.0,0.66796654,23.0,243.0,0.67447466,37.0,244.0,0.30491,2,dog
dog/girl2_dog046.jpg,141.0,206.0,0.5308814,137.0,206.0,0.56542635,140.0,207.0,0.6073092,128.0,199.0,0.60489094,134.0,200.0,0.3863463,132.0,173.0,0.73053277,155.0,187.0,0.6198262,112.0,210.0,0.5836143,156.0,213.0,0.8851715,100.0,237.0,0.72851884,135.0,234.0,0.71780646,181.0,107.0,0.7142166,203.0,103.0,0.7637456,212.0,185.0,0.808671,233.0,181.0,0.68092614,262.0,254.0,0.68160784,273.0,250.0,0.74322414,2,dog
dog/girl2_dog046_flipped.jpg,156.0,206.0,0.6096226,158.0,207.0,0.6797269,163.0,207.0,0.5646837,162.0,200.0,0.586799,169.0,199.0,0.68478227,143.0,182.0,0.89826065,169.0,177.0,0.7212613,142.0,210.0,0.88782257,190.0,212.0,0.83717775,163.0,234.0,0.799953,202.0,238.0,0.61667216,96.0,105.0,0.86705524,119.0,107.0,0.79964006,65.0,181.0,0.8149005,87.0,185.0,0.72268665,27.0,242.0,0.7922387,44.0,243.0,0.39421472,2,dog
dog/girl2_dog047.jpg,143.0,203.0,0.55695486,138.0,204.0,0.52673537,140.0,204.0,0.51621854,128.0,198.0,0.66083276,135.0,198.0,0.5521577,131.0,175.0,0.5808108,155.0,183.0,0.7957497,114.0,206.0,0.47090414,155.0,213.0,0.77064043,100.0,237.0,0.79173875,136.0,233.0,0.68302286,178.0,106.0,0.7649186,201.0,103.0,0.72013354,208.0,186.0,0.9043427,232.0,180.0,0.71285295,258.0,253.0,0.5938079,271.0,250.0,0.737496,2,dog
dog/girl2_dog047_flipped.jpg,157.0,206.0,0.47527632,158.0,206.0,0.522313,164.0,206.0,0.6236945,163.0,200.0,0.6601207,169.0,198.0,0.65135807,144.0,182.0,0.89033294,169.0,176.0,0.68748915,142.0,212.0,0.78968847,190.0,211.0,0.7761741,164.0,234.0,0.79544735,202.0,237.0,0.56370836,96.0,106.0,0.85010624,121.0,107.0,0.8887336,67.0,181.0,0.819037,89.0,184.0,0.75754446,28.0,243.0,0.78102314,46.0,245.0,0.37958318,2,dog
dog/girl2_dog053.jpg,134.0,204.0,0.37866622,130.0,205.0,0.4209112,134.0,205.0,0.4324369,127.0,201.0,0.644984,134.0,201.0,0.49382102,125.0,182.0,0.8082632,148.0,188.0,0.74677664,108.0,215.0,0.7117193,155.0,214.0,0.80558777,100.0,239.0,0.7014731,138.0,233.0,0.7910179,168.0,111.0,0.79646075,197.0,106.0,0.77856505,200.0,189.0,0.6673615,220.0,185.0,0.5900974,243.0,259.0,0.6314209,259.0,254.0,0.6709088,2,dog
dog/girl2_dog053_flipped.jpg,157.0,206.0,0.54947126,157.0,208.0,0.6452871,164.0,208.0,0.61670506,159.0,202.0,0.60688937,168.0,200.0,0.6054971,141.0,182.0,0.86698383,172.0,178.0,0.7802886,141.0,214.0,0.9423135,191.0,214.0,0.92510206,161.0,237.0,0.83448464,199.0,239.0,0.8472322,100.0,107.0,0.82042545,131.0,110.0,0.77220535,88.0,189.0,0.40959236,100.0,185.0,0.6901858,43.0,241.0,0.6244136,60.0,242.0,0.25074363,2,dog
dog/girl2_dog054.jpg,133.0,203.0,0.2449627,129.0,206.0,0.48100775,134.0,206.0,0.5092797,125.0,203.0,0.717261,133.0,202.0,0.45935035,124.0,183.0,0.77137345,148.0,190.0,0.7972451,107.0,216.0,0.77671903,156.0,214.0,0.7984116,100.0,240.0,0.6679231,139.0,233.0,0.7849477,167.0,112.0,0.8638378,196.0,106.0,0.8204001,199.0,192.0,0.7920128,220.0,186.0,0.65919316,241.0,260.0,0.6581253,256.0,255.0,0.6498064,2,dog
dog/girl2_dog054_flipped.jpg,154.0,207.0,0.40942,155.0,208.0,0.65964156,161.0,208.0,0.5816165,158.0,202.0,0.63324034,168.0,200.0,0.68027693,140.0,182.0,0.7343271,172.0,178.0,0.72488767,140.0,216.0,0.82994384,190.0,214.0,0.6186085,160.0,237.0,0.8570775,199.0,239.0,0.838583,100.0,108.0,0.8251854,131.0,111.0,0.75793356,88.0,189.0,0.46860152,101.0,186.0,0.66544735,44.0,242.0,0.7368562,64.0,243.0,0.33157915,2,dog
dog/girl2_dog055.jpg,134.0,206.0,0.31352907,130.0,208.0,0.45123217,134.0,208.0,0.3601051,126.0,202.0,0.6599828,134.0,203.0,0.4430215,126.0,181.0,0.75813043,146.0,190.0,0.7015834,107.0,216.0,0.67655855,157.0,214.0,0.7908534,100.0,240.0,0.6615387,139.0,234.0,0.74196506,166.0,111.0,0.8197284,194.0,106.0,0.76824325,197.0,191.0,0.5761621,217.0,186.0,0.54540956,239.0,260.0,0.5063901,253.0,256.0,0.58178914,2,dog
dog/girl2_dog055_flipped.jpg,155.0,206.0,0.52532285,155.0,208.0,0.5873179,161.0,207.0,0.54017943,157.0,202.0,0.6099295,167.0,200.0,0.5453491,141.0,182.0,0.77701443,171.0,178.0,0.5975237,139.0,215.0,0.918715,190.0,214.0,0.85660225,159.0,238.0,0.7532161,199.0,239.0,0.7486913,100.0,108.0,0.7863996,132.0,111.0,0.74325275,81.0,183.0,0.7521329,102.0,185.0,0.7054757,46.0,242.0,0.674659,67.0,243.0,0.27394447,2,dog
dog/girl2_dog056.jpg,134.0,207.0,0.33563203,130.0,209.0,0.42594472,135.0,209.0,0.4024434,126.0,203.0,0.6789125,135.0,204.0,0.47877896,126.0,181.0,0.79207206,147.0,190.0,0.74613523,107.0,216.0,0.67787546,157.0,215.0,0.8241111,100.0,241.0,0.58153224,139.0,234.0,0.7391889,165.0,111.0,0.85661286,194.0,107.0,0.8128163,194.0,191.0,0.67934036,217.0,186.0,0.60669804,234.0,262.0,0.52049744,252.0,257.0,0.6342033,2,dog
dog/girl2_dog056_flipped.jpg,154.0,207.0,0.54216516,155.0,209.0,0.5732343,161.0,208.0,0.5694953,158.0,202.0,0.6581372,167.0,200.0,0.505224,141.0,182.0,0.6236304,172.0,180.0,0.63422745,139.0,216.0,0.88222575,191.0,214.0,0.8250311,158.0,237.0,0.8284812,199.0,239.0,0.7078996,102.0,109.0,0.8069643,133.0,112.0,0.73422605,82.0,185.0,0.7225332,103.0,188.0,0.7787796,49.0,244.0,0.6470548,68.0,245.0,0.22650513,2,dog
dog/girl2_dog058.jpg,135.0,207.0,0.46042714,129.0,211.0,0.44585997,134.0,211.0,0.64882505,125.0,206.0,0.70906854,132.0,206.0,0.5499011,124.0,182.0,0.772533,145.0,190.0,0.73856604,106.0,217.0,0.8177491,157.0,215.0,0.84239084,101.0,239.0,0.6540084,139.0,234.0,0.75752115,162.0,111.0,0.8260597,190.0,107.0,0.7742657,189.0,191.0,0.85947263,214.0,187.0,0.7816091,230.0,263.0,0.6323815,246.0,257.0,0.64467084,2,dog
dog/girl2_dog058_flipped.jpg,155.0,210.0,0.5169507,156.0,211.0,0.55783725,162.0,210.0,0.56768227,159.0,203.0,0.5429049,169.0,202.0,0.65944993,140.0,183.0,0.7623562,173.0,180.0,0.5983665,139.0,217.0,0.8921149,192.0,214.0,0.8696292,159.0,238.0,0.84925073,198.0,243.0,0.7006675,105.0,111.0,0.81841135,136.0,113.0,0.7367617,86.0,186.0,0.84760153,107.0,189.0,0.61482406,55.0,243.0,0.6166818,77.0,242.0,0.24069448,2,dog
dog/girl2_dog059.jpg,134.0,207.0,0.37511092,129.0,210.0,0.3754861,133.0,210.0,0.5617188,124.0,205.0,0.70972496,131.0,205.0,0.4409474,123.0,182.0,0.681883,145.0,189.0,0.6050166,106.0,218.0,0.7940724,157.0,215.0,0.783795,101.0,238.0,0.6379713,139.0,235.0,0.68395746,161.0,111.0,0.8817203,190.0,108.0,0.832371,187.0,191.0,0.8333806,210.0,188.0,0.49914935,226.0,263.0,0.5839168,243.0,259.0,0.5812435,2,dog
dog/girl2_dog059_flipped.jpg,156.0,206.0,0.45329702,156.0,208.0,0.5148773,162.0,207.0,0.44338027,159.0,201.0,0.43191323,168.0,200.0,0.39590138,143.0,182.0,0.8122339,173.0,180.0,0.7696185,140.0,216.0,0.7816891,193.0,214.0,0.8070266,159.0,237.0,0.841782,199.0,239.0,0.7190881,107.0,110.0,0.83771986,139.0,113.0,0.7597108,89.0,187.0,0.77833676,110.0,190.0,0.63699067,58.0,244.0,0.50224686,81.0,244.0,0.26271412,2,dog
dog/girl2_dog061.jpg,136.0,208.0,0.41190374,133.0,211.0,0.41941974,137.0,211.0,0.4768502,128.0,206.0,0.6601268,136.0,206.0,0.55933946,122.0,184.0,0.83008623,148.0,186.0,0.69883,106.0,217.0,0.8003245,159.0,215.0,0.7069432,102.0,239.0,0.501606,138.0,236.0,0.6157316,159.0,114.0,0.6913016,189.0,110.0,0.7368248,184.0,193.0,0.767636,206.0,191.0,0.8635881,237.0,254.0,0.25029364,238.0,255.0,0.7153454,2,dog
dog/girl2_dog061_flipped.jpg,156.0,208.0,0.38927796,155.0,210.0,0.56833345,162.0,210.0,0.38827747,156.0,202.0,0.596045,169.0,203.0,0.5529262,141.0,184.0,0.6997497,175.0,181.0,0.8316172,141.0,218.0,0.7430649,195.0,216.0,0.74205244,160.0,238.0,0.8094065,198.0,239.0,0.8262481,109.0,113.0,0.78339845,142.0,116.0,0.86214745,93.0,189.0,0.8783382,116.0,191.0,0.6530397,66.0,241.0,0.4674378,89.0,244.0,0.20978892,2,dog
dog/girl2_dog062.jpg,137.0,209.0,0.39909822,134.0,212.0,0.4391516,138.0,211.0,0.56036305,127.0,207.0,0.6438819,137.0,206.0,0.60458505,120.0,186.0,0.7339653,148.0,188.0,0.7306063,105.0,216.0,0.6686504,158.0,215.0,0.7672656,100.0,238.0,0.80395466,138.0,236.0,0.68581736,155.0,116.0,0.90278625,185.0,112.0,0.7222121,182.0,196.0,0.7212904,204.0,191.0,0.7580752,205.0,247.0,0.22619195,231.0,249.0,0.7416595,2,dog
dog/girl2_dog062_flipped.jpg,158.0,209.0,0.39683887,158.0,211.0,0.5259492,163.0,210.0,0.45672256,158.0,203.0,0.5535429,170.0,202.0,0.40169016,143.0,184.0,0.61846507,177.0,183.0,0.76719224,142.0,219.0,0.75754124,195.0,216.0,0.86084986,160.0,238.0,0.79375696,199.0,239.0,0.79384583,112.0,114.0,0.7753495,144.0,115.0,0.8179107,96.0,191.0,0.8369507,120.0,191.0,0.600262,69.0,243.0,0.7167926,94.0,244.0,0.19912094,2,dog
dog/girl2_dog063.jpg,136.0,210.0,0.48461777,133.0,213.0,0.5964283,136.0,212.0,0.6427726,126.0,207.0,0.6883332,135.0,205.0,0.5976812,121.0,187.0,0.7871665,148.0,186.0,0.57564634,105.0,218.0,0.8164359,158.0,215.0,0.67311406,100.0,237.0,0.73758984,139.0,236.0,0.5551932,154.0,117.0,0.90161985,183.0,113.0,0.86827487,180.0,198.0,0.6595341,203.0,192.0,0.8152514,201.0,246.0,0.17412773,226.0,246.0,0.65042263,2,dog
dog/girl2_dog063_flipped.jpg,159.0,210.0,0.4050077,159.0,211.0,0.5178769,164.0,211.0,0.50983024,161.0,204.0,0.4941618,171.0,204.0,0.62480104,145.0,184.0,0.62769973,178.0,182.0,0.8116186,143.0,217.0,0.76767176,195.0,217.0,0.8553472,161.0,238.0,0.80548024,199.0,243.0,0.48578072,114.0,115.0,0.79007286,145.0,117.0,0.86349875,99.0,191.0,0.87765515,120.0,194.0,0.5553151,72.0,243.0,0.5280272,98.0,243.0,0.24284336,2,dog
dog/girl2_dog065.jpg,137.0,212.0,0.52751243,134.0,214.0,0.39087775,136.0,214.0,0.636484,127.0,207.0,0.49743852,134.0,208.0,0.43635476,120.0,186.0,0.6591429,145.0,187.0,0.5308078,104.0,217.0,0.62971747,158.0,215.0,0.52676964,137.0,238.0,0.59396434,137.0,236.0,0.37377644,148.0,120.0,0.8802843,178.0,115.0,0.8918589,171.0,198.0,0.46742526,176.0,194.0,0.2819307,192.0,245.0,0.1716574,194.0,245.0,0.3002254,2,dog
dog/girl2_dog065_flipped.jpg,158.0,214.0,0.29028592,159.0,215.0,0.51320624,162.0,216.0,0.5005077,161.0,207.0,0.5369954,169.0,207.0,0.43400392,148.0,187.0,0.61820686,177.0,185.0,0.6388869,141.0,217.0,0.6451386,198.0,220.0,0.64636433,160.0,239.0,0.386176,197.0,239.0,0.4597739,120.0,117.0,0.7341265,148.0,118.0,0.77004045,107.0,193.0,0.6919827,125.0,195.0,0.25254542,81.0,243.0,0.11779577,82.0,244.0,0.12526938,2,dog
dog/girl2_dog067.jpg,138.0,211.0,0.3989369,133.0,214.0,0.57737976,137.0,214.0,0.6413963,123.0,208.0,0.5276531,136.0,207.0,0.5243007,119.0,186.0,0.84592164,154.0,185.0,0.41286334,102.0,219.0,0.8022472,166.0,212.0,0.46794343,101.0,234.0,0.7174376,182.0,245.0,0.5153141,144.0,123.0,0.8263787,175.0,119.0,0.7021521,163.0,198.0,0.339301,191.0,195.0,0.74740744,182.0,246.0,0.12501481,189.0,246.0,0.1991818,2,dog
dog/girl2_dog068.jpg,137.0,211.0,0.43399754,132.0,214.0,0.4445633,137.0,214.0,0.47733268,122.0,207.0,0.44800046,138.0,208.0,0.4141039,116.0,188.0,0.832928,154.0,187.0,0.46081835,102.0,218.0,0.6318902,162.0,214.0,0.49509904,100.0,237.0,0.6080791,175.0,241.0,0.37608394,142.0,123.0,0.8467844,174.0,119.0,0.7902828,159.0,200.0,0.32486737,188.0,196.0,0.7210318,174.0,242.0,0.117538266,180.0,242.0,0.122069605,2,dog
dog/girl2_dog070.jpg,136.0,212.0,0.44669214,132.0,215.0,0.54739994,136.0,215.0,0.61845,122.0,208.0,0.6303433,133.0,209.0,0.5291835,113.0,191.0,0.78573453,148.0,188.0,0.53433836,101.0,218.0,0.8617022,160.0,213.0,0.5784272,100.0,236.0,0.5507211,141.0,235.0,0.7107042,139.0,126.0,0.883006,171.0,120.0,0.7951004,155.0,200.0,0.37602487,184.0,198.0,0.7192557,173.0,253.0,0.1908404,203.0,255.0,0.42555353,2,dog
dog/girl2_dog071.jpg,135.0,212.0,0.42519632,130.0,215.0,0.44167456,134.0,214.0,0.48268843,122.0,207.0,0.38900238,134.0,207.0,0.4739522,116.0,190.0,0.74590373,147.0,188.0,0.48284587,102.0,219.0,0.7433351,158.0,213.0,0.5095494,103.0,238.0,0.6673701,169.0,247.0,0.596105,138.0,127.0,0.7905995,170.0,123.0,0.775941,153.0,202.0,0.24069063,181.0,199.0,0.76761353,168.0,249.0,0.15311337,196.0,249.0,0.25042787,2,dog
dog/girl2_dog072.jpg,139.0,211.0,0.4688242,134.0,215.0,0.45627713,138.0,213.0,0.6437975,124.0,208.0,0.5141233,135.0,208.0,0.6034362,113.0,193.0,0.8163414,149.0,191.0,0.5183624,102.0,219.0,0.795848,157.0,214.0,0.52962804,102.0,236.0,0.6517396,159.0,240.0,0.18018337,135.0,126.0,0.87505627,167.0,121.0,0.79199356,151.0,202.0,0.2913833,178.0,201.0,0.87804383,164.0,247.0,0.169893,193.0,248.0,0.32241437,2,dog
dog/girl2_dog072_flipped.jpg,159.0,214.0,0.40935993,159.0,216.0,0.59885836,162.0,217.0,0.48363662,160.0,211.0,0.58839047,169.0,211.0,0.43603134,147.0,191.0,0.5470855,182.0,188.0,0.6701843,142.0,219.0,0.36667722,198.0,221.0,0.5197277,135.0,247.0,0.41007763,193.0,237.0,0.4836406,134.0,124.0,0.69941616,157.0,124.0,0.7468741,123.0,200.0,0.7877858,144.0,198.0,0.37258023,107.0,249.0,0.42449006,134.0,249.0,0.12294878,2,dog
dog/girl2_dog074.jpg,135.0,215.0,0.4055568,130.0,217.0,0.51563954,135.0,216.0,0.43193302,121.0,209.0,0.43710575,134.0,210.0,0.31350878,115.0,193.0,0.70068157,152.0,193.0,0.2730223,102.0,220.0,0.8047115,154.0,221.0,0.4510618,106.0,236.0,0.42090705,158.0,240.0,0.24861977,133.0,127.0,0.73187023,165.0,126.0,0.700217,147.0,202.0,0.26096383,174.0,204.0,0.71342766,156.0,242.0,0.11940715,187.0,244.0,0.18577926,2,dog
dog/girl2_dog078.jpg,139.0,210.0,0.3321333,135.0,212.0,0.46545336,139.0,212.0,0.35750324,127.0,205.0,0.5028269,138.0,205.0,0.34461024,121.0,192.0,0.5991725,157.0,191.0,0.30657223,108.0,218.0,0.57804334,172.0,212.0,0.13316856,111.0,227.0,0.28827035,184.0,260.0,0.33048117,134.0,128.0,0.6423948,164.0,128.0,0.6736289,143.0,209.0,0.35833603,171.0,202.0,0.61623657,152.0,259.0,0.14794552,183.0,261.0,0.24788193,2,dog
dog/girl2_dog078_flipped.jpg,159.0,216.0,0.29297018,158.0,217.0,0.45770437,163.0,218.0,0.51631284,159.0,211.0,0.4483418,170.0,212.0,0.37153295,139.0,192.0,0.18730973,179.0,189.0,0.61262643,125.0,212.0,0.182309,191.0,218.0,0.43867424,148.0,240.0,0.22141904,186.0,231.0,0.4777883,137.0,129.0,0.84921896,165.0,128.0,0.8776737,129.0,203.0,0.74234295,153.0,203.0,0.4469962,119.0,244.0,0.22212732,150.0,242.0,0.100313924,2,dog
dog/girl2_dog087_flipped.jpg,143.0,207.0,0.37660566,140.0,209.0,0.5221036,146.0,208.0,0.4052222,134.0,204.0,0.38088965,153.0,200.0,0.34024754,128.0,187.0,0.55740213,160.0,188.0,0.33472416,124.0,210.0,0.30275267,174.0,212.0,0.475777,123.0,217.0,0.14820792,162.0,225.0,0.27869636,130.0,131.0,0.8202889,161.0,131.0,0.7784048,126.0,199.0,0.6478026,155.0,204.0,0.5917661,123.0,230.0,0.15096109,156.0,231.0,0.12007105,2,dog
dog/girl2_dog090_flipped.jpg,139.0,209.0,0.33519188,135.0,212.0,0.5134429,142.0,212.0,0.5304271,131.0,207.0,0.4814437,149.0,206.0,0.4564637,123.0,192.0,0.6560794,155.0,196.0,0.50541294,119.0,220.0,0.6049283,157.0,220.0,0.5071963,123.0,252.0,0.43777037,152.0,250.0,0.526471,125.0,130.0,0.7057774,155.0,130.0,0.59745455,123.0,197.0,0.58021873,155.0,201.0,0.70301586,122.0,257.0,0.16364057,150.0,255.0,0.10687342,2,dog
dog/girl2_dog091_flipped.jpg,136.0,211.0,0.2819228,133.0,213.0,0.462693,140.0,214.0,0.5314958,128.0,208.0,0.39265186,146.0,208.0,0.38157904,121.0,191.0,0.44454312,154.0,194.0,0.3788622,111.0,217.0,0.43390012,156.0,220.0,0.511363,122.0,247.0,0.27073455,151.0,247.0,0.5197585,124.0,129.0,0.6899754,156.0,130.0,0.5842992,121.0,194.0,0.5184207,153.0,199.0,0.68180025,122.0,249.0,0.31352738,152.0,250.0,0.28254464,2,dog
dog/girl2_dog093_flipped.jpg,134.0,209.0,0.289289,131.0,212.0,0.37699705,137.0,213.0,0.39971757,126.0,207.0,0.35518184,143.0,207.0,0.26651803,118.0,189.0,0.4343848,150.0,195.0,0.37132654,102.0,215.0,0.6308832,152.0,221.0,0.3347473,104.0,218.0,0.336722,150.0,222.0,0.21701363,121.0,131.0,0.69764477,154.0,131.0,0.649933,120.0,192.0,0.45225123,150.0,200.0,0.7793415,120.0,234.0,0.225293,151.0,235.0,0.24748349,2,dog
dog/girl2_dog094_flipped.jpg,131.0,209.0,0.30693617,126.0,213.0,0.42796758,133.0,214.0,0.4291957,122.0,208.0,0.37044543,137.0,206.0,0.27990785,117.0,188.0,0.59634614,149.0,192.0,0.42232323,102.0,214.0,0.47191453,151.0,219.0,0.38602898,103.0,221.0,0.25389662,150.0,227.0,0.18170673,120.0,129.0,0.6708674,151.0,130.0,0.82389796,120.0,196.0,0.623313,149.0,201.0,0.72637427,121.0,243.0,0.15853134,152.0,245.0,0.1361995,2,dog
dog/girl2_dog095_flipped.jpg,126.0,206.0,0.23929447,123.0,209.0,0.3342111,129.0,209.0,0.3395719,119.0,206.0,0.32761216,136.0,205.0,0.22632931,113.0,189.0,0.3662484,147.0,195.0,0.5187678,99.0,214.0,0.49972636,151.0,218.0,0.34247607,99.0,216.0,0.44695505,151.0,219.0,0.19608293,118.0,129.0,0.7858882,152.0,131.0,0.7044944,119.0,200.0,0.46691552,149.0,202.0,0.6362876,118.0,227.0,0.16855824,152.0,228.0,0.18527167,2,dog
dog/girl2_dog101_flipped.jpg,116.0,208.0,0.3160219,112.0,212.0,0.553465,116.0,212.0,0.34872684,104.0,203.0,0.4528118,118.0,203.0,0.4322371,97.0,185.0,0.7053082,139.0,189.0,0.18698978,85.0,213.0,0.6814211,148.0,205.0,0.20029731,87.0,228.0,0.6262473,149.0,210.0,0.21941614,114.0,127.0,0.84968567,147.0,127.0,0.7753378,117.0,202.0,0.3692254,147.0,204.0,0.8113147,144.0,209.0,0.23906738,149.0,214.0,0.19386005,2,dog
dog/girl2_dog104_flipped.jpg,109.0,201.0,0.24353576,104.0,203.0,0.3662778,109.0,201.0,0.31350154,98.0,196.0,0.33795014,113.0,193.0,0.44597313,90.0,182.0,0.6063629,131.0,186.0,0.26654306,79.0,211.0,0.6864373,149.0,216.0,0.33823937,80.0,224.0,0.23725389,120.0,225.0,0.10183076,114.0,132.0,0.6445049,148.0,129.0,0.6774107,119.0,212.0,0.32644868,145.0,205.0,0.8162694,118.0,227.0,0.111784086,150.0,220.0,0.13258414,2,dog
dog/girl2_dog111_flipped.jpg,84.0,187.0,0.54223394,80.0,186.0,0.6472056,83.0,186.0,0.6460902,76.0,176.0,0.5459424,84.0,178.0,0.4369595,71.0,164.0,0.8076638,101.0,170.0,0.7888417,70.0,201.0,0.8852549,116.0,201.0,0.6249373,68.0,228.0,0.7516675,108.0,225.0,0.90996104,111.0,126.0,0.84260994,142.0,125.0,0.7074187,115.0,197.0,0.34592652,144.0,197.0,0.9016732,124.0,227.0,0.11122777,159.0,225.0,0.33001027,2,dog
dog/girl3_dog025_flipped.jpg,112.0,252.0,0.4590512,110.0,253.0,0.5156505,107.0,253.0,0.4907586,113.0,245.0,0.5551299,105.0,243.0,0.4805904,134.0,232.0,0.69411004,115.0,219.0,0.60167384,150.0,255.0,0.7286257,124.0,229.0,0.15655822,140.0,278.0,0.7886806,110.0,251.0,0.18889967,186.0,185.0,0.6592194,174.0,171.0,0.61451364,205.0,205.0,0.20998865,197.0,167.0,0.3714369,240.0,187.0,0.35536328,230.0,178.0,0.30588523,2,dog
dog/girl3_dog026_flipped.jpg,114.0,253.0,0.39003623,112.0,253.0,0.48955318,109.0,252.0,0.46663183,117.0,244.0,0.47293282,108.0,243.0,0.49306756,140.0,233.0,0.6266041,116.0,219.0,0.53004616,150.0,256.0,0.72675174,123.0,219.0,0.19810307,141.0,277.0,0.7377684,112.0,255.0,0.1387479,187.0,178.0,0.5505141,170.0,172.0,0.5362509,206.0,202.0,0.24952608,187.0,173.0,0.13460648,239.0,187.0,0.55669725,230.0,183.0,0.21724144,2,dog
dog/girl3_dog033_flipped.jpg,138.0,248.0,0.2540719,140.0,250.0,0.3295854,134.0,248.0,0.30973893,148.0,244.0,0.41546032,133.0,238.0,0.32506984,164.0,230.0,0.7762697,135.0,216.0,0.46307036,161.0,261.0,0.66336507,126.0,236.0,0.35237226,145.0,284.0,0.6089396,116.0,256.0,0.49494284,203.0,169.0,0.40272084,182.0,152.0,0.5280265,209.0,179.0,0.20885798,180.0,141.0,0.19693418,238.0,182.0,0.3976454,200.0,148.0,0.242887,2,dog
dog/girl3_dog035_flipped.jpg,143.0,248.0,0.32145154,145.0,250.0,0.40836814,139.0,248.0,0.30510294,151.0,241.0,0.45853207,136.0,237.0,0.34367117,164.0,230.0,0.53560364,139.0,217.0,0.39661637,163.0,261.0,0.43185532,129.0,238.0,0.391006,147.0,286.0,0.59785736,117.0,257.0,0.568063,206.0,165.0,0.4215611,186.0,156.0,0.35043398,208.0,183.0,0.12258958,166.0,187.0,0.10874288,226.0,192.0,0.12572004,233.0,190.0,0.29005024,2,dog
dog/girl3_dog037_flipped.jpg,148.0,248.0,0.38415244,151.0,250.0,0.40164864,143.0,248.0,0.4342149,157.0,242.0,0.51003766,139.0,238.0,0.505829,170.0,230.0,0.8280537,140.0,219.0,0.72965145,166.0,263.0,0.7443806,129.0,239.0,0.51478875,149.0,286.0,0.69185114,119.0,260.0,0.67570955,202.0,158.0,0.44164565,178.0,156.0,0.33385307,212.0,187.0,0.11578102,183.0,158.0,0.13321038,233.0,183.0,0.48903543,225.0,183.0,0.33056927,2,dog
dog/girl3_dog043.jpg,144.0,246.0,0.2919159,148.0,248.0,0.30406857,143.0,251.0,0.27316278,150.0,238.0,0.3884925,140.0,244.0,0.43912092,154.0,219.0,0.51800275,126.0,228.0,0.5069462,166.0,239.0,0.40852323,129.0,264.0,0.6238334,177.0,266.0,0.47903228,146.0,289.0,0.5526853,121.0,155.0,0.2348122,97.0,163.0,0.1286087,121.0,159.0,0.23882258,78.0,154.0,0.14845647,75.0,185.0,0.4296897,74.0,187.0,0.33972654,2,dog
dog/girl3_dog046.jpg,144.0,247.0,0.292864,150.0,249.0,0.40340486,144.0,253.0,0.35935605,151.0,240.0,0.2851396,139.0,245.0,0.39834872,154.0,220.0,0.53379583,125.0,232.0,0.36758137,167.0,248.0,0.29614374,128.0,264.0,0.6152816,174.0,267.0,0.4512314,143.0,291.0,0.6034727,112.0,158.0,0.34690404,92.0,169.0,0.12107601,84.0,175.0,0.11407876,73.0,182.0,0.11509555,76.0,184.0,0.234147,72.0,184.0,0.27878767,2,dog
dog/girl3_dog057.jpg,139.0,245.0,0.2779611,144.0,246.0,0.32978547,138.0,249.0,0.34759048,146.0,238.0,0.34201148,134.0,242.0,0.4201867,151.0,219.0,0.5432146,121.0,229.0,0.47173953,160.0,236.0,0.4374127,121.0,258.0,0.6005564,168.0,267.0,0.4482654,133.0,286.0,0.5352638,126.0,169.0,0.15253477,108.0,173.0,0.15921845,117.0,122.0,0.21970907,110.0,127.0,0.20053664,88.0,172.0,0.19639246,87.0,172.0,0.25123575,2,dog
dog/guy1_dog028.jpg,152.0,100.0,0.55239606,157.0,99.0,0.6076466,156.0,99.0,0.57539237,157.0,89.0,0.50471276,158.0,88.0,0.71252465,148.0,73.0,0.76798433,131.0,78.0,0.73499215,152.0,108.0,0.7045634,132.0,121.0,0.87411416,168.0,136.0,0.78100026,149.0,147.0,0.9108064,89.0,43.0,0.7206213,80.0,42.0,0.8097838,68.0,93.0,0.6730979,61.0,92.0,0.6785068,32.0,117.0,0.7484906,24.0,120.0,0.83118975,2,dog
dog/guy1_dog028_flipped.jpg,147.0,100.0,0.65434504,143.0,99.0,0.51218224,143.0,98.0,0.77817756,144.0,88.0,0.58065,141.0,87.0,0.7973702,165.0,79.0,0.7403902,149.0,75.0,0.59067804,166.0,119.0,0.9092378,145.0,110.0,0.9508342,151.0,146.0,0.8460498,131.0,133.0,0.8855298,220.0,43.0,0.8699275,207.0,42.0,0.7062536,237.0,92.0,0.8260969,230.0,92.0,0.7799777,273.0,119.0,0.7827684,266.0,117.0,0.86841613,2,dog
dog/guy1_dog030.jpg,144.0,101.0,0.64309955,148.0,102.0,0.68096185,147.0,102.0,0.55046463,151.0,91.0,0.7697581,148.0,90.0,0.7030629,140.0,75.0,0.7696422,124.0,80.0,0.65848935,149.0,109.0,0.8550468,126.0,121.0,0.8904703,167.0,135.0,0.94409853,145.0,145.0,0.77724946,86.0,39.0,0.81676745,74.0,41.0,0.66557634,62.0,88.0,0.7082217,54.0,88.0,0.93726724,33.0,115.0,0.71624756,24.0,118.0,0.69403553,2,dog
dog/guy1_dog030_flipped.jpg,157.0,104.0,0.55819094,153.0,104.0,0.5694119,153.0,103.0,0.71083266,153.0,94.0,0.61400807,150.0,93.0,0.69995207,174.0,82.0,0.70082927,157.0,75.0,0.76044583,172.0,121.0,0.8012557,150.0,108.0,0.8193008,154.0,146.0,0.90514994,134.0,135.0,0.6870409,226.0,42.0,0.93679863,211.0,39.0,0.725665,244.0,88.0,0.8660866,236.0,89.0,0.82631063,274.0,118.0,0.88205385,265.0,117.0,0.89817506,2,dog
dog/guy1_dog032.jpg,132.0,104.0,0.4987781,136.0,104.0,0.6441717,135.0,104.0,0.60352427,140.0,95.0,0.76559675,136.0,95.0,0.7106476,137.0,80.0,0.7037279,118.0,85.0,0.7844124,149.0,111.0,0.8673898,124.0,122.0,0.7789177,168.0,135.0,0.8573433,144.0,144.0,0.7459402,85.0,39.0,0.7722243,71.0,40.0,0.9070274,62.0,88.0,0.6871308,53.0,87.0,0.80472034,37.0,116.0,0.8630159,26.0,118.0,0.7483569,2,dog
dog/guy1_dog032_flipped.jpg,165.0,107.0,0.5751066,161.0,107.0,0.4931104,160.0,107.0,0.60377127,161.0,96.0,0.65841734,159.0,97.0,0.7916643,180.0,85.0,0.86542606,163.0,82.0,0.67743456,175.0,121.0,0.9010285,150.0,113.0,0.78314716,156.0,144.0,0.88109183,132.0,137.0,0.7791207,227.0,39.0,0.8693322,214.0,40.0,0.694834,246.0,86.0,0.77081984,239.0,88.0,0.7307662,273.0,117.0,0.8804977,263.0,117.0,0.797104,2,dog
dog/guy1_dog034.jpg,130.0,106.0,0.51426864,134.0,107.0,0.5254942,132.0,107.0,0.6070286,136.0,99.0,0.57044804,134.0,100.0,0.65981156,135.0,83.0,0.86726844,116.0,90.0,0.79078436,150.0,112.0,0.91195107,125.0,124.0,0.8854141,169.0,137.0,0.85867685,139.0,143.0,0.7390422,86.0,38.0,0.83469296,71.0,41.0,0.8891796,62.0,89.0,0.8248198,54.0,87.0,0.8634194,41.0,118.0,0.80729485,30.0,119.0,0.84360313,2,dog
dog/guy1_dog034_flipped.jpg,170.0,107.0,0.5047189,168.0,108.0,0.6126528,167.0,107.0,0.42469335,167.0,100.0,0.71396476,164.0,99.0,0.69147277,183.0,89.0,0.7209865,164.0,81.0,0.8261133,173.0,121.0,0.8619375,149.0,112.0,0.8762688,157.0,142.0,0.72834826,131.0,136.0,0.8428414,228.0,41.0,0.8743329,213.0,39.0,0.7470089,245.0,86.0,0.89616627,236.0,89.0,0.82723427,268.0,118.0,0.756052,258.0,117.0,0.85261315,2,dog
dog/guy1_dog040.jpg,135.0,116.0,0.43565446,139.0,118.0,0.6189157,136.0,118.0,0.45009622,142.0,109.0,0.5960156,135.0,111.0,0.5145847,145.0,92.0,0.90820456,122.0,95.0,0.7749803,164.0,120.0,0.9260136,134.0,127.0,0.720981,183.0,142.0,0.90218645,148.0,145.0,0.7837044,96.0,42.0,0.72984457,82.0,43.0,0.84425867,74.0,93.0,0.8464605,67.0,90.0,0.8429071,57.0,123.0,0.91295296,47.0,124.0,0.8647506,2,dog
dog/guy1_dog040_flipped.jpg,165.0,114.0,0.26598826,162.0,116.0,0.47251815,160.0,114.0,0.5984019,162.0,110.0,0.66156924,159.0,109.0,0.59320474,176.0,97.0,0.7580099,157.0,91.0,0.5203323,163.0,125.0,0.48319727,136.0,119.0,0.63507676,115.0,141.0,0.80770546,117.0,142.0,0.26224062,217.0,44.0,0.75535095,202.0,43.0,0.6951412,232.0,90.0,0.76596665,223.0,92.0,0.7406337,251.0,123.0,0.7997021,241.0,121.0,0.91661954,2,dog
dog/guy1_dog041.jpg,141.0,118.0,0.41653505,143.0,119.0,0.44584894,141.0,120.0,0.5421673,146.0,110.0,0.54304194,138.0,112.0,0.62312335,147.0,92.0,0.84232426,124.0,95.0,0.8069788,166.0,121.0,0.8351502,136.0,129.0,0.6821488,186.0,142.0,0.9063196,149.0,143.0,0.61212295,99.0,42.0,0.7393139,85.0,42.0,0.8679616,77.0,91.0,0.86231816,70.0,89.0,0.8571562,61.0,122.0,0.7655297,49.0,124.0,0.88119155,2,dog
dog/guy1_dog041_flipped.jpg,161.0,116.0,0.44632575,160.0,118.0,0.43353343,159.0,117.0,0.5513152,160.0,111.0,0.66417706,158.0,111.0,0.6440755,172.0,98.0,0.6809635,155.0,91.0,0.52861816,135.0,120.0,0.7311297,135.0,120.0,0.5587685,114.0,141.0,0.567397,114.0,140.0,0.3878425,214.0,44.0,0.74010825,200.0,43.0,0.6620029,230.0,89.0,0.75012386,220.0,92.0,0.8124299,249.0,122.0,0.85782194,238.0,122.0,0.67150086,2,dog
dog/guy1_dog044.jpg,142.0,118.0,0.46604252,145.0,119.0,0.473964,143.0,120.0,0.54374766,149.0,109.0,0.554625,141.0,112.0,0.67016286,152.0,92.0,0.8618851,128.0,96.0,0.7033694,172.0,121.0,0.90313816,137.0,129.0,0.630308,191.0,143.0,0.8458917,154.0,147.0,0.77008104,106.0,40.0,0.6480721,92.0,41.0,0.6873603,84.0,91.0,0.79659796,76.0,90.0,0.76369405,69.0,122.0,0.8178313,57.0,124.0,0.8979109,2,dog
dog/guy1_dog044_flipped.jpg,157.0,117.0,0.3325211,156.0,118.0,0.4720971,154.0,117.0,0.57924855,159.0,113.0,0.61584216,153.0,111.0,0.590112,172.0,99.0,0.5992702,149.0,91.0,0.58170694,160.0,128.0,0.60162663,128.0,120.0,0.6886344,150.0,144.0,0.3092804,110.0,142.0,0.6788813,209.0,44.0,0.87583125,193.0,40.0,0.8157316,223.0,89.0,0.7694526,213.0,91.0,0.7354864,242.0,123.0,0.7965269,230.0,122.0,0.91938174,2,dog
dog/guy1_dog046.jpg,141.0,116.0,0.38165632,145.0,118.0,0.5336924,141.0,118.0,0.62513125,149.0,108.0,0.5346149,140.0,110.0,0.63992614,154.0,91.0,0.7499919,128.0,96.0,0.77340555,174.0,122.0,0.8163922,136.0,128.0,0.67196035,192.0,145.0,0.8729443,148.0,145.0,0.6295886,110.0,38.0,0.8368529,93.0,41.0,0.76887757,88.0,91.0,0.721543,79.0,90.0,0.6629752,73.0,122.0,0.8906243,60.0,123.0,0.7034891,2,dog
dog/guy1_dog046_flipped.jpg,155.0,118.0,0.26003858,154.0,120.0,0.49192023,152.0,119.0,0.46060008,156.0,116.0,0.5733454,151.0,113.0,0.4567235,172.0,98.0,0.782202,146.0,92.0,0.49592215,163.0,127.0,0.62888426,125.0,122.0,0.6505661,149.0,147.0,0.38581878,108.0,145.0,0.4515609,206.0,44.0,0.69232,190.0,41.0,0.8020935,219.0,89.0,0.8756391,208.0,90.0,0.8260622,237.0,123.0,0.757015,224.0,120.0,0.86317754,2,dog
dog/guy1_dog049.jpg,145.0,118.0,0.3271622,148.0,119.0,0.46050215,144.0,120.0,0.49028617,152.0,110.0,0.57313544,139.0,113.0,0.5315863,158.0,94.0,0.7990892,128.0,98.0,0.69495755,175.0,123.0,0.8576037,134.0,129.0,0.769114,193.0,147.0,0.69580305,148.0,146.0,0.47486734,112.0,37.0,0.730348,96.0,40.0,0.73860073,95.0,90.0,0.6624118,82.0,91.0,0.83915395,81.0,122.0,0.8960306,68.0,124.0,0.88399,2,dog
dog/guy1_dog049_flipped.jpg,156.0,115.0,0.39482093,156.0,119.0,0.5659418,152.0,118.0,0.48570406,159.0,114.0,0.6690692,148.0,111.0,0.64420885,174.0,99.0,0.7123826,142.0,93.0,0.6930381,167.0,128.0,0.81838334,124.0,122.0,0.72123575,152.0,147.0,0.48432922,108.0,145.0,0.7395952,203.0,42.0,0.7081641,186.0,40.0,0.87816125,216.0,90.0,0.89730114,204.0,91.0,0.8436918,232.0,122.0,0.77927744,219.0,120.0,0.86893797,2,dog
dog/guy1_dog058.jpg,139.0,115.0,0.39789104,144.0,117.0,0.54644394,138.0,118.0,0.50979525,148.0,108.0,0.604762,131.0,110.0,0.7058078,156.0,92.0,0.77010334,116.0,96.0,0.5731177,169.0,121.0,0.58287424,117.0,129.0,0.8452043,182.0,147.0,0.85877264,128.0,148.0,0.48971558,118.0,34.0,0.8827024,100.0,38.0,0.6742733,109.0,83.0,0.5707325,93.0,86.0,0.88703775,97.0,115.0,0.58433586,82.0,119.0,0.6711716,2,dog
dog/guy1_dog058_flipped.jpg,163.0,119.0,0.37954107,165.0,121.0,0.5646534,158.0,121.0,0.5401876,170.0,112.0,0.65837574,153.0,111.0,0.56618327,181.0,95.0,0.71955204,145.0,92.0,0.677471,181.0,129.0,0.70239323,130.0,121.0,0.7365682,173.0,147.0,0.49859196,118.0,146.0,0.8275697,200.0,37.0,0.8425847,178.0,34.0,0.859452,207.0,84.0,0.8566274,190.0,86.0,0.82488585,215.0,119.0,0.36780858,204.0,117.0,0.79996395,2,dog
dog/guy1_dog060.jpg,137.0,120.0,0.49878916,140.0,120.0,0.5041276,134.0,120.0,0.6162752,144.0,111.0,0.5998635,126.0,112.0,0.39943868,153.0,92.0,0.7166792,113.0,95.0,0.5226242,169.0,124.0,0.78407246,114.0,126.0,0.54943633,175.0,142.0,0.5782634,118.0,139.0,0.1771329,120.0,35.0,0.77187276,100.0,36.0,0.6669599,120.0,83.0,0.58287364,94.0,87.0,0.8861461,102.0,119.0,0.5001614,86.0,119.0,0.7635211,2,dog
dog/guy1_dog060_flipped.jpg,164.0,116.0,0.42797115,168.0,119.0,0.5542306,160.0,119.0,0.6699821,174.0,110.0,0.70045555,154.0,110.0,0.56657547,185.0,95.0,0.5025581,146.0,93.0,0.6441599,184.0,128.0,0.7114473,130.0,124.0,0.87055856,180.0,140.0,0.14232135,123.0,141.0,0.49083275,200.0,36.0,0.8882066,178.0,34.0,0.8680534,206.0,84.0,0.90285456,185.0,82.0,0.61286914,212.0,118.0,0.7812332,191.0,124.0,0.43477643,2,dog
dog/guy1_dog061.jpg,136.0,118.0,0.44518155,140.0,119.0,0.58840346,133.0,118.0,0.5805705,144.0,109.0,0.64072335,125.0,110.0,0.43983477,153.0,92.0,0.5747938,112.0,94.0,0.53285176,168.0,123.0,0.8298186,113.0,124.0,0.5517522,174.0,142.0,0.6928832,117.0,139.0,0.24856554,122.0,36.0,0.78819066,102.0,37.0,0.69292986,123.0,84.0,0.5340338,96.0,87.0,0.8829776,110.0,123.0,0.39347464,88.0,120.0,0.6492529,2,dog
dog/guy1_dog061_flipped.jpg,164.0,117.0,0.5128434,167.0,120.0,0.49109194,160.0,119.0,0.48874387,174.0,110.0,0.6277568,154.0,109.0,0.46342856,187.0,94.0,0.61513585,147.0,91.0,0.6950201,187.0,128.0,0.53598195,133.0,121.0,0.8639547,180.0,142.0,0.38928685,124.0,144.0,0.7844689,198.0,34.0,0.89207506,175.0,34.0,0.8773364,203.0,83.0,0.86614347,180.0,79.0,0.5153928,210.0,118.0,0.7567866,187.0,124.0,0.39499578,2,dog
dog/guy1_dog063.jpg,135.0,115.0,0.45078862,139.0,116.0,0.59546137,133.0,116.0,0.46522117,143.0,107.0,0.559513,126.0,109.0,0.6303098,152.0,91.0,0.67265534,112.0,93.0,0.4315413,167.0,124.0,0.6708256,111.0,123.0,0.48178717,173.0,140.0,0.65228474,115.0,138.0,0.188619,125.0,34.0,0.8139344,105.0,35.0,0.64130425,126.0,83.0,0.48668692,100.0,86.0,0.9019048,121.0,101.0,0.11861559,94.0,118.0,0.63968563,2,dog
dog/guy1_dog063_flipped.jpg,165.0,118.0,0.51920485,168.0,120.0,0.6271572,161.0,119.0,0.49192163,175.0,110.0,0.61289895,155.0,110.0,0.5305978,187.0,94.0,0.7530702,147.0,92.0,0.773284,189.0,127.0,0.770635,133.0,122.0,0.87443507,183.0,141.0,0.31286675,126.0,143.0,0.8044034,194.0,33.0,0.786212,173.0,33.0,0.77166194,200.0,83.0,0.8459167,179.0,82.0,0.31004795,206.0,116.0,0.5773327,188.0,124.0,0.30253804,2,dog
dog/guy1_dog064.jpg,136.0,116.0,0.43377653,140.0,117.0,0.49283972,134.0,117.0,0.59114873,143.0,109.0,0.5317845,127.0,110.0,0.47641832,151.0,91.0,0.5944904,112.0,93.0,0.58027756,164.0,121.0,0.7718215,110.0,123.0,0.4037263,172.0,143.0,0.70808387,114.0,142.0,0.23483247,126.0,34.0,0.6302369,106.0,34.0,0.80331254,125.0,83.0,0.4427803,100.0,86.0,0.7708684,108.0,122.0,0.4185516,96.0,118.0,0.6441204,2,dog
dog/guy1_dog064_flipped.jpg,166.0,115.0,0.5066982,169.0,117.0,0.49425277,162.0,117.0,0.52176,176.0,108.0,0.6098429,157.0,110.0,0.519892,188.0,93.0,0.8394766,149.0,90.0,0.70407254,191.0,124.0,0.66734266,135.0,120.0,0.7654044,184.0,145.0,0.60406923,127.0,144.0,0.67920256,193.0,34.0,0.8539468,172.0,34.0,0.82953954,199.0,84.0,0.7887114,175.0,82.0,0.3092126,203.0,118.0,0.57472825,191.0,124.0,0.36778912,2,dog
dog/guy1_dog070_flipped.jpg,162.0,116.0,0.5164518,165.0,117.0,0.5328312,158.0,117.0,0.54912525,172.0,106.0,0.5350074,151.0,106.0,0.5990767,183.0,89.0,0.81537735,142.0,89.0,0.7376588,189.0,120.0,0.68844,131.0,123.0,0.60850316,184.0,119.0,0.37787113,129.0,138.0,0.25413233,181.0,32.0,0.7737951,158.0,33.0,0.58166546,182.0,88.0,0.54290843,154.0,80.0,0.40063575,185.0,118.0,0.4849019,163.0,114.0,0.28851444,2,dog
dog/guy1_dog074.jpg,145.0,114.0,0.4827329,149.0,115.0,0.5126494,142.0,113.0,0.39115644,156.0,104.0,0.6352911,135.0,103.0,0.59195447,166.0,87.0,0.81092596,126.0,86.0,0.60179067,175.0,117.0,0.53204286,116.0,118.0,0.56136787,176.0,133.0,0.43546045,118.0,137.0,0.10380264,156.0,32.0,0.643686,133.0,32.0,0.50266975,152.0,73.0,0.27652615,128.0,79.0,0.50962204,151.0,113.0,0.23653193,133.0,115.0,0.25389954,2,dog
dog/guy1_dog074_flipped.jpg,154.0,111.0,0.31707504,157.0,112.0,0.42479914,151.0,112.0,0.42423657,165.0,103.0,0.56943923,144.0,102.0,0.5568851,174.0,87.0,0.77128243,133.0,88.0,0.70707786,183.0,118.0,0.4542838,125.0,117.0,0.7310904,180.0,135.0,0.21147867,123.0,140.0,0.6085838,167.0,32.0,0.6391783,146.0,31.0,0.7461662,170.0,80.0,0.48234576,140.0,79.0,0.27358887,169.0,115.0,0.2944164,152.0,116.0,0.26582044,2,dog
dog/guy1_dog076_flipped.jpg,150.0,110.0,0.3850968,153.0,110.0,0.53827643,147.0,110.0,0.49779823,159.0,101.0,0.49151942,140.0,101.0,0.5715352,170.0,87.0,0.7917849,128.0,87.0,0.7786447,178.0,117.0,0.7530581,121.0,117.0,0.7012633,177.0,136.0,0.4020971,120.0,140.0,0.4374143,160.0,30.0,0.66746384,139.0,30.0,0.61742306,161.0,83.0,0.2881349,133.0,80.0,0.38463807,161.0,117.0,0.22179198,145.0,117.0,0.36841404,2,dog
dog/guy1_dog080.jpg,162.0,113.0,0.44792587,166.0,112.0,0.3467523,159.0,113.0,0.48663503,174.0,103.0,0.5180054,152.0,102.0,0.63391674,185.0,86.0,0.779005,143.0,86.0,0.72221214,190.0,117.0,0.5831639,133.0,117.0,0.8699876,187.0,129.0,0.17154005,130.0,136.0,0.2009777,179.0,32.0,0.63238907,156.0,32.0,0.6310719,180.0,79.0,0.32173973,152.0,73.0,0.3128454,179.0,108.0,0.28042808,159.0,103.0,0.14646475,2,dog
dog/guy1_dog080_flipped.jpg,137.0,112.0,0.39687413,141.0,113.0,0.5110663,134.0,112.0,0.49527156,145.0,103.0,0.51646745,126.0,103.0,0.39447573,157.0,87.0,0.65445113,116.0,84.0,0.70139086,166.0,116.0,0.72529155,108.0,119.0,0.72461367,167.0,133.0,0.40939856,111.0,131.0,0.10223427,142.0,30.0,0.62078714,125.0,29.0,0.5983664,144.0,76.0,0.23563075,122.0,77.0,0.3746338,140.0,112.0,0.2754791,126.0,113.0,0.21581519,2,dog
dog/guy1_dog081.jpg,165.0,110.0,0.35155028,169.0,111.0,0.49122027,162.0,112.0,0.38397714,178.0,103.0,0.57264507,157.0,102.0,0.6122721,189.0,89.0,0.785578,146.0,86.0,0.75358844,194.0,119.0,0.54784274,136.0,118.0,0.86761224,191.0,136.0,0.3469922,132.0,141.0,0.6287652,184.0,31.0,0.71490324,159.0,32.0,0.56251323,185.0,83.0,0.3100456,155.0,78.0,0.2861059,185.0,109.0,0.18923445,165.0,117.0,0.2627719,2,dog
dog/guy1_dog082.jpg,169.0,114.0,0.47509658,173.0,114.0,0.44958723,166.0,114.0,0.50155103,181.0,104.0,0.563539,159.0,103.0,0.52083606,191.0,89.0,0.8502898,149.0,88.0,0.79591143,197.0,121.0,0.6955087,139.0,119.0,0.79257625,188.0,113.0,0.31266606,137.0,139.0,0.24114507,187.0,31.0,0.87013465,164.0,32.0,0.54442143,189.0,84.0,0.4780505,161.0,76.0,0.29589882,188.0,111.0,0.4441196,168.0,112.0,0.19098447,2,dog
dog/guy1_dog082_flipped.jpg,131.0,112.0,0.473748,134.0,113.0,0.43105158,127.0,113.0,0.6024792,139.0,104.0,0.55720556,120.0,104.0,0.5243064,150.0,87.0,0.83804536,110.0,86.0,0.64183605,160.0,118.0,0.7575189,102.0,120.0,0.5844355,161.0,134.0,0.40645525,116.0,115.0,0.18439785,135.0,30.0,0.7858091,113.0,30.0,0.67845947,133.0,78.0,0.3963123,111.0,78.0,0.49360222,134.0,112.0,0.3617998,117.0,113.0,0.3788696,2,dog
dog/guy1_dog086.jpg,183.0,114.0,0.43552315,187.0,115.0,0.42507294,179.0,114.0,0.4772027,195.0,105.0,0.40367502,173.0,105.0,0.5973179,205.0,86.0,0.8122883,163.0,87.0,0.789001,208.0,120.0,0.71453714,150.0,118.0,0.6983459,205.0,132.0,0.21274379,148.0,138.0,0.24223478,206.0,28.0,0.84868455,182.0,30.0,0.52626115,205.0,82.0,0.61508846,181.0,77.0,0.4660755,205.0,118.0,0.35668078,185.0,114.0,0.29727978,2,dog
dog/guy1_dog086_flipped.jpg,117.0,115.0,0.3960064,122.0,115.0,0.49764994,114.0,115.0,0.66463363,128.0,104.0,0.52743167,107.0,105.0,0.5082545,138.0,87.0,0.8372802,95.0,85.0,0.7241273,148.0,118.0,0.69584715,91.0,123.0,0.5603689,152.0,137.0,0.48029396,96.0,123.0,0.20502773,117.0,29.0,0.69662255,96.0,31.0,0.75817907,118.0,78.0,0.43221655,95.0,81.0,0.50627875,120.0,108.0,0.20690562,102.0,117.0,0.33047906,2,dog
dog/guy1_dog087.jpg,187.0,112.0,0.39619026,191.0,113.0,0.34632495,183.0,113.0,0.42572552,198.0,104.0,0.524842,176.0,104.0,0.50140977,209.0,89.0,0.76333237,166.0,87.0,0.52824724,212.0,121.0,0.46657452,153.0,119.0,0.8148334,208.0,133.0,0.30136347,148.0,140.0,0.5872518,210.0,30.0,0.7397255,186.0,30.0,0.53081787,209.0,84.0,0.50396544,183.0,78.0,0.34760162,206.0,113.0,0.22958238,192.0,114.0,0.27086252,2,dog
dog/guy1_dog087_flipped.jpg,114.0,115.0,0.4737861,117.0,116.0,0.43125102,111.0,116.0,0.62624335,122.0,107.0,0.5570967,104.0,107.0,0.51079434,132.0,87.0,0.7322737,93.0,85.0,0.4864872,146.0,118.0,0.76233554,88.0,123.0,0.5584029,148.0,135.0,0.34886006,90.0,130.0,0.17580135,108.0,29.0,0.55957055,97.0,29.0,0.6040126,111.0,79.0,0.41272512,94.0,80.0,0.38326523,109.0,112.0,0.34968245,99.0,114.0,0.22488593,2,dog
dog/guy1_dog088.jpg,189.0,110.0,0.3131408,193.0,112.0,0.41790426,185.0,112.0,0.35293064,200.0,106.0,0.5278921,179.0,104.0,0.5767553,210.0,91.0,0.69539434,170.0,87.0,0.73491716,215.0,122.0,0.6095553,155.0,118.0,0.7883227,209.0,137.0,0.46405792,148.0,143.0,0.7683488,213.0,30.0,0.77155584,190.0,29.0,0.71380895,212.0,83.0,0.5408548,194.0,79.0,0.45310447,210.0,114.0,0.34290233,198.0,113.0,0.29760927,2,dog
dog/guy1_dog088_flipped.jpg,111.0,114.0,0.43318948,116.0,115.0,0.45873314,109.0,114.0,0.54305553,120.0,105.0,0.44392666,102.0,106.0,0.52324295,129.0,87.0,0.79223496,88.0,87.0,0.50803256,143.0,118.0,0.7177781,85.0,123.0,0.6729674,146.0,136.0,0.3315442,88.0,130.0,0.15090685,106.0,27.0,0.586876,88.0,29.0,0.66495323,107.0,78.0,0.43887037,89.0,79.0,0.41196278,101.0,113.0,0.37146637,95.0,112.0,0.1993949,2,dog
dog/guy1_dog091.jpg,196.0,111.0,0.39242926,199.0,113.0,0.51954615,191.0,113.0,0.53817487,205.0,105.0,0.5759325,186.0,105.0,0.50923705,219.0,90.0,0.73533726,179.0,86.0,0.6947224,224.0,123.0,0.4182836,163.0,117.0,0.8206732,212.0,149.0,0.7731968,154.0,143.0,0.9001925,228.0,30.0,0.909673,205.0,25.0,0.84718114,225.0,84.0,0.57305336,212.0,81.0,0.3694361,224.0,114.0,0.3748256,215.0,112.0,0.3993452,2,dog
dog/guy1_dog091_flipped.jpg,104.0,110.0,0.4853056,108.0,111.0,0.4661012,101.0,111.0,0.44630137,112.0,102.0,0.51183623,94.0,103.0,0.43931133,121.0,87.0,0.8259769,76.0,86.0,0.5127152,136.0,120.0,0.8607025,75.0,123.0,0.5449598,141.0,135.0,0.34540454,82.0,123.0,0.31406882,94.0,29.0,0.66633373,72.0,31.0,0.6258454,95.0,79.0,0.36246687,74.0,82.0,0.6699574,86.0,115.0,0.5138773,77.0,115.0,0.3866336,2,dog
dog/guy1_dog092.jpg,200.0,110.0,0.4671999,202.0,113.0,0.5143458,195.0,113.0,0.45264062,208.0,105.0,0.5689188,190.0,105.0,0.4644126,221.0,92.0,0.74585426,181.0,86.0,0.7032635,225.0,125.0,0.3905073,165.0,118.0,0.88902426,216.0,146.0,0.72508055,156.0,144.0,0.65571094,232.0,31.0,0.87270975,208.0,28.0,0.81281424,231.0,83.0,0.5684545,216.0,81.0,0.44776174,230.0,120.0,0.40946606,225.0,116.0,0.44696558,2,dog
dog/guy1_dog092_flipped.jpg,101.0,110.0,0.42554826,104.0,112.0,0.51537883,99.0,112.0,0.4082294,108.0,104.0,0.62718904,92.0,105.0,0.5035858,117.0,88.0,0.7311516,74.0,89.0,0.5565084,134.0,120.0,0.84900117,74.0,124.0,0.5507047,139.0,141.0,0.5141426,75.0,124.0,0.33286187,87.0,27.0,0.60232055,70.0,28.0,0.5610437,88.0,79.0,0.44851717,67.0,81.0,0.6421266,78.0,118.0,0.6094188,69.0,117.0,0.48368314,2,dog
dog/guy1_dog093.jpg,201.0,113.0,0.36420515,204.0,116.0,0.43844903,197.0,114.0,0.6162534,210.0,106.0,0.7005218,192.0,106.0,0.5683006,224.0,92.0,0.75069445,183.0,86.0,0.6008867,228.0,125.0,0.5111984,168.0,118.0,0.88188255,219.0,144.0,0.4991401,158.0,144.0,0.7214402,235.0,31.0,0.90041316,211.0,29.0,0.77294666,236.0,82.0,0.73982704,222.0,83.0,0.4061839,238.0,121.0,0.63002515,230.0,119.0,0.36549273,2,dog
dog/guy1_dog093_flipped.jpg,98.0,112.0,0.5258049,103.0,114.0,0.53646064,96.0,114.0,0.45756164,107.0,103.0,0.5976181,88.0,104.0,0.38530326,117.0,87.0,0.70195353,69.0,85.0,0.55961764,133.0,120.0,0.90016866,71.0,124.0,0.4846744,138.0,139.0,0.64522487,72.0,124.0,0.41029868,85.0,30.0,0.74453044,64.0,32.0,0.7914382,86.0,79.0,0.4807517,63.0,82.0,0.72921103,74.0,118.0,0.5956047,62.0,118.0,0.6124898,2,dog
dog/guy1_dog095.jpg,204.0,114.0,0.4320375,208.0,117.0,0.49221966,200.0,116.0,0.5449196,215.0,107.0,0.6871269,195.0,106.0,0.62993026,227.0,92.0,0.5745622,187.0,87.0,0.7448383,228.0,130.0,0.6513327,171.0,120.0,0.85544705,223.0,145.0,0.34776598,160.0,146.0,0.78151035,243.0,30.0,0.8329461,218.0,27.0,0.8519191,245.0,80.0,0.6477797,230.0,81.0,0.4392888,246.0,117.0,0.53438514,238.0,120.0,0.46029544,2,dog
dog/guy1_dog095_flipped.jpg,96.0,117.0,0.43014476,100.0,119.0,0.6321707,92.0,117.0,0.5994562,104.0,108.0,0.6428221,84.0,108.0,0.45956832,113.0,89.0,0.85847974,68.0,89.0,0.45355538,130.0,120.0,0.8852367,70.0,124.0,0.37461525,135.0,137.0,0.47821543,54.0,117.0,0.46533996,80.0,30.0,0.6596286,57.0,31.0,0.6563835,81.0,81.0,0.33110607,57.0,82.0,0.8758585,67.0,118.0,0.43500438,53.0,118.0,0.6104579,2,dog
dog/guy1_dog097.jpg,207.0,116.0,0.521227,211.0,118.0,0.6115068,203.0,117.0,0.60943365,219.0,108.0,0.594403,198.0,108.0,0.6688622,231.0,91.0,0.658201,190.0,88.0,0.70930064,233.0,126.0,0.60002804,172.0,120.0,0.93994623,224.0,145.0,0.5967476,161.0,145.0,0.7974686,249.0,30.0,0.8830276,225.0,26.0,0.8005016,249.0,82.0,0.8436921,234.0,82.0,0.530239,253.0,118.0,0.67916596,240.0,121.0,0.3552061,2,dog
dog/guy1_dog097_flipped.jpg,92.0,116.0,0.50781906,97.0,118.0,0.44926962,90.0,117.0,0.44261003,101.0,108.0,0.6745685,81.0,108.0,0.51081705,110.0,89.0,0.63418794,64.0,91.0,0.5363172,127.0,121.0,0.71150005,66.0,125.0,0.55837274,134.0,140.0,0.6566161,72.0,136.0,0.23873651,72.0,28.0,0.8530927,50.0,31.0,0.8531576,71.0,79.0,0.36087844,49.0,84.0,0.76102734,57.0,115.0,0.45055488,47.0,118.0,0.52055717,2,dog
dog/guy1_dog098.jpg,208.0,116.0,0.39314872,211.0,119.0,0.49968415,204.0,119.0,0.55401623,218.0,109.0,0.6434463,198.0,109.0,0.5832335,233.0,90.0,0.6346104,192.0,88.0,0.7701207,235.0,129.0,0.57110167,173.0,120.0,0.92367446,224.0,147.0,0.27595764,162.0,146.0,0.84815687,253.0,29.0,0.87340266,227.0,27.0,0.78439766,252.0,82.0,0.9015869,235.0,82.0,0.641186,257.0,118.0,0.63934743,239.0,125.0,0.32937223,2,dog
dog/guy1_dog098_flipped.jpg,91.0,117.0,0.4185227,95.0,119.0,0.53917253,88.0,118.0,0.64477783,100.0,108.0,0.594497,79.0,110.0,0.5714913,108.0,88.0,0.8972791,62.0,92.0,0.5590856,126.0,122.0,0.9309249,66.0,127.0,0.5837962,134.0,140.0,0.5750789,43.0,119.0,0.4946437,70.0,29.0,0.8033012,48.0,31.0,0.86064726,65.0,79.0,0.43244806,46.0,84.0,0.8768846,52.0,116.0,0.4910379,43.0,119.0,0.745698,2,dog
dog/guy1_dog099.jpg,210.0,115.0,0.43219826,213.0,117.0,0.48006642,205.0,117.0,0.56378055,218.0,108.0,0.66057265,199.0,107.0,0.56412244,233.0,91.0,0.59876037,191.0,86.0,0.61842287,233.0,130.0,0.64951247,173.0,120.0,0.7143941,229.0,141.0,0.29615194,163.0,143.0,0.58154577,255.0,30.0,0.84619564,232.0,27.0,0.815028,255.0,82.0,0.9377118,239.0,80.0,0.7134937,260.0,117.0,0.6373292,241.0,125.0,0.45544237,2,dog
dog/guy1_dog099_flipped.jpg,91.0,117.0,0.4861757,95.0,118.0,0.5422849,88.0,118.0,0.64272124,99.0,109.0,0.65530485,79.0,109.0,0.70729923,107.0,89.0,0.74554473,60.0,90.0,0.3271123,125.0,121.0,0.9085837,63.0,127.0,0.66827565,135.0,142.0,0.6881565,40.0,120.0,0.5742085,66.0,27.0,0.82030165,45.0,30.0,0.84546363,62.0,78.0,0.5763485,44.0,83.0,0.86314964,48.0,116.0,0.4895871,39.0,120.0,0.6840035,2,dog
dog/guy1_dog101.jpg,209.0,113.0,0.42541802,212.0,116.0,0.5875187,203.0,115.0,0.5442245,218.0,106.0,0.7303901,197.0,105.0,0.5600345,233.0,91.0,0.5350554,191.0,86.0,0.6991551,234.0,132.0,0.7775219,174.0,121.0,0.8457679,230.0,140.0,0.21120813,164.0,143.0,0.33121857,259.0,30.0,0.9114499,236.0,25.0,0.87599236,260.0,83.0,0.7879142,242.0,82.0,0.70726573,266.0,119.0,0.577992,257.0,117.0,0.71194553,2,dog
dog/guy1_dog101_flipped.jpg,92.0,115.0,0.46980634,97.0,116.0,0.5216436,90.0,116.0,0.59946907,102.0,104.0,0.6008412,81.0,106.0,0.5710046,108.0,87.0,0.62247384,63.0,91.0,0.5104176,125.0,120.0,0.87553424,63.0,130.0,0.7073132,136.0,144.0,0.6485996,34.0,120.0,0.5031102,61.0,27.0,0.8475698,41.0,31.0,0.8154571,56.0,83.0,0.692446,39.0,86.0,0.889308,41.0,116.0,0.5948129,32.0,121.0,0.82053506,2,dog
dog/guy1_dog102.jpg,207.0,111.0,0.37744367,209.0,115.0,0.3860623,201.0,114.0,0.58611465,217.0,105.0,0.6499486,196.0,103.0,0.6370374,233.0,90.0,0.5892625,191.0,84.0,0.7124696,232.0,132.0,0.7950436,174.0,120.0,0.76972234,230.0,142.0,0.25396046,163.0,143.0,0.42192066,261.0,29.0,0.90886354,238.0,24.0,0.8753678,262.0,84.0,0.7215804,245.0,83.0,0.6697706,268.0,118.0,0.66099215,260.0,117.0,0.74391866,2,dog
dog/guy1_dog102_flipped.jpg,94.0,113.0,0.3700795,99.0,114.0,0.4603563,93.0,115.0,0.57957053,105.0,102.0,0.66418064,84.0,105.0,0.7113446,108.0,86.0,0.70001477,66.0,89.0,0.63806117,125.0,120.0,0.9330508,65.0,129.0,0.8827867,136.0,145.0,0.7541015,33.0,119.0,0.394031,59.0,27.0,0.8758445,40.0,30.0,0.7764109,53.0,84.0,0.5218234,37.0,85.0,0.88473475,38.0,117.0,0.56124914,31.0,120.0,0.8566216,2,dog
dog/guy1_dog105.jpg,198.0,108.0,0.45720953,199.0,109.0,0.57065904,193.0,109.0,0.5224428,208.0,99.0,0.5658839,189.0,98.0,0.63041866,228.0,87.0,0.6704459,188.0,78.0,0.6197808,229.0,131.0,0.76681936,173.0,117.0,0.7545974,224.0,142.0,0.13305904,162.0,141.0,0.36111417,262.0,29.0,0.90248054,240.0,23.0,0.7678801,264.0,83.0,0.8844792,250.0,84.0,0.73496205,276.0,119.0,0.59157604,267.0,119.0,0.79469895,2,dog
dog/guy1_dog105_flipped.jpg,102.0,110.0,0.3897362,107.0,110.0,0.3368976,102.0,111.0,0.5165815,110.0,100.0,0.55535376,93.0,101.0,0.61914074,109.0,82.0,0.7464198,71.0,87.0,0.5966662,128.0,119.0,0.7876409,69.0,132.0,0.74377763,138.0,142.0,0.5894403,24.0,121.0,0.24422742,58.0,24.0,0.77278304,37.0,27.0,0.73832357,48.0,88.0,0.64486086,32.0,88.0,0.8824239,29.0,119.0,0.68214506,22.0,121.0,0.67980075,2,dog
dog/guy1_dog109.jpg,182.0,107.0,0.40805846,181.0,107.0,0.68078995,177.0,107.0,0.6467024,187.0,92.0,0.5993873,175.0,92.0,0.5321756,214.0,80.0,0.6965563,175.0,76.0,0.7585313,217.0,130.0,0.86706144,163.0,117.0,0.75719035,206.0,154.0,0.1743043,152.0,153.0,0.7772925,254.0,29.0,0.92501926,235.0,25.0,0.8450048,264.0,87.0,0.8629075,248.0,88.0,0.75965345,283.0,120.0,0.61697745,274.0,119.0,0.6513051,2,dog
dog/guy1_dog109_flipped.jpg,118.0,106.0,0.5974077,122.0,105.0,0.5965799,118.0,105.0,0.70033634,125.0,92.0,0.66523373,115.0,93.0,0.58767396,128.0,76.0,0.781254,87.0,81.0,0.60160697,135.0,115.0,0.8818758,81.0,129.0,0.845184,149.0,151.0,0.89140385,96.0,160.0,0.5370456,65.0,27.0,0.7269135,44.0,28.0,0.699323,51.0,89.0,0.7203853,35.0,88.0,0.87133926,22.0,119.0,0.74867797,15.0,121.0,0.75906914,2,dog
dog/guy1_dog110.jpg,179.0,106.0,0.6144002,177.0,105.0,0.6528496,174.0,105.0,0.7121743,181.0,89.0,0.75265515,172.0,90.0,0.4672909,208.0,79.0,0.6526468,171.0,75.0,0.77139664,214.0,129.0,0.8290832,160.0,116.0,0.90758735,200.0,160.0,0.38360563,152.0,152.0,0.80061615,252.0,29.0,0.8381124,234.0,29.0,0.82485324,262.0,87.0,0.70239115,246.0,89.0,0.6798203,284.0,120.0,0.7717361,276.0,118.0,0.6659477,2,dog
dog/guy1_dog110_flipped.jpg,121.0,104.0,0.61211765,126.0,103.0,0.63018906,123.0,103.0,0.64562076,129.0,89.0,0.5348141,120.0,90.0,0.68210983,129.0,72.0,0.7801864,92.0,79.0,0.6754714,137.0,114.0,0.89539623,84.0,128.0,0.8856615,151.0,152.0,0.9334878,101.0,164.0,0.6739396,67.0,30.0,0.56523734,46.0,28.0,0.85877323,52.0,90.0,0.73554194,36.0,87.0,0.7231312,21.0,119.0,0.557889,14.0,121.0,0.64885247,2,dog
dog/guy1_dog112.jpg,167.0,105.0,0.6193895,165.0,103.0,0.5705193,162.0,103.0,0.68372214,170.0,88.0,0.8171187,162.0,88.0,0.5967058,199.0,79.0,0.7463493,164.0,73.0,0.8099119,206.0,129.0,0.85128677,156.0,117.0,0.73502547,192.0,162.0,0.9142196,147.0,152.0,0.9381132,248.0,31.0,0.83684313,228.0,35.0,0.7484784,258.0,92.0,0.68198144,244.0,93.0,0.69007766,285.0,121.0,0.82134086,278.0,119.0,0.8181808,2,dog
dog/guy1_dog112_flipped.jpg,132.0,102.0,0.55820286,137.0,101.0,0.6302786,135.0,101.0,0.41148043,139.0,86.0,0.5803232,131.0,87.0,0.7723605,134.0,69.0,0.8286496,99.0,76.0,0.72988445,141.0,114.0,0.7077729,93.0,128.0,0.91888106,154.0,151.0,0.92776823,107.0,164.0,0.7500627,70.0,31.0,0.67995536,50.0,30.0,0.7188493,57.0,94.0,0.7003976,42.0,93.0,0.7790236,20.0,118.0,0.55455077,13.0,123.0,0.732674,2,dog
dog/guy1_dog114.jpg,156.0,102.0,0.6242813,153.0,99.0,0.64756185,151.0,99.0,0.8026915,160.0,84.0,0.75127655,153.0,84.0,0.64088804,190.0,78.0,0.8088175,158.0,70.0,0.7702723,196.0,129.0,0.86407286,152.0,115.0,0.84116006,185.0,163.0,0.8031362,144.0,151.0,0.82740265,244.0,36.0,0.84832996,224.0,35.0,0.8001315,253.0,99.0,0.76920855,241.0,98.0,0.8066366,285.0,123.0,0.6389295,278.0,116.0,0.73883235,2,dog
dog/guy1_dog114_flipped.jpg,146.0,103.0,0.7063664,152.0,101.0,0.70069265,149.0,100.0,0.53439915,149.0,85.0,0.51441216,144.0,85.0,0.8592213,140.0,69.0,0.84502506,109.0,75.0,0.64404213,145.0,116.0,0.7000034,103.0,130.0,0.84730375,159.0,152.0,0.90988964,116.0,164.0,0.92841154,73.0,38.0,0.5897727,55.0,34.0,0.6767926,62.0,100.0,0.69171095,44.0,100.0,0.83359456,22.0,119.0,0.6149168,15.0,122.0,0.62880707,2,dog
dog/guy2_dog025.jpg,222.0,145.0,0.41837215,229.0,144.0,0.39032656,227.0,144.0,0.41755182,233.0,130.0,0.4806508,230.0,131.0,0.4357,210.0,105.0,0.735706,194.0,123.0,0.78652024,211.0,140.0,0.37821743,188.0,174.0,0.8262736,218.0,178.0,0.7347998,205.0,210.0,0.5964058,130.0,77.0,0.36896852,119.0,78.0,0.5713966,103.0,135.0,0.30533195,98.0,134.0,0.5523259,44.0,153.0,0.35626936,39.0,155.0,0.4924222,2,dog
dog/guy2_dog025_flipped.jpg,74.0,146.0,0.6438167,68.0,144.0,0.7339078,68.0,144.0,0.8035842,67.0,131.0,0.77463996,67.0,130.0,0.69871426,104.0,124.0,0.7007221,89.0,103.0,0.6397704,109.0,174.0,0.8945079,89.0,141.0,0.7197846,94.0,210.0,0.91007763,79.0,177.0,0.8219675,182.0,78.0,0.88530695,176.0,71.0,0.7739801,201.0,139.0,0.66091526,195.0,133.0,0.6305715,256.0,156.0,0.7207658,248.0,152.0,0.8711506,2,dog
dog/guy2_dog027.jpg,215.0,149.0,0.3894311,222.0,148.0,0.46672538,221.0,148.0,0.48970383,228.0,135.0,0.41866305,226.0,137.0,0.47607943,208.0,108.0,0.78990614,190.0,128.0,0.61481744,209.0,146.0,0.5255089,187.0,180.0,0.8665635,220.0,179.0,0.8617393,208.0,215.0,0.6329733,129.0,73.0,0.51500577,117.0,76.0,0.5463948,97.0,132.0,0.22954184,92.0,132.0,0.682625,45.0,155.0,0.44971317,39.0,157.0,0.5336772,2,dog
dog/guy2_dog027_flipped.jpg,83.0,151.0,0.6489758,76.0,150.0,0.6765106,75.0,151.0,0.6393007,73.0,136.0,0.6330377,73.0,138.0,0.53661317,107.0,129.0,0.7689551,91.0,108.0,0.85340375,110.0,180.0,0.9019964,88.0,146.0,0.5013827,91.0,215.0,0.9360957,78.0,180.0,0.9224173,182.0,76.0,0.6378131,176.0,68.0,0.7853326,206.0,136.0,0.8839612,202.0,128.0,0.7276393,258.0,159.0,0.7395329,250.0,150.0,0.633657,2,dog
dog/guy2_dog031.jpg,195.0,160.0,0.39379942,202.0,159.0,0.5887355,200.0,160.0,0.596014,206.0,147.0,0.48709825,201.0,147.0,0.47454855,192.0,118.0,0.75903225,173.0,143.0,0.58925337,201.0,156.0,0.66866755,184.0,191.0,0.74296045,223.0,182.0,0.88179284,211.0,219.0,0.53952456,117.0,67.0,0.554223,103.0,73.0,0.5206914,83.0,125.0,0.34932098,77.0,124.0,0.69251215,44.0,159.0,0.6197419,35.0,162.0,0.53408176,2,dog
dog/guy2_dog031_flipped.jpg,106.0,159.0,0.73629355,100.0,160.0,0.82502973,99.0,160.0,0.78666484,97.0,150.0,0.6440232,94.0,149.0,0.71492267,125.0,139.0,0.8397856,109.0,119.0,0.64310074,116.0,190.0,0.94190913,98.0,154.0,0.7524748,90.0,221.0,0.89736485,77.0,181.0,0.66699827,193.0,74.0,0.7708155,183.0,66.0,0.72057825,223.0,125.0,0.8752077,216.0,125.0,0.7517871,265.0,162.0,0.5072435,253.0,157.0,0.82842535,2,dog
dog/guy2_dog033.jpg,185.0,166.0,0.4347509,191.0,165.0,0.49506512,189.0,166.0,0.5280355,194.0,152.0,0.44591975,189.0,154.0,0.5338986,180.0,124.0,0.6461655,164.0,145.0,0.55524564,197.0,158.0,0.4525265,180.0,193.0,0.44008777,221.0,182.0,0.659816,208.0,221.0,0.8272249,108.0,67.0,0.58258605,96.0,75.0,0.4651278,78.0,125.0,0.36082432,70.0,124.0,0.6713866,43.0,160.0,0.51385397,31.0,164.0,0.7785796,2,dog
dog/guy2_dog033_flipped.jpg,113.0,167.0,0.5210757,109.0,168.0,0.569254,107.0,167.0,0.625211,108.0,157.0,0.6206988,105.0,157.0,0.75407696,134.0,147.0,0.7818723,115.0,127.0,0.66308165,118.0,195.0,0.8945139,98.0,161.0,0.5681138,90.0,222.0,0.9434097,77.0,183.0,0.775022,203.0,76.0,0.7328254,191.0,67.0,0.7651545,231.0,127.0,0.82895696,223.0,127.0,0.7543401,269.0,165.0,0.69164026,254.0,160.0,0.7060083,2,dog
dog/guy2_dog037.jpg,171.0,177.0,0.37885493,175.0,175.0,0.5911369,173.0,178.0,0.4352538,174.0,165.0,0.51585424,168.0,169.0,0.5427548,169.0,134.0,0.6886357,147.0,153.0,0.43114603,190.0,158.0,0.66871893,173.0,199.0,0.4862176,214.0,183.0,0.60810244,201.0,223.0,0.7240081,90.0,71.0,0.69907236,81.0,82.0,0.52560365,63.0,131.0,0.33857602,58.0,132.0,0.5586469,35.0,162.0,0.49356532,23.0,171.0,0.6079377,2,dog
dog/guy2_dog037_flipped.jpg,130.0,173.0,0.47103044,127.0,175.0,0.48961028,125.0,173.0,0.6789981,128.0,171.0,0.7569545,122.0,166.0,0.6233667,147.0,161.0,0.7404202,128.0,135.0,0.5459077,127.0,199.0,0.77779174,107.0,161.0,0.7052342,96.0,225.0,0.8595726,85.0,183.0,0.72510177,220.0,83.0,0.7562197,210.0,72.0,0.7398505,244.0,134.0,0.6424892,233.0,132.0,0.49395415,279.0,171.0,0.7937294,264.0,164.0,0.6189076,2,dog
dog/guy2_dog042.jpg,158.0,178.0,0.5079025,163.0,176.0,0.4263202,160.0,180.0,0.4370942,158.0,164.0,0.4287798,152.0,174.0,0.4826717,152.0,134.0,0.8033382,131.0,160.0,0.41520253,175.0,157.0,0.50032353,160.0,204.0,0.5629494,201.0,179.0,0.7523968,189.0,224.0,0.6141586,79.0,80.0,0.5358715,66.0,90.0,0.51422334,51.0,134.0,0.28435323,45.0,138.0,0.64939064,28.0,155.0,0.322763,15.0,172.0,0.83328134,2,dog
dog/guy2_dog042_flipped.jpg,148.0,176.0,0.39373896,145.0,178.0,0.52844405,142.0,174.0,0.54737806,148.0,174.0,0.53586257,141.0,167.0,0.38325638,164.0,166.0,0.7404107,145.0,137.0,0.51296496,138.0,204.0,0.7440796,120.0,156.0,0.772586,109.0,224.0,0.8926848,98.0,178.0,0.87463963,230.0,92.0,0.63629436,224.0,81.0,0.6948387,252.0,137.0,0.3923196,247.0,135.0,0.22159563,282.0,169.0,0.75829697,274.0,161.0,0.50260425,2,dog
dog/guy2_dog045.jpg,153.0,177.0,0.4485326,157.0,174.0,0.42478383,153.0,179.0,0.34890306,154.0,163.0,0.30836934,148.0,171.0,0.41097644,144.0,136.0,0.63811696,125.0,160.0,0.3516754,167.0,154.0,0.3705757,153.0,202.0,0.439863,194.0,175.0,0.80643404,182.0,220.0,0.5031638,71.0,83.0,0.6756601,60.0,95.0,0.42431504,49.0,130.0,0.19287601,41.0,140.0,0.63143617,28.0,146.0,0.16873851,11.0,170.0,0.7240818,2,dog
dog/guy2_dog045_flipped.jpg,153.0,172.0,0.50260687,151.0,175.0,0.6081543,147.0,171.0,0.57602286,152.0,173.0,0.617576,145.0,166.0,0.48393303,169.0,167.0,0.7296863,150.0,136.0,0.5504154,144.0,203.0,0.71758366,127.0,154.0,0.40523663,116.0,222.0,0.6086571,105.0,174.0,0.76600504,233.0,103.0,0.5495173,233.0,86.0,0.5917397,255.0,140.0,0.381747,254.0,138.0,0.14348675,284.0,168.0,0.47298566,283.0,163.0,0.28138864,2,dog
dog/guy2_dog048.jpg,146.0,175.0,0.3720135,151.0,172.0,0.5151638,147.0,176.0,0.5612173,149.0,161.0,0.35294324,143.0,168.0,0.30233252,137.0,135.0,0.48729858,120.0,160.0,0.3068496,162.0,148.0,0.41208667,145.0,199.0,0.53431547,187.0,169.0,0.6825304,175.0,217.0,0.73405117,65.0,85.0,0.67798185,56.0,96.0,0.46677688,49.0,123.0,0.25907898,38.0,138.0,0.4017182,24.0,146.0,0.25638384,9.0,167.0,0.58944917,2,dog
dog/guy2_dog048_flipped.jpg,152.0,169.0,0.41106394,151.0,173.0,0.5252945,149.0,168.0,0.5491725,153.0,174.0,0.47824496,150.0,165.0,0.41925216,170.0,168.0,0.66420203,161.0,135.0,0.5890788,149.0,199.0,0.6912154,136.0,149.0,0.5721438,123.0,218.0,0.76037204,111.0,169.0,0.5878573,240.0,98.0,0.75461936,236.0,89.0,0.80881214,265.0,137.0,0.16027181,261.0,130.0,0.16052164,291.0,166.0,0.7851276,285.0,159.0,0.2567664,2,dog
dog/guy2_dog053.jpg,143.0,168.0,0.374431,147.0,164.0,0.527966,145.0,169.0,0.5283172,144.0,156.0,0.37486634,139.0,167.0,0.45586526,132.0,130.0,0.76804936,121.0,167.0,0.6080425,152.0,144.0,0.44800454,140.0,194.0,0.84685636,181.0,162.0,0.45682135,168.0,207.0,0.6393636,64.0,88.0,0.5724547,62.0,113.0,0.43559942,51.0,88.0,0.51379055,45.0,132.0,0.316699,19.0,141.0,0.41699418,10.0,155.0,0.4263676,2,dog
dog/guy2_dog055.jpg,139.0,163.0,0.4156759,143.0,159.0,0.5092277,141.0,164.0,0.52087176,141.0,151.0,0.5106827,135.0,163.0,0.55506366,131.0,127.0,0.6911687,117.0,165.0,0.67541826,151.0,138.0,0.4408139,139.0,191.0,0.8425824,177.0,156.0,0.5551798,166.0,204.0,0.7941166,58.0,84.0,0.7748022,54.0,106.0,0.38423434,51.0,88.0,0.5095299,38.0,128.0,0.25619966,23.0,136.0,0.40430617,12.0,150.0,0.53114253,2,dog
dog/guy2_dog055_flipped.jpg,157.0,159.0,0.34874475,156.0,163.0,0.6916518,155.0,156.0,0.40228584,163.0,170.0,0.5434363,159.0,151.0,0.4857859,181.0,171.0,0.42333192,166.0,123.0,0.657461,158.0,191.0,0.7825142,143.0,137.0,0.6497544,133.0,205.0,0.77819955,121.0,154.0,0.79382974,240.0,121.0,0.5223533,236.0,102.0,0.55620027,258.0,117.0,0.1835651,249.0,85.0,0.6650506,293.0,156.0,0.5848171,281.0,141.0,0.5516485,2,dog
dog/guy2_dog056.jpg,137.0,162.0,0.5409969,142.0,159.0,0.5873705,139.0,164.0,0.49427852,140.0,148.0,0.60988176,132.0,160.0,0.47242543,131.0,127.0,0.70371616,115.0,161.0,0.7008922,151.0,138.0,0.54906535,138.0,190.0,0.87792534,176.0,154.0,0.65105414,166.0,202.0,0.7220409,62.0,87.0,0.3313708,53.0,102.0,0.5020206,46.0,93.0,0.41284317,38.0,123.0,0.4474698,19.0,134.0,0.34909883,12.0,149.0,0.61295986,2,dog
dog/guy2_dog057.jpg,138.0,158.0,0.53707683,142.0,156.0,0.5838588,139.0,161.0,0.41212267,140.0,146.0,0.63420653,131.0,159.0,0.4045227,129.0,125.0,0.7502089,113.0,156.0,0.63421154,152.0,136.0,0.44788155,138.0,188.0,0.77331007,177.0,153.0,0.73593473,164.0,200.0,0.7761134,55.0,82.0,0.66010433,49.0,94.0,0.6321844,45.0,103.0,0.23275076,35.0,125.0,0.29243553,21.0,136.0,0.38034377,13.0,147.0,0.4426844,2,dog
dog/guy2_dog057_flipped.jpg,161.0,156.0,0.38014477,160.0,160.0,0.52731687,159.0,154.0,0.64264107,165.0,164.0,0.5787961,160.0,151.0,0.48990428,181.0,157.0,0.3322414,167.0,122.0,0.54213554,158.0,189.0,0.36389917,145.0,135.0,0.41729832,124.0,151.0,0.44511372,122.0,151.0,0.7501951,243.0,107.0,0.59679747,243.0,103.0,0.54046106,254.0,118.0,0.1861065,252.0,88.0,0.46257177,293.0,152.0,0.68746996,282.0,134.0,0.57612956,2,dog
dog/guy2_dog058.jpg,138.0,160.0,0.5251968,141.0,157.0,0.64499766,139.0,162.0,0.5651152,138.0,146.0,0.56645113,133.0,159.0,0.53418756,131.0,127.0,0.7145021,115.0,159.0,0.6276573,152.0,137.0,0.43473232,137.0,189.0,0.7599075,176.0,153.0,0.7461943,163.0,200.0,0.7770681,55.0,82.0,0.80871946,51.0,98.0,0.46374038,46.0,92.0,0.47448975,36.0,122.0,0.35447443,19.0,132.0,0.3673583,11.0,145.0,0.54250664,2,dog
dog/guy2_dog059.jpg,139.0,157.0,0.4882717,142.0,155.0,0.55988836,140.0,159.0,0.5925187,139.0,145.0,0.5932535,133.0,158.0,0.4530587,132.0,127.0,0.61065674,114.0,156.0,0.7253745,152.0,136.0,0.37019002,137.0,187.0,0.8918811,176.0,151.0,0.72205675,163.0,198.0,0.62477887,59.0,82.0,0.537303,52.0,100.0,0.38408592,46.0,95.0,0.44326884,35.0,123.0,0.3225393,18.0,126.0,0.2908137,12.0,144.0,0.6016973,2,dog
dog/guy2_dog060.jpg,142.0,156.0,0.4252255,144.0,152.0,0.58912176,142.0,157.0,0.50685287,141.0,146.0,0.38406608,135.0,155.0,0.45745713,130.0,128.0,0.40061674,114.0,156.0,0.4496051,151.0,133.0,0.18947315,137.0,186.0,0.84196216,174.0,148.0,0.53245926,164.0,198.0,0.7427304,60.0,84.0,0.5953133,49.0,95.0,0.38644078,50.0,103.0,0.1717489,38.0,118.0,0.19728678,24.0,129.0,0.17188874,16.0,142.0,0.39835787,2,dog
dog/guy2_dog063.jpg,140.0,157.0,0.46763998,146.0,154.0,0.58203423,142.0,160.0,0.622193,143.0,144.0,0.48879978,136.0,157.0,0.5154652,136.0,126.0,0.5545926,114.0,156.0,0.72990024,158.0,135.0,0.35909283,138.0,185.0,0.85015786,179.0,150.0,0.58688295,165.0,198.0,0.82621276,58.0,79.0,0.7332154,49.0,93.0,0.53924394,48.0,90.0,0.36283964,36.0,119.0,0.29561967,22.0,116.0,0.23680727,16.0,138.0,0.58216286,2,dog
dog/guy2_dog063_flipped.jpg,161.0,153.0,0.38992468,159.0,156.0,0.609818,158.0,153.0,0.35532445,163.0,159.0,0.60844195,161.0,152.0,0.41760397,176.0,151.0,0.24799916,167.0,120.0,0.56037533,157.0,186.0,0.39792553,141.0,130.0,0.28234577,120.0,149.0,0.4491455,121.0,147.0,0.6040773,241.0,100.0,0.6099175,244.0,92.0,0.64124,250.0,100.0,0.19734496,250.0,78.0,0.5689785,291.0,142.0,0.7915437,277.0,128.0,0.5864334,2,dog
dog/guy2_dog065.jpg,144.0,157.0,0.4416136,147.0,155.0,0.48552722,145.0,160.0,0.64021575,145.0,146.0,0.50015235,139.0,160.0,0.48280224,138.0,125.0,0.6405072,120.0,160.0,0.6545347,160.0,134.0,0.6218189,141.0,189.0,0.6894741,184.0,153.0,0.73627865,167.0,201.0,0.83011514,62.0,77.0,0.81427956,60.0,100.0,0.42565352,54.0,83.0,0.53876805,44.0,116.0,0.2651714,25.0,119.0,0.2914287,19.0,137.0,0.6117693,2,dog
dog/guy2_dog065_flipped.jpg,154.0,152.0,0.42047545,154.0,157.0,0.54143167,152.0,152.0,0.60730374,161.0,163.0,0.57994324,154.0,149.0,0.48385295,178.0,162.0,0.6878772,162.0,117.0,0.7129727,156.0,187.0,0.65958077,139.0,130.0,0.35840872,133.0,200.0,0.5793417,116.0,148.0,0.8047987,239.0,107.0,0.5231863,240.0,89.0,0.6711586,253.0,117.0,0.18107116,245.0,77.0,0.6155982,287.0,141.0,0.76297486,285.0,134.0,0.38795254,2,dog
dog/guy2_dog066.jpg,148.0,158.0,0.46838558,152.0,154.0,0.5100541,149.0,160.0,0.528655,149.0,146.0,0.5140885,141.0,159.0,0.5464604,139.0,125.0,0.64733446,122.0,159.0,0.57325006,161.0,134.0,0.64401096,144.0,189.0,0.78110015,186.0,154.0,0.67111135,169.0,202.0,0.74040806,65.0,75.0,0.73652184,57.0,93.0,0.46687502,54.0,87.0,0.3823934,42.0,114.0,0.24767931,26.0,121.0,0.37371072,18.0,135.0,0.75200236,2,dog
dog/guy2_dog066_flipped.jpg,152.0,152.0,0.44138306,151.0,158.0,0.48615,150.0,152.0,0.6551292,157.0,163.0,0.628945,152.0,150.0,0.565001,176.0,162.0,0.66699755,160.0,119.0,0.7350313,155.0,189.0,0.53546953,134.0,134.0,0.45277324,131.0,203.0,0.6768504,113.0,152.0,0.7279482,236.0,109.0,0.4409626,237.0,93.0,0.5700568,247.0,102.0,0.32476133,243.0,76.0,0.67748296,285.0,139.0,0.70920044,278.0,128.0,0.4444586,2,dog
dog/guy2_dog067.jpg,148.0,157.0,0.3602764,153.0,153.0,0.46305317,149.0,159.0,0.33799195,150.0,146.0,0.39091668,144.0,157.0,0.40200105,139.0,126.0,0.5758234,122.0,157.0,0.56580126,162.0,135.0,0.30193505,144.0,190.0,0.76975584,187.0,155.0,0.7428109,170.0,203.0,0.72588205,67.0,74.0,0.50922155,62.0,103.0,0.124411084,58.0,98.0,0.18350205,46.0,119.0,0.14974295,30.0,123.0,0.24341914,20.0,136.0,0.56846124,2,dog
dog/guy2_dog067_flipped.jpg,151.0,157.0,0.28017586,149.0,158.0,0.37010482,149.0,157.0,0.3318393,152.0,158.0,0.3333546,152.0,155.0,0.29123184,161.0,146.0,0.17655155,172.0,149.0,0.17779484,141.0,150.0,0.16282353,154.0,188.0,0.7305816,110.0,152.0,0.48733765,128.0,204.0,0.8259964,213.0,118.0,0.23421484,215.0,118.0,0.20483305,244.0,96.0,0.1508877,242.0,85.0,0.35417292,274.0,130.0,0.28537524,281.0,137.0,0.5959211,2,dog
dog/guy2_dog068.jpg,152.0,159.0,0.3923768,155.0,156.0,0.46459138,152.0,162.0,0.5641809,152.0,147.0,0.5449673,146.0,161.0,0.58022773,145.0,127.0,0.7632734,124.0,160.0,0.7587526,166.0,138.0,0.5080706,147.0,192.0,0.72024524,192.0,159.0,0.6672218,175.0,206.0,0.6168331,70.0,72.0,0.75634325,62.0,87.0,0.5710107,58.0,82.0,0.36561882,45.0,112.0,0.22581232,29.0,121.0,0.38252994,21.0,133.0,0.535295,2,dog
dog/guy2_dog068_flipped.jpg,145.0,156.0,0.45113033,146.0,160.0,0.4952306,144.0,156.0,0.598786,152.0,163.0,0.45821622,146.0,154.0,0.42304125,168.0,164.0,0.5189725,153.0,121.0,0.58783364,150.0,190.0,0.76335824,131.0,134.0,0.3524554,125.0,207.0,0.6176944,107.0,155.0,0.75558335,229.0,104.0,0.5324502,234.0,91.0,0.5490887,244.0,114.0,0.12117969,240.0,75.0,0.52020323,284.0,137.0,0.57479566,279.0,131.0,0.52449155,2,dog
dog/guy2_dog071_flipped.jpg,143.0,166.0,0.44018573,142.0,167.0,0.6199393,140.0,166.0,0.57928646,144.0,163.0,0.545092,141.0,158.0,0.48386833,151.0,146.0,0.23081411,166.0,156.0,0.29338714,116.0,145.0,0.22828873,132.0,171.0,0.1915167,96.0,164.0,0.52084804,115.0,215.0,0.76503325,213.0,84.0,0.6348013,222.0,88.0,0.49110386,239.0,103.0,0.21448086,242.0,84.0,0.37341604,275.0,135.0,0.33180583,275.0,134.0,0.44284275,2,dog
dog/guy2_dog072.jpg,166.0,164.0,0.37640992,171.0,161.0,0.404889,167.0,168.0,0.31102034,167.0,151.0,0.52826524,159.0,166.0,0.4249091,156.0,125.0,0.63925475,135.0,162.0,0.4741746,179.0,143.0,0.45075697,158.0,199.0,0.7051181,206.0,167.0,0.73356354,184.0,216.0,0.85559475,82.0,65.0,0.42456022,75.0,96.0,0.1475968,70.0,81.0,0.21741506,49.0,122.0,0.12247174,40.0,114.0,0.15132344,29.0,132.0,0.45553258,2,dog
dog/guy2_dog072_flipped.jpg,136.0,159.0,0.33624914,135.0,163.0,0.5637891,135.0,159.0,0.53956175,140.0,164.0,0.4893287,139.0,156.0,0.4644483,149.0,147.0,0.31560728,141.0,123.0,0.3281145,112.0,143.0,0.6011771,114.0,139.0,0.3558944,90.0,164.0,0.58922577,91.0,165.0,0.56783634,214.0,78.0,0.5557289,221.0,73.0,0.58908916,236.0,100.0,0.20568693,235.0,87.0,0.37352282,267.0,130.0,0.40753803,271.0,130.0,0.53688335,2,dog
dog/guy2_dog073.jpg,170.0,166.0,0.36907536,175.0,163.0,0.47726148,170.0,170.0,0.4697566,170.0,152.0,0.5124062,160.0,167.0,0.36605042,160.0,124.0,0.56902593,137.0,161.0,0.5056025,186.0,141.0,0.44395572,160.0,201.0,0.5422317,210.0,169.0,0.6730251,188.0,219.0,0.6599607,86.0,60.0,0.46911794,71.0,80.0,0.21636052,71.0,81.0,0.20677947,60.0,110.0,0.12319308,41.0,116.0,0.23078336,31.0,129.0,0.3839568,2,dog
dog/guy2_dog077.jpg,184.0,170.0,0.4245706,188.0,167.0,0.5469272,184.0,173.0,0.4472303,185.0,156.0,0.5550447,174.0,167.0,0.46855325,179.0,124.0,0.70640934,150.0,160.0,0.47686085,204.0,147.0,0.34838024,171.0,204.0,0.69432294,230.0,177.0,0.65022045,202.0,228.0,0.73583454,97.0,48.0,0.5167645,80.0,67.0,0.26163933,96.0,50.0,0.25660053,67.0,102.0,0.32087043,53.0,113.0,0.30940688,42.0,125.0,0.42314073,2,dog
dog/guy2_dog077_flipped.jpg,118.0,169.0,0.32387415,116.0,171.0,0.4369196,114.0,169.0,0.52936935,121.0,166.0,0.45931062,114.0,161.0,0.5250031,142.0,147.0,0.41743693,112.0,124.0,0.63176054,128.0,203.0,0.45256382,88.0,147.0,0.4247125,98.0,228.0,0.43023935,68.0,177.0,0.69257855,182.0,75.0,0.47535995,193.0,88.0,0.31581882,215.0,87.0,0.23657466,213.0,66.0,0.4411184,244.0,116.0,0.5375763,246.0,117.0,0.39494857,2,dog
dog/guy2_dog080.jpg,188.0,171.0,0.42767823,193.0,169.0,0.4017649,189.0,173.0,0.55424213,193.0,156.0,0.47426435,183.0,164.0,0.51259744,189.0,124.0,0.67340577,158.0,157.0,0.41542935,215.0,150.0,0.64739096,178.0,204.0,0.55934995,242.0,182.0,0.7434758,210.0,234.0,0.6886555,106.0,37.0,0.49723405,99.0,49.0,0.30396193,105.0,41.0,0.24949697,77.0,98.0,0.17147397,61.0,104.0,0.3729699,47.0,120.0,0.2637805,2,dog
dog/guy2_dog082_flipped.jpg,107.0,169.0,0.40109178,108.0,174.0,0.61880124,101.0,168.0,0.54956484,116.0,170.0,0.6443491,98.0,157.0,0.57398987,140.0,157.0,0.72554374,100.0,121.0,0.69330907,118.0,208.0,0.9117682,74.0,151.0,0.63366187,87.0,238.0,0.78921527,53.0,186.0,0.86572117,197.0,45.0,0.64701337,181.0,36.0,0.62867105,226.0,97.0,0.5477149,208.0,91.0,0.16735333,253.0,117.0,0.7307911,235.0,107.0,0.54924047,2,dog
dog/guy2_dog089.jpg,187.0,177.0,0.3895914,194.0,176.0,0.43753332,186.0,180.0,0.55374086,193.0,158.0,0.40588796,171.0,170.0,0.53551877,193.0,125.0,0.76211786,149.0,150.0,0.6287775,224.0,164.0,0.79652107,169.0,216.0,0.531335,251.0,207.0,0.7741131,202.0,256.0,0.7534535,114.0,20.0,0.6175318,91.0,34.0,0.5511913,101.0,86.0,0.16975838,67.0,91.0,0.4617998,63.0,103.0,0.35805568,47.0,116.0,0.47652546,2,dog
dog/guy2_dog089_flipped.jpg,111.0,176.0,0.39195868,113.0,181.0,0.5342649,104.0,176.0,0.46659017,124.0,174.0,0.6397077,99.0,163.0,0.60097635,149.0,152.0,0.4668752,100.0,124.0,0.80087847,130.0,214.0,0.8846325,71.0,164.0,0.75357395,96.0,256.0,0.696205,48.0,206.0,0.6636219,206.0,31.0,0.6315345,183.0,23.0,0.5640141,231.0,88.0,0.4309828,208.0,84.0,0.28795716,253.0,115.0,0.822,236.0,104.0,0.5949116,2,dog
dog/guy2_dog094.jpg,184.0,180.0,0.35569012,193.0,180.0,0.4480774,181.0,185.0,0.5383526,192.0,163.0,0.40401933,165.0,173.0,0.5487957,196.0,128.0,0.64570427,143.0,145.0,0.62248164,224.0,172.0,0.80278164,162.0,217.0,0.85173184,250.0,218.0,0.84371185,195.0,263.0,0.7946167,117.0,16.0,0.72302914,87.0,32.0,0.58615166,103.0,82.0,0.2052808,71.0,87.0,0.5470883,71.0,113.0,0.51960003,52.0,120.0,0.81142503,2,dog
dog/guy2_dog094_flipped.jpg,114.0,174.0,0.4081425,117.0,182.0,0.5604018,106.0,176.0,0.56085336,129.0,177.0,0.67274046,102.0,167.0,0.504171,154.0,153.0,0.5911344,101.0,128.0,0.75591695,137.0,218.0,0.9357404,72.0,172.0,0.67477775,104.0,263.0,0.7872852,48.0,217.0,0.8800604,207.0,29.0,0.639946,181.0,19.0,0.81971,222.0,81.0,0.5632762,207.0,85.0,0.36368543,247.0,117.0,0.66754377,229.0,113.0,0.9036096,2,dog
dog/guy2_dog095.jpg,183.0,181.0,0.34109643,192.0,183.0,0.3988159,179.0,186.0,0.36635917,191.0,164.0,0.4428241,164.0,172.0,0.38054153,195.0,128.0,0.7211869,143.0,145.0,0.59495485,224.0,174.0,0.56459546,162.0,218.0,0.8302022,250.0,219.0,0.750157,194.0,265.0,0.7644797,118.0,19.0,0.65128994,89.0,32.0,0.58738613,104.0,87.0,0.2144404,71.0,89.0,0.5445842,73.0,115.0,0.47101432,53.0,121.0,0.588715,2,dog
dog/guy2_dog095_flipped.jpg,115.0,175.0,0.37566918,118.0,183.0,0.61978066,106.0,178.0,0.5419485,130.0,177.0,0.5995128,102.0,167.0,0.54528356,154.0,152.0,0.57950693,101.0,130.0,0.7987879,139.0,217.0,0.8894214,71.0,175.0,0.78174734,106.0,265.0,0.7018453,48.0,220.0,0.86046696,206.0,31.0,0.6759098,177.0,20.0,0.77049035,222.0,81.0,0.49981207,204.0,87.0,0.35112494,244.0,118.0,0.52497154,226.0,114.0,0.9295199,2,dog
dog/guy2_dog097.jpg,183.0,185.0,0.32897073,192.0,185.0,0.48554432,181.0,189.0,0.53917044,192.0,167.0,0.5266273,165.0,175.0,0.51729286,196.0,133.0,0.66864693,143.0,147.0,0.76653254,224.0,178.0,0.80778134,158.0,219.0,0.7633013,250.0,224.0,0.67552376,191.0,268.0,0.71900815,122.0,20.0,0.7294142,91.0,34.0,0.7216258,110.0,93.0,0.3121236,75.0,98.0,0.6133739,74.0,116.0,0.38945848,60.0,122.0,0.8156079,2,dog
dog/guy2_dog097_flipped.jpg,116.0,178.0,0.2986674,120.0,187.0,0.3807731,107.0,180.0,0.6395532,132.0,181.0,0.60703874,103.0,170.0,0.5409858,153.0,153.0,0.5853107,102.0,132.0,0.66910946,141.0,220.0,0.9383955,71.0,177.0,0.803705,108.0,266.0,0.83470535,48.0,224.0,0.6650443,204.0,32.0,0.5652506,175.0,21.0,0.7705464,219.0,94.0,0.5010625,200.0,92.0,0.4208929,239.0,120.0,0.5925535,223.0,116.0,0.8261629,2,dog
dog/guy2_dog098.jpg,183.0,187.0,0.37760806,191.0,188.0,0.4501068,179.0,191.0,0.3968459,191.0,170.0,0.4716328,165.0,177.0,0.4239927,196.0,134.0,0.7136381,143.0,151.0,0.70358723,224.0,179.0,0.6427312,156.0,220.0,0.73787796,250.0,226.0,0.7926415,190.0,269.0,0.74808013,124.0,21.0,0.77482337,92.0,34.0,0.72056556,112.0,96.0,0.32642192,77.0,98.0,0.65743124,75.0,119.0,0.41364506,61.0,123.0,0.7789209,2,dog
dog/guy2_dog098_flipped.jpg,116.0,180.0,0.37075526,119.0,188.0,0.60597265,107.0,183.0,0.57579446,132.0,181.0,0.62611485,102.0,172.0,0.5482167,154.0,152.0,0.56522685,99.0,134.0,0.7460718,143.0,221.0,0.9253662,70.0,179.0,0.9034086,110.0,268.0,0.84299576,49.0,226.0,0.71630085,203.0,30.0,0.7435237,174.0,22.0,0.8416382,218.0,95.0,0.5573509,203.0,95.0,0.284557,238.0,120.0,0.65759784,223.0,118.0,0.79509497,2,dog
dog/guy2_dog102.jpg,189.0,185.0,0.34464538,197.0,188.0,0.41393074,186.0,192.0,0.5385181,197.0,170.0,0.41073364,170.0,179.0,0.56488585,201.0,132.0,0.6717198,145.0,149.0,0.71533984,225.0,184.0,0.78499436,151.0,219.0,0.70622337,246.0,233.0,0.6600808,181.0,272.0,0.69160676,126.0,21.0,0.76402056,96.0,34.0,0.73319376,117.0,99.0,0.3383306,81.0,100.0,0.5550358,79.0,124.0,0.3716011,63.0,126.0,0.64393795,2,dog
dog/guy2_dog102_flipped.jpg,111.0,185.0,0.39284846,116.0,192.0,0.4993596,101.0,188.0,0.5732653,128.0,181.0,0.55479354,93.0,173.0,0.5183195,154.0,151.0,0.51330745,95.0,135.0,0.5224798,148.0,220.0,0.9233325,69.0,186.0,0.912284,118.0,271.0,0.8435257,52.0,233.0,0.81128603,201.0,34.0,0.5745998,169.0,24.0,0.825917,214.0,100.0,0.4026325,193.0,98.0,0.5478622,235.0,125.0,0.7655302,222.0,117.0,0.5339255,2,dog
dog/guy2_dog103.jpg,191.0,185.0,0.36973342,199.0,186.0,0.41886768,187.0,191.0,0.44782814,201.0,167.0,0.4708532,170.0,179.0,0.5388646,202.0,132.0,0.6410899,144.0,146.0,0.6811405,225.0,183.0,0.7875712,148.0,217.0,0.6970492,245.0,232.0,0.62573,177.0,271.0,0.6393235,125.0,22.0,0.79798025,95.0,34.0,0.74125654,118.0,98.0,0.35880965,78.0,101.0,0.48147973,79.0,123.0,0.29702505,64.0,124.0,0.6301712,2,dog
dog/guy2_dog103_flipped.jpg,110.0,184.0,0.30517197,113.0,189.0,0.6563073,100.0,187.0,0.4425904,125.0,178.0,0.6035956,91.0,172.0,0.59153163,155.0,148.0,0.6015178,94.0,132.0,0.48137283,151.0,219.0,0.8269998,71.0,184.0,0.89363945,122.0,270.0,0.79370666,53.0,233.0,0.76771414,201.0,29.0,0.7866014,170.0,22.0,0.7884308,213.0,101.0,0.22699799,194.0,98.0,0.50491893,233.0,124.0,0.7368202,223.0,113.0,0.44004425,2,dog
dog/guy2_dog106.jpg,190.0,176.0,0.30705392,197.0,177.0,0.40734732,186.0,181.0,0.4083129,202.0,157.0,0.47031155,168.0,167.0,0.43700355,201.0,122.0,0.8588298,138.0,138.0,0.6842647,221.0,178.0,0.86403114,137.0,207.0,0.79958475,237.0,230.0,0.85974145,164.0,264.0,0.8237707,125.0,15.0,0.8298677,89.0,29.0,0.80133665,117.0,95.0,0.5024841,79.0,98.0,0.779861,78.0,121.0,0.3567119,62.0,117.0,0.6545285,2,dog
dog/guy2_dog106_flipped.jpg,108.0,175.0,0.35033125,111.0,179.0,0.51520175,97.0,179.0,0.56040007,121.0,169.0,0.50445867,90.0,163.0,0.5508959,159.0,129.0,0.70257694,96.0,124.0,0.35723853,162.0,208.0,0.9132491,75.0,177.0,0.82564735,137.0,262.0,0.8337697,62.0,229.0,0.74146056,210.0,22.0,0.7864966,172.0,13.0,0.8121324,216.0,95.0,0.5202551,195.0,91.0,0.5654105,233.0,115.0,0.6988969,224.0,103.0,0.2540045,2,dog
dog/guy2_dog113.jpg,167.0,133.0,0.21217428,176.0,133.0,0.3080072,163.0,136.0,0.38265574,183.0,114.0,0.4188756,147.0,119.0,0.49843878,184.0,80.0,0.61097944,106.0,91.0,0.6693039,193.0,140.0,0.86425424,98.0,164.0,0.80661464,202.0,201.0,0.73670554,113.0,225.0,0.73327744,115.0,5.0,0.36208397,70.0,11.0,0.31248465,101.0,72.0,0.12697715,65.0,75.0,0.423515,56.0,97.0,0.39133456,51.0,97.0,0.39329714,2,dog
dog/guy2_dog113_flipped.jpg,131.0,137.0,0.23596455,134.0,139.0,0.37948093,119.0,136.0,0.3986732,147.0,122.0,0.4866376,112.0,118.0,0.36971107,193.0,85.0,0.71267664,114.0,71.0,0.7630842,200.0,164.0,0.7339921,104.0,141.0,0.8083784,188.0,226.0,0.8628246,98.0,200.0,0.87648076,235.0,15.0,0.38676217,185.0,6.0,0.48101497,232.0,78.0,0.57889754,199.0,82.0,0.24813807,248.0,98.0,0.72207534,243.0,90.0,0.18652172,2,dog
dog/guy2_dog114.jpg,157.0,122.0,0.28705513,168.0,123.0,0.35896742,157.0,128.0,0.2751876,173.0,104.0,0.3975778,143.0,110.0,0.547608,178.0,66.0,0.6730862,103.0,86.0,0.63028085,188.0,133.0,0.7387693,93.0,158.0,0.80051523,196.0,195.0,0.8183277,104.0,219.0,0.78805065,102.0,5.0,0.38344985,68.0,10.0,0.23753522,77.0,71.0,0.20107628,61.0,76.0,0.4739091,52.0,96.0,0.27333483,50.0,95.0,0.43275225,2,dog
dog/guy2_dog114_flipped.jpg,139.0,127.0,0.23746568,141.0,130.0,0.4133981,125.0,126.0,0.47564465,154.0,113.0,0.3984476,114.0,109.0,0.5049633,199.0,82.0,0.66148615,116.0,68.0,0.63842344,207.0,159.0,0.7304457,111.0,135.0,0.8432647,196.0,219.0,0.80868006,104.0,194.0,0.88522077,238.0,19.0,0.3890806,189.0,6.0,0.51019585,235.0,76.0,0.62663805,206.0,78.0,0.16279812,252.0,95.0,0.67669225,244.0,93.0,0.14437906,2,dog
mountain/1.jpg,188.0,54.0,0.7136655,195.0,47.0,0.69926155,182.0,47.0,0.79058725,204.0,51.0,0.8769939,172.0,52.0,0.8632851,225.0,100.0,0.8546847,155.0,99.0,0.8678888,229.0,158.0,0.89116347,146.0,154.0,0.7702017,247.0,204.0,0.8728181,128.0,199.0,0.895104,206.0,193.0,0.80094755,165.0,192.0,0.7851095,199.0,276.0,0.9500912,173.0,274.0,0.90277314,194.0,344.0,0.71250033,179.0,346.0,0.8620636,3,mountain
mountain/100.jpg,291.0,72.0,0.8099505,300.0,65.0,0.8811078,280.0,64.0,0.8641199,312.0,77.0,0.7081598,267.0,76.0,0.74202335,343.0,134.0,0.9149122,240.0,141.0,0.78561026,348.0,219.0,0.8375951,238.0,225.0,0.86649024,365.0,292.0,0.904272,227.0,297.0,0.8972513,327.0,285.0,0.81954575,264.0,288.0,0.8137187,319.0,415.0,0.78804857,274.0,416.0,0.9013044,317.0,530.0,0.9240881,276.0,533.0,0.86500627,3,mountain
mountain/101.jpg,308.0,72.0,0.5860415,319.0,63.0,0.826775,298.0,64.0,0.70670414,333.0,75.0,0.7066202,285.0,77.0,0.793519,360.0,140.0,0.8982713,255.0,138.0,0.9026225,362.0,225.0,0.83887047,251.0,218.0,0.7510683,372.0,298.0,0.83544004,236.0,292.0,0.89159864,334.0,290.0,0.86069924,273.0,289.0,0.81517756,327.0,419.0,0.9347378,281.0,415.0,0.8998467,324.0,531.0,0.8141972,282.0,532.0,0.87702394,3,mountain
mountain/102.jpg,125.0,45.0,0.5411595,129.0,41.0,0.8618599,120.0,41.0,0.77031076,134.0,44.0,0.8641368,115.0,44.0,0.84722954,144.0,67.0,0.80152655,103.0,68.0,0.8615602,148.0,101.0,0.7318351,100.0,100.0,0.92045766,156.0,131.0,0.90300226,92.0,129.0,0.8899938,136.0,126.0,0.8403374,112.0,126.0,0.84428275,132.0,176.0,0.89410317,117.0,178.0,0.7049668,131.0,221.0,0.86473244,119.0,220.0,0.7533875,3,mountain
mountain/103.jpg,158.0,23.0,0.6472783,164.0,18.0,0.7823241,152.0,19.0,0.7282337,172.0,25.0,0.8183874,145.0,25.0,0.8616487,190.0,60.0,0.8846399,127.0,61.0,0.94813067,198.0,108.0,0.8298533,117.0,107.0,0.8485841,206.0,148.0,0.8355501,110.0,148.0,0.93193746,177.0,146.0,0.85956013,142.0,147.0,0.8703085,170.0,219.0,0.84643817,147.0,220.0,0.8836138,163.0,283.0,0.7568236,149.0,283.0,0.7510004,3,mountain
mountain/104.jpg,153.0,23.0,0.6667173,159.0,19.0,0.7886923,147.0,19.0,0.50634784,167.0,25.0,0.8586372,140.0,26.0,0.863273,183.0,60.0,0.9462509,122.0,61.0,0.9214237,194.0,107.0,0.8054121,113.0,108.0,0.9020818,201.0,148.0,0.8793902,106.0,147.0,0.7325864,169.0,145.0,0.80053836,135.0,146.0,0.81811166,166.0,219.0,0.87749285,143.0,217.0,0.84486854,160.0,282.0,0.83711225,146.0,283.0,0.81980276,3,mountain
mountain/104290021_722268588345422_2116599112718327851_n.jpg,582.0,483.0,0.743456,587.0,478.0,0.7770362,576.0,478.0,0.8298457,593.0,482.0,0.9102729,568.0,482.0,0.77152455,605.0,513.0,0.84254086,554.0,516.0,0.94459015,618.0,558.0,0.86004686,542.0,561.0,0.86736447,633.0,595.0,0.90676457,527.0,596.0,0.9377284,598.0,595.0,0.897534,566.0,596.0,0.83666897,595.0,657.0,0.84259075,571.0,658.0,0.8127574,593.0,714.0,0.8718165,575.0,714.0,0.9421772,3,mountain
mountain/105.jpg,467.0,91.0,0.8004228,484.0,77.0,0.9044026,451.0,75.0,0.82189125,507.0,93.0,0.8219136,430.0,92.0,0.90948695,552.0,208.0,0.94557655,375.0,203.0,0.8925768,566.0,350.0,0.90483534,350.0,341.0,0.81336755,612.0,464.0,0.92875737,305.0,453.0,0.91624975,499.0,458.0,0.8865721,405.0,457.0,0.8707924,489.0,648.0,0.86818165,410.0,651.0,0.9324556,477.0,831.0,0.8068843,419.0,837.0,0.8950362,3,mountain
mountain/106.jpg,503.0,115.0,0.78294635,513.0,101.0,0.7102268,481.0,100.0,0.69688165,521.0,108.0,0.7081175,447.0,113.0,0.801427,578.0,237.0,0.8940853,389.0,236.0,0.811694,608.0,391.0,0.7661387,361.0,391.0,0.8256719,661.0,515.0,0.775445,334.0,515.0,0.89247817,546.0,495.0,0.7925104,446.0,494.0,0.807684,539.0,734.0,0.8489505,441.0,730.0,0.81936204,533.0,942.0,0.87660205,436.0,950.0,0.7382159,3,mountain
mountain/107.jpg,458.0,95.0,0.8272997,473.0,79.0,0.85745704,440.0,81.0,0.89792645,494.0,93.0,0.8926132,417.0,98.0,0.47887242,549.0,206.0,0.8871093,373.0,210.0,0.9250383,575.0,349.0,0.8834081,356.0,350.0,0.93416876,622.0,458.0,0.83415395,310.0,466.0,0.7118292,515.0,456.0,0.87560403,420.0,460.0,0.8535137,514.0,653.0,0.7190185,435.0,654.0,0.9375706,506.0,834.0,0.77224916,449.0,837.0,0.89163053,3,mountain
mountain/108.jpg,210.0,38.0,0.7184512,218.0,33.0,0.6111448,205.0,32.0,0.5745579,229.0,43.0,0.86029106,198.0,42.0,0.71204627,245.0,84.0,0.8662461,175.0,81.0,0.8811646,273.0,129.0,0.9210244,147.0,127.0,0.83420914,224.0,118.0,0.72526544,200.0,121.0,0.67364043,230.0,194.0,0.91326493,189.0,194.0,0.8526057,221.0,288.0,0.9414991,196.0,288.0,0.92537534,215.0,379.0,0.7585075,197.0,380.0,0.7334504,3,mountain
mountain/109.jpg,211.0,37.0,0.72444457,216.0,31.0,0.76512873,202.0,33.0,0.69030833,223.0,40.0,0.74847543,193.0,45.0,0.8146275,246.0,82.0,0.8142913,177.0,84.0,0.8042288,273.0,127.0,0.8881669,148.0,130.0,0.8624837,221.0,120.0,0.73972684,200.0,121.0,0.60763556,230.0,193.0,0.89868647,190.0,196.0,0.8689008,226.0,287.0,0.9156199,202.0,288.0,0.934963,223.0,380.0,0.6455688,207.0,377.0,0.64063144,3,mountain
mountain/110.jpg,386.0,68.0,0.7760235,399.0,53.0,0.7243867,368.0,55.0,0.906523,417.0,62.0,0.8289147,347.0,69.0,0.8904813,460.0,155.0,0.8075818,302.0,152.0,0.9031738,475.0,277.0,0.8953119,283.0,274.0,0.8923657,509.0,380.0,0.88873035,270.0,376.0,0.8533566,434.0,365.0,0.8702396,334.0,369.0,0.7985699,418.0,554.0,0.72691417,353.0,555.0,0.8919327,407.0,721.0,0.75656587,363.0,725.0,0.901903,3,mountain
mountain/111.jpg,389.0,69.0,0.6956144,406.0,53.0,0.93316257,374.0,54.0,0.8417038,428.0,66.0,0.8848183,358.0,66.0,0.883343,473.0,153.0,0.7531215,314.0,154.0,0.7345654,488.0,277.0,0.88152534,297.0,277.0,0.91465145,505.0,379.0,0.85367167,266.0,379.0,0.8198867,440.0,365.0,0.88498366,339.0,366.0,0.8615428,423.0,554.0,0.8633874,359.0,553.0,0.8147487,410.0,723.0,0.78585327,365.0,721.0,0.86303645,3,mountain
mountain/116.jpg,234.0,30.0,0.6954335,241.0,26.0,0.81398094,226.0,25.0,0.59937274,248.0,34.0,0.73362523,216.0,33.0,0.8178719,263.0,76.0,0.8982559,194.0,74.0,0.7814302,272.0,132.0,0.556736,178.0,127.0,0.71423393,278.0,188.0,0.80072165,167.0,179.0,0.83992565,244.0,180.0,0.8333028,200.0,180.0,0.83717525,240.0,269.0,0.77065974,195.0,271.0,0.6947501,228.0,353.0,0.5034467,206.0,356.0,0.8336465,3,mountain
mountain/117.jpg,526.0,114.0,0.8315319,545.0,98.0,0.7723156,514.0,98.0,0.77703214,581.0,115.0,0.9139113,509.0,108.0,0.8027005,640.0,232.0,0.91740257,444.0,240.0,0.85723203,662.0,391.0,0.79440224,413.0,391.0,0.8732765,695.0,515.0,0.9324438,363.0,511.0,0.93278766,582.0,494.0,0.9037575,476.0,495.0,0.88762754,587.0,734.0,0.8321779,487.0,741.0,0.9408618,593.0,948.0,0.8438828,494.0,938.0,0.81117225,3,mountain
mountain/118.jpg,154.0,30.0,0.6218464,161.0,25.0,0.7228801,147.0,26.0,0.7234608,173.0,32.0,0.83394676,141.0,35.0,0.6914798,195.0,73.0,0.7392466,124.0,75.0,0.9394282,211.0,124.0,0.5461317,115.0,134.0,0.62064934,221.0,181.0,0.87000895,110.0,187.0,0.7842777,186.0,182.0,0.89371073,140.0,183.0,0.8007194,190.0,271.0,0.69116855,144.0,271.0,0.64707077,178.0,354.0,0.6583211,158.0,353.0,0.7227239,3,mountain
mountain/119.jpg,552.0,90.0,0.75769013,570.0,75.0,0.7939223,533.0,74.0,0.72386485,593.0,100.0,0.7282804,507.0,99.0,0.8581424,647.0,211.0,0.83767045,450.0,209.0,0.84882843,665.0,364.0,0.8677752,430.0,360.0,0.89724684,675.0,489.0,0.8218154,410.0,484.0,0.8359936,597.0,492.0,0.6834949,489.0,492.0,0.7711008,593.0,712.0,0.8584709,487.0,712.0,0.7820277,600.0,927.0,0.81827724,483.0,922.0,0.81610066,3,mountain
mountain/120.jpg,444.0,87.0,0.7818026,462.0,71.0,0.81323653,425.0,75.0,0.7316719,490.0,96.0,0.8554523,403.0,103.0,0.7674545,546.0,213.0,0.82595634,347.0,213.0,0.95405525,562.0,365.0,0.9253572,329.0,363.0,0.86792916,585.0,487.0,0.8543347,320.0,490.0,0.81978774,506.0,491.0,0.797355,391.0,494.0,0.77840555,507.0,712.0,0.65315735,402.0,709.0,0.797332,513.0,928.0,0.7624365,397.0,926.0,0.80190355,3,mountain
mountain/123.jpg,249.0,61.0,0.81254387,258.0,52.0,0.77855587,238.0,51.0,0.5794572,269.0,61.0,0.76569057,225.0,62.0,0.82471865,296.0,114.0,0.8875155,199.0,115.0,0.8543551,301.0,191.0,0.7436022,190.0,192.0,0.93044895,321.0,254.0,0.933219,165.0,258.0,0.91381717,275.0,238.0,0.8623471,217.0,237.0,0.8629985,264.0,357.0,0.93609416,223.0,355.0,0.8887964,252.0,456.0,0.830568,229.0,457.0,0.91371113,3,mountain
mountain/124.jpg,328.0,140.0,0.80924964,337.0,130.0,0.7766224,317.0,131.0,0.8984608,350.0,141.0,0.74013263,306.0,139.0,0.7987924,376.0,194.0,0.93454164,281.0,194.0,0.93196154,384.0,275.0,0.7399924,273.0,270.0,0.8832123,411.0,338.0,0.88569313,254.0,334.0,0.9388151,359.0,317.0,0.8473668,300.0,318.0,0.8378509,354.0,434.0,0.9173654,313.0,435.0,0.8448712,348.0,536.0,0.8933608,323.0,534.0,0.8523254,3,mountain
mountain/125.jpg,325.0,135.0,0.8062986,335.0,126.0,0.86417866,315.0,126.0,0.8007568,345.0,134.0,0.80040216,302.0,136.0,0.7941728,373.0,189.0,0.8939775,275.0,188.0,0.95187604,378.0,266.0,0.8413749,266.0,265.0,0.78481716,398.0,328.0,0.954921,241.0,332.0,0.9073104,351.0,312.0,0.8698609,293.0,312.0,0.8581345,340.0,429.0,0.92797804,298.0,430.0,0.90949327,329.0,528.0,0.72339123,305.0,532.0,0.8748909,3,mountain
mountain/126.jpg,274.0,43.0,0.63443124,282.0,35.0,0.87542915,267.0,35.0,0.922924,290.0,39.0,0.7941107,258.0,39.0,0.7172005,308.0,78.0,0.923732,239.0,81.0,0.90577716,313.0,134.0,0.73514044,236.0,133.0,0.77599597,334.0,183.0,0.94397444,220.0,180.0,0.94101673,293.0,175.0,0.8533907,255.0,175.0,0.8062016,290.0,265.0,0.76211965,265.0,264.0,0.89998555,286.0,341.0,0.83229446,269.0,341.0,0.7667947,3,mountain
mountain/127.jpg,97.0,42.0,0.7901649,104.0,35.0,0.8743414,90.0,34.0,0.92184424,113.0,39.0,0.7834639,82.0,38.0,0.70266604,132.0,79.0,0.9269198,63.0,79.0,0.8945851,135.0,136.0,0.87691826,58.0,133.0,0.8393973,151.0,182.0,0.9207337,38.0,183.0,0.9110241,118.0,173.0,0.86928207,79.0,173.0,0.8331983,107.0,263.0,0.79013336,83.0,263.0,0.94512016,102.0,341.0,0.796066,87.0,342.0,0.8834683,3,mountain
mountain/128.jpg,108.0,21.0,0.71758235,112.0,17.0,0.6748456,104.0,17.0,0.8117356,119.0,19.0,0.54013896,99.0,19.0,0.56113183,131.0,44.0,0.87076795,89.0,45.0,0.8821542,137.0,80.0,0.8908587,84.0,81.0,0.8522074,152.0,109.0,0.8489233,72.0,111.0,0.680225,124.0,102.0,0.86255956,98.0,102.0,0.747868,124.0,152.0,0.83683205,99.0,153.0,0.7658899,124.0,204.0,0.76671773,95.0,204.0,0.7729149,3,mountain
mountain/129.jpg,174.0,61.0,0.6834923,180.0,55.0,0.7239108,167.0,54.0,0.8604961,188.0,59.0,0.8586774,158.0,58.0,0.7039305,206.0,96.0,0.91054726,142.0,96.0,0.9173145,220.0,147.0,0.91446435,126.0,147.0,0.8054065,182.0,137.0,0.7549623,161.0,138.0,0.6273287,193.0,186.0,0.86115503,155.0,187.0,0.87912786,191.0,261.0,0.7835325,159.0,265.0,0.8474842,186.0,321.0,0.86054593,163.0,322.0,0.8657165,3,mountain
mountain/129738806_699345194289206_5499143289029573186_n.jpg,522.0,108.0,0.52986455,543.0,83.0,0.70121795,495.0,87.0,0.49216083,572.0,97.0,0.6564287,465.0,108.0,0.70982623,634.0,257.0,0.88270104,406.0,257.0,0.7195711,686.0,426.0,0.72664475,356.0,408.0,0.60606134,749.0,572.0,0.71143204,280.0,551.0,0.7220658,589.0,574.0,0.81604385,449.0,572.0,0.68130004,578.0,801.0,0.81365,453.0,794.0,0.6562932,564.0,996.0,0.6985486,461.0,985.0,0.7183727,3,mountain
mountain/129757469_680196582685508_3128722365785942540_n.jpg,528.0,285.0,0.67417955,540.0,279.0,0.4994581,515.0,281.0,0.7451277,559.0,297.0,0.6295178,500.0,300.0,0.5413198,586.0,367.0,0.77524704,471.0,372.0,0.6713259,617.0,464.0,0.76582897,441.0,463.0,0.6716064,640.0,545.0,0.5055593,416.0,535.0,0.44681624,562.0,545.0,0.7771512,480.0,547.0,0.7883915,552.0,701.0,0.63473964,499.0,700.0,0.69139624,541.0,827.0,0.49643856,496.0,820.0,0.69569826,3,mountain
mountain/129761309_826279901502244_5499824283690640425_n.jpg,463.0,183.0,0.81823146,494.0,153.0,0.723926,449.0,153.0,0.7014241,558.0,163.0,0.8932753,455.0,162.0,0.78530526,628.0,320.0,0.8920769,402.0,324.0,0.92975134,663.0,547.0,0.758608,370.0,530.0,0.91421884,732.0,723.0,0.88461244,309.0,683.0,0.8839712,555.0,657.0,0.8767111,422.0,655.0,0.8593458,564.0,969.0,0.8544719,433.0,950.0,0.9037799,576.0,1196.0,0.86933136,456.0,1154.0,0.9465648,3,mountain
mountain/129767563_522148545408459_4024431220222439712_n.jpg,501.0,210.0,0.44039991,520.0,208.0,0.453431,489.0,210.0,0.36182767,547.0,231.0,0.63565445,464.0,233.0,0.629902,593.0,272.0,0.81633043,422.0,262.0,0.69243586,633.0,165.0,0.57365024,414.0,149.0,0.7586879,555.0,91.0,0.540372,506.0,84.0,0.6092,570.0,546.0,0.73798317,437.0,551.0,0.67487144,535.0,815.0,0.5025208,456.0,806.0,0.6356861,511.0,1034.0,0.6388853,489.0,1036.0,0.47969058,3,mountain
mountain/129773897_429277354745044_7858076343154184573_n.jpg,615.0,171.0,0.84107184,640.0,147.0,0.6121101,593.0,149.0,0.8824878,683.0,171.0,0.82480085,578.0,165.0,0.7449111,745.0,304.0,0.88693273,524.0,310.0,0.93398255,751.0,508.0,0.8039567,509.0,508.0,0.9109561,793.0,682.0,0.7928164,445.0,662.0,0.88212276,692.0,642.0,0.8493067,548.0,641.0,0.82025796,672.0,948.0,0.85751045,576.0,947.0,0.86858267,646.0,1225.0,0.8027884,586.0,1221.0,0.8459748,3,mountain
mountain/129776731_202016134827024_8813458737919816597_n.jpg,508.0,182.0,0.5945562,532.0,163.0,0.76330054,495.0,161.0,0.8057815,574.0,180.0,0.67856467,484.0,175.0,0.56870127,609.0,315.0,0.67279285,432.0,287.0,0.7975763,638.0,475.0,0.7201323,377.0,423.0,0.627766,691.0,608.0,0.7733966,288.0,521.0,0.59607613,530.0,577.0,0.7873069,411.0,556.0,0.65790355,487.0,805.0,0.6905801,398.0,778.0,0.68277895,438.0,982.0,0.47440878,408.0,987.0,0.4825516,3,mountain
mountain/130.jpg,180.0,60.0,0.74372506,186.0,54.0,0.90099514,173.0,54.0,0.6103558,195.0,59.0,0.8116162,166.0,59.0,0.87093306,211.0,95.0,0.88416314,148.0,95.0,0.89956754,225.0,148.0,0.90259296,133.0,148.0,0.9002646,190.0,136.0,0.7167458,170.0,137.0,0.7005751,197.0,187.0,0.7779131,160.0,187.0,0.8790621,195.0,264.0,0.8280061,163.0,262.0,0.7600137,188.0,321.0,0.8473289,167.0,321.0,0.7942392,3,mountain
mountain/130163476_3439777759469110_8512901100855473256_n.jpg,527.0,378.0,0.67227674,542.0,379.0,0.7227751,511.0,375.0,0.6731391,562.0,419.0,0.6081816,496.0,417.0,0.68033576,603.0,466.0,0.8802633,463.0,470.0,0.81029284,630.0,345.0,0.79963756,440.0,340.0,0.9117093,636.0,242.0,0.5310534,435.0,250.0,0.63038963,587.0,721.0,0.7706373,492.0,727.0,0.76481414,576.0,951.0,0.46475717,521.0,956.0,0.5250791,527.0,1162.0,0.7178107,591.0,1173.0,0.7737845,3,mountain
mountain/130166542_142781940948840_6626186101493660607_n.jpg,465.0,164.0,0.6739547,448.0,140.0,0.6533983,484.0,139.0,0.70276046,424.0,157.0,0.7292458,504.0,162.0,0.5499297,364.0,261.0,0.917376,548.0,259.0,0.81180406,342.0,416.0,0.77975583,576.0,414.0,0.7026595,325.0,555.0,0.6538418,610.0,539.0,0.61542034,403.0,513.0,0.78935724,518.0,515.0,0.80501485,395.0,770.0,0.6141368,509.0,769.0,0.9394433,399.0,975.0,0.29775438,514.0,978.0,0.64653623,3,mountain
mountain/130253570_112744084007636_5509266283657154029_n.jpg,606.0,99.0,0.65038157,630.0,79.0,0.5255203,582.0,80.0,0.8141881,668.0,107.0,0.80801386,564.0,111.0,0.888807,729.0,243.0,0.8280817,508.0,253.0,0.902236,746.0,440.0,0.7488844,486.0,450.0,0.9061835,799.0,608.0,0.7915528,427.0,621.0,0.8736893,683.0,597.0,0.8528236,547.0,602.0,0.85436475,673.0,876.0,0.9212753,579.0,880.0,0.94463843,674.0,1131.0,0.7816144,579.0,1130.0,0.8309308,3,mountain
mountain/130305117_1636158973212517_8261517954919334305_n.jpg,533.0,360.0,0.5599094,549.0,353.0,0.54130214,550.0,355.0,0.5974091,580.0,378.0,0.7028359,581.0,383.0,0.5983168,548.0,432.0,0.8078384,561.0,436.0,0.63820434,490.0,290.0,0.5059118,508.0,295.0,0.4799015,499.0,228.0,0.3435294,512.0,274.0,0.30396205,549.0,712.0,0.65355927,554.0,707.0,0.57987535,566.0,947.0,0.8067417,567.0,944.0,0.7681561,573.0,1146.0,0.72497946,570.0,1122.0,0.63712615,3,mountain
mountain/130308252_759040351487755_7079973737836274190_n.jpg,532.0,130.0,0.70235264,566.0,101.0,0.6692146,508.0,101.0,0.79827374,619.0,127.0,0.64900327,483.0,124.0,0.40239635,684.0,291.0,0.67328036,437.0,292.0,0.71906734,701.0,517.0,0.81797206,392.0,518.0,0.776575,750.0,720.0,0.83149827,321.0,705.0,0.86976784,612.0,667.0,0.8915305,443.0,663.0,0.85282516,605.0,1001.0,0.80290455,481.0,1001.0,0.7742143,608.0,1315.0,0.80047786,509.0,1301.0,0.9258263,3,mountain
mountain/130347081_210186097283030_4932360106762796230_n.jpg,522.0,116.0,0.6484195,551.0,98.0,0.7437,506.0,94.0,0.8141762,598.0,121.0,0.6098658,494.0,112.0,0.62278354,660.0,274.0,0.689284,432.0,269.0,0.6414318,696.0,477.0,0.7570572,404.0,447.0,0.6195216,740.0,655.0,0.7148385,347.0,626.0,0.42045543,600.0,646.0,0.7616225,451.0,646.0,0.681121,614.0,939.0,0.83564985,490.0,926.0,0.71563,621.0,1182.0,0.7157072,511.0,1177.0,0.83914614,3,mountain
mountain/130361188_160634792428396_7866995736931777499_n.jpg,541.0,336.0,0.7122271,562.0,317.0,0.80372673,521.0,318.0,0.7236079,593.0,326.0,0.77723444,499.0,333.0,0.76593196,637.0,444.0,0.8598605,446.0,441.0,0.8003685,678.0,611.0,0.8199686,405.0,597.0,0.74447095,724.0,732.0,0.9041444,340.0,728.0,0.85603434,598.0,705.0,0.7575593,474.0,708.0,0.83234,590.0,945.0,0.77475846,495.0,943.0,0.71352303,572.0,1131.0,0.6967393,510.0,1110.0,0.4903292,3,mountain
mountain/130365322_926182824580891_1693600186137808747_n.jpg,525.0,143.0,0.6925662,546.0,124.0,0.75892645,501.0,127.0,0.84822834,579.0,155.0,0.5057224,471.0,155.0,0.5748799,638.0,302.0,0.847655,415.0,304.0,0.76888025,677.0,503.0,0.8845594,374.0,504.0,0.8896843,752.0,650.0,0.8100607,285.0,643.0,0.7940948,602.0,617.0,0.8412029,454.0,616.0,0.7957811,601.0,917.0,0.93689394,452.0,929.0,0.9569372,613.0,1191.0,0.5825006,436.0,1178.0,0.7869623,3,mountain
mountain/130453545_1263233627383410_1384040222702708913_n.jpg,541.0,152.0,0.71969795,564.0,130.0,0.79300076,517.0,129.0,0.6896397,598.0,148.0,0.60421556,488.0,150.0,0.8348995,664.0,288.0,0.85224193,417.0,298.0,0.92725706,720.0,494.0,0.89872384,373.0,506.0,0.9116187,805.0,660.0,0.9321102,289.0,662.0,0.9057479,627.0,649.0,0.87190086,471.0,650.0,0.83314383,619.0,954.0,0.8758479,493.0,945.0,0.7923533,624.0,1204.0,0.8561726,496.0,1209.0,0.89813304,3,mountain
mountain/130528909_2971336776430070_3237631205026053234_n.jpg,414.0,152.0,0.64656925,397.0,137.0,0.5849246,397.0,138.0,0.5963547,350.0,153.0,0.7146194,346.0,156.0,0.7683938,357.0,249.0,0.8064619,337.0,247.0,0.8364268,347.0,419.0,0.33565593,307.0,426.0,0.90635115,397.0,549.0,0.47552073,356.0,565.0,0.8491164,369.0,509.0,0.76246107,347.0,515.0,0.72548544,352.0,761.0,0.68013895,331.0,770.0,0.7731663,357.0,944.0,0.6730018,318.0,974.0,0.7011068,3,mountain
mountain/130553818_166005625269070_8382227786806539987_n.jpg,517.0,277.0,0.84542686,532.0,263.0,0.81279916,502.0,265.0,0.83841056,554.0,272.0,0.67606926,491.0,275.0,0.76655746,600.0,360.0,0.92937493,449.0,356.0,0.82393223,608.0,483.0,0.9131286,440.0,478.0,0.9086447,629.0,585.0,0.7693565,416.0,574.0,0.89148897,567.0,564.0,0.82272714,476.0,566.0,0.8370287,562.0,751.0,0.9353545,487.0,750.0,0.91528594,571.0,930.0,0.7887818,488.0,924.0,0.8998462,3,mountain
mountain/130775692_178560497312927_8503871815920684706_n.jpg,481.0,206.0,0.5649574,479.0,197.0,0.3330534,475.0,197.0,0.71093273,462.0,200.0,0.24023408,456.0,202.0,0.49249443,461.0,252.0,0.41216356,434.0,249.0,0.35585937,464.0,334.0,0.2409244,434.0,338.0,0.39614522,470.0,409.0,0.25607738,442.0,415.0,0.43708563,460.0,407.0,0.5198271,442.0,408.0,0.5745388,457.0,530.0,0.5056347,443.0,532.0,0.6515891,453.0,618.0,0.51745844,441.0,643.0,0.64292943,3,mountain
mountain/130995088_1050074712175888_971144241313997113_n.jpg,513.0,192.0,0.4741213,506.0,182.0,0.63810086,528.0,180.0,0.59644985,505.0,192.0,0.80537826,547.0,193.0,0.79073805,474.0,259.0,0.8168368,587.0,256.0,0.85132474,448.0,345.0,0.7159908,617.0,343.0,0.89947665,424.0,424.0,0.72855675,652.0,418.0,0.87397265,504.0,417.0,0.8497113,567.0,417.0,0.86671406,502.0,558.0,0.6850557,569.0,557.0,0.9282614,497.0,668.0,0.638481,574.0,666.0,0.6468464,3,mountain
mountain/131.jpg,320.0,190.0,0.5869776,330.0,181.0,0.9083305,311.0,181.0,0.67524356,342.0,187.0,0.75978917,300.0,190.0,0.6427083,370.0,245.0,0.90812176,275.0,244.0,0.91887665,377.0,320.0,0.89398646,273.0,320.0,0.88046527,392.0,378.0,0.8785946,268.0,378.0,0.806195,354.0,370.0,0.81621826,298.0,371.0,0.8062145,356.0,481.0,0.8066636,304.0,481.0,0.820591,358.0,569.0,0.9321205,305.0,567.0,0.91809624,3,mountain
mountain/131004967_195405675592842_6362658157194126436_n.jpg,428.0,401.0,0.48873413,425.0,390.0,0.52537847,416.0,391.0,0.8224482,392.0,400.0,0.6391157,378.0,402.0,0.67170864,381.0,469.0,0.5784198,360.0,465.0,0.8487699,376.0,585.0,0.46738052,346.0,572.0,0.76987755,370.0,664.0,0.2632021,336.0,663.0,0.74447477,377.0,651.0,0.7974665,351.0,644.0,0.7826296,358.0,838.0,0.8404256,332.0,840.0,0.8645054,336.0,1001.0,0.6371914,312.0,1013.0,0.6486704,3,mountain
mountain/131029303_407449157354161_7146846407880350607_n.jpg,538.0,160.0,0.74492145,554.0,147.0,0.7237102,518.0,149.0,0.87470686,582.0,174.0,0.83247554,495.0,176.0,0.71128035,632.0,283.0,0.86473817,450.0,287.0,0.8689765,650.0,431.0,0.7809948,426.0,435.0,0.8924173,681.0,552.0,0.8809035,390.0,566.0,0.768101,590.0,531.0,0.77770555,485.0,528.0,0.76705784,595.0,777.0,0.7672088,485.0,782.0,0.67176455,615.0,985.0,0.5495105,467.0,983.0,0.6669241,3,mountain
mountain/131055539_115581543731109_9176965806870986569_n.jpg,518.0,272.0,0.76233685,532.0,261.0,0.6597364,504.0,261.0,0.61796844,551.0,280.0,0.69372535,486.0,281.0,0.7975322,585.0,366.0,0.7882768,449.0,360.0,0.86161774,595.0,487.0,0.77045923,419.0,480.0,0.7651747,626.0,574.0,0.8461217,375.0,565.0,0.8595626,543.0,584.0,0.8578917,458.0,582.0,0.7686239,540.0,750.0,0.8393668,456.0,748.0,0.85167843,541.0,886.0,0.70948946,458.0,888.0,0.7006,3,mountain
mountain/131342466_204969664437910_2784748763593569615_n.jpg,582.0,385.0,0.63529253,572.0,376.0,0.7413657,573.0,376.0,0.66777706,552.0,387.0,0.5385783,553.0,389.0,0.48947585,555.0,450.0,0.6675168,534.0,463.0,0.81492376,561.0,551.0,0.39740184,549.0,562.0,0.6360053,553.0,648.0,0.3313522,549.0,653.0,0.5657805,562.0,598.0,0.6392387,555.0,604.0,0.7047687,554.0,741.0,0.5461414,546.0,748.0,0.6875063,543.0,862.0,0.52036816,537.0,878.0,0.7597994,3,mountain
mountain/131349226_2901088230126900_5806965548383973633_n.jpg,679.0,484.0,0.57093465,674.0,475.0,0.5332991,687.0,476.0,0.7009565,666.0,483.0,0.5983719,694.0,484.0,0.8190397,649.0,523.0,0.7188596,706.0,526.0,0.7286208,636.0,577.0,0.5803409,717.0,581.0,0.710831,633.0,624.0,0.7068668,725.0,624.0,0.6032456,658.0,625.0,0.5475708,699.0,624.0,0.60156715,663.0,693.0,0.6006396,696.0,692.0,0.76730585,669.0,760.0,0.5572356,697.0,762.0,0.49169528,3,mountain
mountain/131410866_212072353783900_6456418383769126709_n.jpg,346.0,157.0,0.3567977,338.0,147.0,0.50900793,356.0,148.0,0.6740236,325.0,156.0,0.751832,367.0,160.0,0.7429703,297.0,212.0,0.88317275,391.0,210.0,0.87466526,281.0,290.0,0.770318,409.0,286.0,0.90661335,254.0,355.0,0.8847829,440.0,351.0,0.70030355,320.0,346.0,0.6957941,370.0,346.0,0.86040354,329.0,470.0,0.7456549,363.0,468.0,0.8541797,353.0,573.0,0.59524524,343.0,577.0,0.5769074,3,mountain
mountain/131448500_179518297234311_3663244132497315558_n.jpg,565.0,215.0,0.7190727,583.0,195.0,0.85921097,544.0,198.0,0.6494298,613.0,206.0,0.71035445,518.0,219.0,0.50829756,674.0,356.0,0.65590084,474.0,370.0,0.7885798,732.0,514.0,0.78827655,434.0,528.0,0.8002378,803.0,646.0,0.7562685,365.0,669.0,0.678061,642.0,659.0,0.8066487,519.0,660.0,0.6660212,656.0,895.0,0.7148217,516.0,899.0,0.7726883,662.0,1076.0,0.14193991,517.0,1073.0,0.11499936,3,mountain
mountain/131474061_219947333027304_5596642145008400821_n.jpg,640.0,198.0,0.64012986,663.0,179.0,0.81231475,627.0,176.0,0.68675005,697.0,193.0,0.7731249,616.0,185.0,0.5518019,743.0,321.0,0.9355386,562.0,302.0,0.92909044,761.0,494.0,0.8866739,520.0,462.0,0.83565515,789.0,625.0,0.93314606,484.0,584.0,0.8561815,684.0,556.0,0.8682819,570.0,553.0,0.8742275,680.0,764.0,0.9190564,580.0,752.0,0.7403419,675.0,930.0,0.90379393,578.0,909.0,0.81263167,3,mountain
mountain/131887077_430951651647706_154212309387094526_n.jpg,546.0,205.0,0.7669021,564.0,189.0,0.7802794,526.0,189.0,0.79153794,591.0,203.0,0.60623914,501.0,202.0,0.6811144,647.0,322.0,0.90744996,442.0,329.0,0.9188917,677.0,491.0,0.789694,413.0,496.0,0.742555,724.0,626.0,0.73328483,379.0,632.0,0.76535845,605.0,611.0,0.76513827,476.0,607.0,0.7901357,619.0,810.0,0.77681154,478.0,813.0,0.88248533,631.0,979.0,0.8557115,459.0,981.0,0.8956386,3,mountain
mountain/131907736_431277601242892_855830101203612508_n.jpg,570.0,270.0,0.83489585,584.0,258.0,0.7850864,555.0,257.0,0.86591935,599.0,271.0,0.648599,534.0,267.0,0.8836842,636.0,360.0,0.78800285,484.0,352.0,0.9108591,659.0,481.0,0.8157705,452.0,462.0,0.87404305,699.0,577.0,0.95679873,417.0,557.0,0.92649317,594.0,562.0,0.8998309,505.0,562.0,0.8804405,602.0,761.0,0.881132,505.0,762.0,0.93307936,605.0,934.0,0.8199785,507.0,940.0,0.841573,3,mountain
mountain/131929044_309479470325899_1986837932545921391_n.jpg,581.0,349.0,0.8845028,594.0,341.0,0.91041696,568.0,339.0,0.7828821,607.0,356.0,0.8782363,556.0,351.0,0.6662042,631.0,426.0,0.8802991,531.0,421.0,0.8610516,660.0,524.0,0.93346995,516.0,509.0,0.89961064,683.0,603.0,0.9518944,496.0,581.0,0.85278296,618.0,538.0,0.7965715,560.0,534.0,0.84438276,534.0,606.0,0.4435293,511.0,597.0,0.51013863,428.0,693.0,0.4444046,493.0,595.0,0.12658614,3,mountain
mountain/131941129_108514271138232_8127511435037013956_n.jpg,551.0,392.0,0.7370697,572.0,370.0,0.89762795,529.0,371.0,0.74056697,606.0,379.0,0.7116998,501.0,379.0,0.7279173,657.0,496.0,0.8879636,455.0,493.0,0.85122806,691.0,669.0,0.872142,414.0,658.0,0.64200103,753.0,789.0,0.9171463,341.0,783.0,0.6728786,610.0,804.0,0.8624244,489.0,802.0,0.7753099,608.0,1031.0,0.7531492,476.0,1040.0,0.7919163,612.0,1202.0,0.9145669,493.0,1200.0,0.7619754,3,mountain
mountain/131997971_148333073472313_1235779082847246875_n.jpg,489.0,947.0,0.2122114,489.0,941.0,0.24868843,489.0,947.0,0.1998452,488.0,938.0,0.26082376,495.0,937.0,0.20386113,468.0,950.0,0.29626125,483.0,941.0,0.27052197,463.0,958.0,0.18067323,512.0,946.0,0.22359589,460.0,958.0,0.10691492,519.0,960.0,0.14880025,470.0,955.0,0.18667522,515.0,950.0,0.12973405,529.0,946.0,0.17380199,521.0,955.0,0.13827832,530.0,948.0,0.11359728,524.0,954.0,0.1402962,3,mountain
mountain/132.jpg,319.0,189.0,0.7234169,328.0,181.0,0.75882924,309.0,181.0,0.90678626,339.0,189.0,0.81687236,298.0,188.0,0.7425612,366.0,246.0,0.8912457,269.0,244.0,0.9067495,366.0,323.0,0.91967356,261.0,317.0,0.83897746,374.0,381.0,0.86382574,248.0,375.0,0.87893033,340.0,371.0,0.77800906,284.0,371.0,0.79040194,336.0,481.0,0.81801313,284.0,485.0,0.8693243,334.0,569.0,0.90429354,283.0,569.0,0.91322833,3,mountain
mountain/132001727_839728693534980_2055698751208905755_n.jpg,573.0,403.0,0.55690986,586.0,390.0,0.6802071,559.0,390.0,0.66630673,605.0,398.0,0.68544126,538.0,399.0,0.64514744,638.0,487.0,0.74032354,495.0,490.0,0.84794545,706.0,572.0,0.7633377,441.0,575.0,0.7145202,788.0,654.0,0.735238,368.0,667.0,0.72166115,602.0,705.0,0.83816683,519.0,707.0,0.710963,593.0,857.0,0.8695272,531.0,850.0,0.75369453,582.0,974.0,0.640769,540.0,971.0,0.69638383,3,mountain
mountain/132142065_311129943505949_5654226234833290768_n.jpg,538.0,259.0,0.7973951,551.0,243.0,0.8693056,521.0,243.0,0.794952,566.0,254.0,0.86979544,496.0,259.0,0.865468,615.0,349.0,0.8098914,449.0,360.0,0.9054918,635.0,488.0,0.86971843,432.0,489.0,0.6573819,672.0,594.0,0.71815765,412.0,595.0,0.9004895,583.0,585.0,0.84608716,485.0,589.0,0.80870044,576.0,724.0,0.8574978,488.0,729.0,0.7430551,583.0,861.0,0.85368127,500.0,871.0,0.7815609,3,mountain
mountain/132198089_779478766245808_5621930268791546875_n.jpg,477.0,290.0,0.73242104,497.0,276.0,0.51451826,455.0,280.0,0.7889545,527.0,303.0,0.65348953,433.0,309.0,0.6655774,581.0,427.0,0.66010684,396.0,442.0,0.7736466,616.0,604.0,0.61790323,379.0,613.0,0.64211625,657.0,762.0,0.4469362,350.0,773.0,0.67985666,564.0,729.0,0.7099733,434.0,731.0,0.6184399,557.0,1015.0,0.7997489,430.0,1018.0,0.6332511,562.0,1283.0,0.4503702,415.0,1281.0,0.48066944,3,mountain
mountain/132199375_225070542472588_5027330637593431276_n.jpg,370.0,197.0,0.642315,386.0,187.0,0.88675916,356.0,183.0,0.52113414,405.0,207.0,0.6380156,338.0,198.0,0.74414176,440.0,290.0,0.846696,300.0,275.0,0.63711923,448.0,413.0,0.6790754,275.0,402.0,0.45946595,406.0,343.0,0.5658219,255.0,358.0,0.24193329,399.0,513.0,0.8416557,308.0,508.0,0.7390295,401.0,668.0,0.85872746,325.0,682.0,0.82744867,410.0,795.0,0.71338874,327.0,811.0,0.7289548,3,mountain
mountain/132209652_2842496639372755_3984953745523091074_n.jpg,383.0,396.0,0.4279542,387.0,395.0,0.44724473,382.0,394.0,0.44826582,388.0,396.0,0.3888799,376.0,391.0,0.41140985,390.0,416.0,0.5471575,370.0,412.0,0.45602307,395.0,431.0,0.3794244,370.0,427.0,0.36246696,396.0,448.0,0.33472306,376.0,446.0,0.18690272,391.0,449.0,0.45748994,378.0,447.0,0.38270596,394.0,481.0,0.35928208,386.0,479.0,0.30760047,398.0,504.0,0.297614,390.0,505.0,0.32228032,3,mountain
mountain/132225498_451271322557714_8612487232525643580_n.jpg,530.0,106.0,0.7548286,548.0,89.0,0.8996672,508.0,92.0,0.7878377,575.0,113.0,0.687248,488.0,120.0,0.89853424,637.0,243.0,0.834623,436.0,243.0,0.93266946,663.0,401.0,0.82875013,410.0,388.0,0.85072833,721.0,522.0,0.8882928,362.0,526.0,0.89736706,584.0,508.0,0.8358087,470.0,506.0,0.8435756,573.0,753.0,0.9205578,488.0,753.0,0.9616353,563.0,965.0,0.8543023,503.0,968.0,0.76865333,3,mountain
mountain/132644147_428482598289347_6687308402109830082_n.jpg,534.0,105.0,0.7667775,552.0,87.0,0.49393097,514.0,87.0,0.7950421,581.0,98.0,0.71279395,490.0,104.0,0.6231588,625.0,203.0,0.82398856,441.0,212.0,0.90453285,664.0,369.0,0.7855792,422.0,377.0,0.8153891,724.0,507.0,0.78149647,373.0,514.0,0.73475695,601.0,498.0,0.81909424,487.0,500.0,0.81724787,578.0,740.0,0.7477077,522.0,743.0,0.79334205,581.0,962.0,0.5732266,539.0,961.0,0.6653451,3,mountain
mountain/132669801_758226331447631_1173337065715170342_n.jpg,518.0,375.0,0.77726567,527.0,369.0,0.89035136,508.0,369.0,0.8534851,540.0,380.0,0.915857,498.0,380.0,0.8750482,567.0,436.0,0.72901917,470.0,438.0,0.96987015,595.0,521.0,0.87349284,444.0,516.0,0.9165385,645.0,569.0,0.7005602,394.0,566.0,0.71706533,548.0,581.0,0.87231517,485.0,583.0,0.8966506,540.0,697.0,0.920555,496.0,699.0,0.9621423,540.0,808.0,0.77173555,501.0,810.0,0.84161544,3,mountain
mountain/132774008_146962183872698_389216646220715200_n.jpg,408.0,501.0,0.7356529,420.0,490.0,0.79456663,395.0,492.0,0.70216763,440.0,507.0,0.63636994,383.0,510.0,0.85913604,466.0,587.0,0.5800426,352.0,583.0,0.9508674,499.0,697.0,0.855044,321.0,699.0,0.92445046,532.0,784.0,0.95312124,288.0,784.0,0.8515789,447.0,763.0,0.87636435,373.0,760.0,0.8499403,445.0,923.0,0.874728,370.0,922.0,0.7560571,438.0,1078.0,0.85999787,364.0,1073.0,0.79580486,3,mountain
mountain/132822511_1049427865532141_2503334366334123221_n.jpg,554.0,539.0,0.4323035,540.0,519.0,0.6478287,567.0,524.0,0.4627873,516.0,532.0,0.72299075,575.0,541.0,0.51503575,471.0,615.0,0.8850735,617.0,620.0,0.8654982,456.0,737.0,0.76263344,633.0,738.0,0.8731946,418.0,831.0,0.8672556,679.0,835.0,0.782504,499.0,825.0,0.8360605,587.0,829.0,0.8849204,494.0,1020.0,0.9137865,609.0,1015.0,0.90255874,460.0,1191.0,0.7069233,648.0,1207.0,0.8008623,3,mountain
mountain/132823521_221288176112954_3891268044226605140_n.jpg,522.0,491.0,0.6957586,541.0,473.0,0.62969446,504.0,474.0,0.7635585,571.0,491.0,0.7425704,483.0,492.0,0.6782135,621.0,597.0,0.8949262,417.0,599.0,0.8845284,659.0,740.0,0.79075587,366.0,741.0,0.744679,684.0,860.0,0.8058988,348.0,869.0,0.5149764,574.0,870.0,0.7022183,446.0,868.0,0.70251775,566.0,1097.0,0.79205155,462.0,1090.0,0.7959001,563.0,1291.0,0.8560608,468.0,1291.0,0.8757849,3,mountain
mountain/132953406_200674878430037_2198617281762226829_n.jpg,102.0,425.0,0.5287291,105.0,421.0,0.6520113,101.0,422.0,0.75140786,112.0,420.0,0.70331466,101.0,422.0,0.4127952,120.0,427.0,0.60001326,107.0,438.0,0.52867067,133.0,432.0,0.5927739,119.0,454.0,0.46183974,139.0,449.0,0.34826207,118.0,462.0,0.21520604,129.0,466.0,0.7880266,117.0,472.0,0.63499475,123.0,448.0,0.29595128,122.0,513.0,0.814494,122.0,462.0,0.22534941,129.0,548.0,0.65617675,3,mountain
mountain/132961772_439744397401886_7280844203535924834_n.jpg,460.0,372.0,0.7084238,461.0,356.0,0.66357744,442.0,359.0,0.69552517,439.0,361.0,0.1149356,390.0,368.0,0.6167526,460.0,430.0,0.76737946,327.0,466.0,0.5327239,495.0,521.0,0.7327646,348.0,591.0,0.7631886,467.0,554.0,0.38946176,431.0,659.0,0.7079264,436.0,612.0,0.5340402,345.0,632.0,0.5866637,522.0,574.0,0.68530244,416.0,725.0,0.8485622,575.0,741.0,0.811262,475.0,854.0,0.7711199,3,mountain
mountain/133.jpg,221.0,104.0,0.76576656,227.0,99.0,0.6666637,215.0,99.0,0.6569873,234.0,107.0,0.82044333,205.0,106.0,0.8264872,252.0,146.0,0.92621034,184.0,142.0,0.82785654,257.0,200.0,0.81084067,177.0,196.0,0.87527394,274.0,247.0,0.8982606,160.0,243.0,0.68817437,236.0,230.0,0.8476951,197.0,231.0,0.88231504,230.0,306.0,0.68115765,202.0,307.0,0.81665134,225.0,376.0,0.7484766,209.0,374.0,0.8912663,3,mountain
mountain/133117883_116249690330111_3060364059737062313_n.jpg,574.0,531.0,0.4578244,556.0,518.0,0.24571796,570.0,519.0,0.44832152,502.0,530.0,0.34776285,556.0,532.0,0.38659805,467.0,605.0,0.6671294,595.0,613.0,0.6029184,435.0,712.0,0.5356071,621.0,716.0,0.5850326,406.0,815.0,0.6041707,659.0,816.0,0.6227857,483.0,806.0,0.46153674,565.0,809.0,0.5356443,490.0,976.0,0.5624428,554.0,979.0,0.57328844,499.0,1126.0,0.21772419,533.0,1133.0,0.3404238,3,mountain
mountain/133362090_422154692255409_2605407818819854040_n.jpg,568.0,289.0,0.7581409,578.0,285.0,0.89140743,552.0,283.0,0.6220197,589.0,306.0,0.8276825,529.0,303.0,0.7167008,626.0,380.0,0.9153262,491.0,389.0,0.96070266,646.0,503.0,0.8230425,473.0,503.0,0.8136318,690.0,583.0,0.87531066,434.0,596.0,0.8293831,608.0,574.0,0.89333695,519.0,577.0,0.90789187,596.0,758.0,0.8769278,534.0,760.0,0.9477276,589.0,912.0,0.8771743,543.0,909.0,0.66601,3,mountain
mountain/133607618_236960324485451_3791394650679134945_n.jpg,547.0,149.0,0.64827037,563.0,142.0,0.88050807,530.0,145.0,0.88152647,588.0,172.0,0.5639617,514.0,181.0,0.86324793,639.0,265.0,0.82231635,469.0,277.0,0.939799,693.0,400.0,0.7689856,430.0,410.0,0.7507185,756.0,516.0,0.72401536,394.0,541.0,0.91025066,629.0,545.0,0.89100677,511.0,550.0,0.8578392,625.0,760.0,0.84965146,550.0,760.0,0.7453946,622.0,962.0,0.6524313,578.0,960.0,0.82936347,3,mountain
mountain/133749167_160135318812738_232749293177218761_n.jpg,574.0,409.0,0.54354525,585.0,395.0,0.5931747,558.0,398.0,0.65369403,606.0,404.0,0.65342337,544.0,408.0,0.6957563,639.0,487.0,0.7700656,512.0,491.0,0.7480978,653.0,601.0,0.7650818,494.0,597.0,0.72297835,675.0,692.0,0.5237334,470.0,687.0,0.71119225,615.0,694.0,0.70264053,531.0,691.0,0.6112205,604.0,848.0,0.6963649,538.0,846.0,0.67945135,597.0,976.0,0.45962337,541.0,986.0,0.7452233,3,mountain
mountain/133761739_399260634627346_3369068838154788093_n.jpg,372.0,68.0,0.6150334,384.0,57.0,0.56033623,358.0,57.0,0.6363752,403.0,65.0,0.7249917,342.0,66.0,0.5677993,442.0,153.0,0.70886135,295.0,145.0,0.78994375,471.0,263.0,0.75232565,249.0,239.0,0.82248414,480.0,364.0,0.67852414,223.0,334.0,0.66324776,403.0,346.0,0.8095903,313.0,343.0,0.77747196,387.0,523.0,0.56057096,314.0,530.0,0.5598231,374.0,692.0,0.69510514,320.0,706.0,0.5307563,3,mountain
mountain/133973268_2573105176320112_1846483124838776757_n.jpg,543.0,633.0,0.82359076,550.0,628.0,0.6282518,535.0,628.0,0.8732534,559.0,637.0,0.91923004,525.0,636.0,0.7836129,575.0,682.0,0.88636345,504.0,680.0,0.9641355,589.0,747.0,0.84265447,487.0,741.0,0.9383449,618.0,791.0,0.9155834,458.0,789.0,0.8254653,564.0,780.0,0.92017484,514.0,780.0,0.8892951,567.0,876.0,0.9043913,510.0,876.0,0.9297954,583.0,961.0,0.8009224,493.0,960.0,0.8534428,3,mountain
mountain/134.jpg,205.0,105.0,0.7565992,211.0,99.0,0.8499791,198.0,99.0,0.5333087,220.0,106.0,0.74830997,191.0,106.0,0.7688112,241.0,143.0,0.9306081,173.0,147.0,0.8999492,248.0,197.0,0.88579905,169.0,200.0,0.9261143,267.0,242.0,0.9018414,153.0,246.0,0.81313884,228.0,230.0,0.8960065,188.0,230.0,0.88490725,224.0,309.0,0.9151935,196.0,308.0,0.92752934,216.0,374.0,0.8330418,199.0,374.0,0.85445344,3,mountain
mountain/134174877_753247101959452_3367132130155761050_n.jpg,614.0,123.0,0.6488916,638.0,101.0,0.7047125,586.0,99.0,0.6845077,669.0,125.0,0.8742421,549.0,124.0,0.89165294,744.0,278.0,0.93858796,474.0,303.0,0.89270544,779.0,495.0,0.8356641,443.0,499.0,0.88778687,833.0,656.0,0.8762727,374.0,672.0,0.8789791,702.0,618.0,0.90101993,524.0,621.0,0.8009977,687.0,976.0,0.8543384,534.0,977.0,0.8906662,676.0,1260.0,0.4392225,556.0,1262.0,0.33467188,3,mountain
mountain/134176956_440365670435711_6150887245216264019_n.jpg,575.0,111.0,0.85170966,602.0,86.0,0.681545,539.0,84.0,0.57292736,631.0,121.0,0.85339427,494.0,124.0,0.74497765,713.0,304.0,0.9464702,414.0,306.0,0.9341793,745.0,550.0,0.8102978,390.0,550.0,0.9473484,811.0,756.0,0.8413582,324.0,768.0,0.9531865,661.0,679.0,0.8661953,492.0,683.0,0.8365799,653.0,1038.0,0.94151086,499.0,1041.0,0.8420914,660.0,1328.0,0.7295128,500.0,1333.0,0.5159659,3,mountain
mountain/134406799_3206312272928546_8057897314035356291_n.jpg,532.0,91.0,0.7047516,546.0,80.0,0.65526855,517.0,81.0,0.30585214,569.0,100.0,0.62327343,496.0,103.0,0.52463233,602.0,212.0,0.75991774,455.0,210.0,0.73326087,625.0,334.0,0.7243433,422.0,331.0,0.7285696,660.0,447.0,0.7171876,386.0,444.0,0.6040317,574.0,414.0,0.74766654,485.0,411.0,0.6947142,562.0,635.0,0.7390715,483.0,636.0,0.65848994,540.0,793.0,0.36808,494.0,795.0,0.38660094,3,mountain
mountain/134460385_420736112613337_6178417555743598587_n.jpg,641.0,160.0,0.7600467,618.0,135.0,0.70907676,614.0,133.0,0.79133207,537.0,155.0,0.5764495,522.0,158.0,0.78292596,533.0,322.0,0.84087497,483.0,329.0,0.89121497,522.0,566.0,0.39330596,477.0,589.0,0.62274,567.0,794.0,0.5026968,550.0,811.0,0.7463813,549.0,677.0,0.76287466,521.0,691.0,0.7315502,549.0,992.0,0.698538,549.0,1003.0,0.7153623,518.0,1186.0,0.6305043,522.0,1239.0,0.747122,3,mountain
mountain/134552804_724579118466417_8558289003424236038_n.jpg,431.0,561.0,0.8579855,436.0,556.0,0.8903756,425.0,556.0,0.87623364,443.0,561.0,0.79078627,418.0,561.0,0.8216417,459.0,592.0,0.93817943,404.0,594.0,0.89432555,464.0,638.0,0.81229144,399.0,637.0,0.86270076,481.0,676.0,0.89025027,388.0,677.0,0.8877188,449.0,671.0,0.8647988,416.0,672.0,0.83905697,448.0,743.0,0.8569977,420.0,741.0,0.7901546,443.0,804.0,0.87918234,422.0,803.0,0.7423541,3,mountain
mountain/134582465_723955568495379_5948138306459069243_n.jpg,497.0,215.0,0.827894,530.0,175.0,0.92123955,463.0,179.0,0.8397329,573.0,191.0,0.85793704,425.0,199.0,0.86546445,650.0,376.0,0.9446866,356.0,371.0,0.82512176,676.0,593.0,0.8146665,334.0,594.0,0.8343183,741.0,774.0,0.86151826,291.0,786.0,0.89616185,582.0,707.0,0.87277484,420.0,709.0,0.85831785,565.0,1017.0,0.9323428,456.0,1004.0,0.942997,546.0,1167.0,0.61102116,491.0,1171.0,0.7090065,3,mountain
mountain/134705464_898625840941864_1864597393652567752_n.jpg,508.0,255.0,0.691012,525.0,243.0,0.50746334,493.0,247.0,0.66536176,560.0,266.0,0.72946656,479.0,274.0,0.61921775,594.0,377.0,0.6763343,460.0,392.0,0.6554384,657.0,506.0,0.68271554,430.0,528.0,0.646285,714.0,614.0,0.41387317,393.0,644.0,0.54379046,549.0,643.0,0.68348664,453.0,647.0,0.6779926,578.0,879.0,0.7098359,468.0,884.0,0.4509524,577.0,1098.0,0.72955984,494.0,1083.0,0.5561523,3,mountain
mountain/134738652_227013028960578_957469278948154674_n.jpg,571.0,163.0,0.64492524,587.0,150.0,0.7192056,550.0,149.0,0.62799346,607.0,174.0,0.88248897,523.0,178.0,0.68599206,651.0,270.0,0.92936206,479.0,271.0,0.9141173,660.0,424.0,0.92144924,463.0,420.0,0.8942604,707.0,550.0,0.9159242,419.0,533.0,0.75623685,608.0,514.0,0.89477086,502.0,509.0,0.87802917,598.0,754.0,0.86270624,520.0,747.0,0.9054924,570.0,958.0,0.71599805,530.0,963.0,0.80114657,3,mountain
mountain/134866877_692614428063029_5402215668581832481_n.jpg,669.0,326.0,0.50049895,688.0,316.0,0.7358099,649.0,317.0,0.76952434,719.0,350.0,0.6329764,624.0,351.0,0.6487272,769.0,459.0,0.8647269,573.0,465.0,0.8258719,809.0,615.0,0.8900095,528.0,609.0,0.79915303,864.0,747.0,0.5719157,465.0,734.0,0.8447365,740.0,732.0,0.79636574,600.0,735.0,0.7312279,779.0,834.0,0.77484345,597.0,826.0,0.7129728,781.0,1124.0,0.57767826,587.0,1127.0,0.7579942,3,mountain
mountain/135002676_761295787806200_6228254156827136928_n.jpg,525.0,306.0,0.8395494,561.0,281.0,0.77932227,484.0,283.0,0.9101806,612.0,337.0,0.8379765,440.0,342.0,0.8271359,689.0,554.0,0.9426891,359.0,556.0,0.80867314,761.0,857.0,0.8446585,273.0,866.0,0.9540852,884.0,1114.0,0.91377574,162.0,1115.0,0.88417006,663.0,1090.0,0.90054953,433.0,1090.0,0.8782753,672.0,1317.0,0.18704294,430.0,1322.0,0.21338974,617.0,1288.0,0.1389128,495.0,1293.0,0.23819253,3,mountain
mountain/135034054_403688090854509_7147575496730793916_n.jpg,654.0,250.0,0.59449863,647.0,229.0,0.5547814,646.0,230.0,0.6788721,595.0,231.0,0.31192344,598.0,232.0,0.46129674,570.0,340.0,0.60950905,556.0,346.0,0.77582747,561.0,525.0,0.5392022,550.0,533.0,0.704337,572.0,704.0,0.54435825,568.0,706.0,0.70608413,579.0,674.0,0.72114074,582.0,674.0,0.71310914,552.0,976.0,0.7893497,550.0,983.0,0.62695795,537.0,1228.0,0.75035644,535.0,1236.0,0.66130245,3,mountain
mountain/135036983_835927857258301_7730587684128964454_n.jpg,605.0,130.0,0.6444795,589.0,114.0,0.49083,589.0,113.0,0.58810306,541.0,130.0,0.5525949,536.0,130.0,0.75690305,531.0,233.0,0.6629493,521.0,244.0,0.8163612,522.0,418.0,0.5988368,515.0,431.0,0.8013985,520.0,587.0,0.48902994,512.0,591.0,0.7081502,554.0,514.0,0.6747235,554.0,520.0,0.63907814,547.0,725.0,0.64930373,548.0,736.0,0.84026545,543.0,905.0,0.68152857,531.0,972.0,0.7741754,3,mountain
mountain/135038826_706872319975560_9106536727278609007_n.jpg,632.0,261.0,0.7309886,640.0,253.0,0.7795582,622.0,254.0,0.6322631,652.0,259.0,0.7086324,607.0,264.0,0.77202207,675.0,321.0,0.8260611,584.0,320.0,0.78306574,697.0,386.0,0.5076167,556.0,384.0,0.5235729,727.0,444.0,0.6672236,532.0,445.0,0.61089873,663.0,463.0,0.62175816,596.0,466.0,0.6378474,656.0,576.0,0.581057,597.0,577.0,0.7737031,653.0,672.0,0.69913465,592.0,669.0,0.7080366,3,mountain
mountain/135052306_1967734273366615_7114339070539507251_n.jpg,512.0,63.0,0.7041711,536.0,51.0,0.74628764,483.0,55.0,0.8226172,571.0,102.0,0.68404627,454.0,110.0,0.69555116,647.0,258.0,0.8607606,386.0,261.0,0.8433819,718.0,456.0,0.8979695,323.0,448.0,0.87993807,799.0,616.0,0.8911113,234.0,619.0,0.8209162,624.0,647.0,0.82007724,442.0,656.0,0.61631095,596.0,978.0,0.7456645,492.0,983.0,0.7776606,590.0,1288.0,0.6036732,524.0,1294.0,0.6388724,3,mountain
mountain/135226709_1277697909271485_5612156245751804330_n.jpg,555.0,88.0,0.7042321,574.0,75.0,0.76611304,533.0,74.0,0.857769,599.0,107.0,0.89668804,506.0,111.0,0.7673692,655.0,232.0,0.83827156,447.0,226.0,0.964842,689.0,374.0,0.8437467,413.0,375.0,0.8722444,730.0,494.0,0.90807104,364.0,494.0,0.8995304,609.0,523.0,0.8941002,476.0,522.0,0.86615616,580.0,768.0,0.90157104,512.0,767.0,0.8685998,571.0,963.0,0.8072825,522.0,960.0,0.763309,3,mountain
mountain/135270811_114242780554937_6900389829939191003_n.jpg,647.0,266.0,0.5325395,661.0,251.0,0.53685915,633.0,250.0,0.6781596,680.0,257.0,0.6507366,610.0,257.0,0.45558232,711.0,349.0,0.5925045,576.0,351.0,0.6875788,724.0,464.0,0.60930145,543.0,451.0,0.7871099,736.0,556.0,0.66329545,547.0,530.0,0.5541302,694.0,559.0,0.72581065,605.0,562.0,0.6713983,675.0,738.0,0.6585326,619.0,738.0,0.6946508,664.0,895.0,0.6023871,631.0,892.0,0.675642,3,mountain
mountain/135299031_457347555669939_5958542382988705060_n.jpg,466.0,98.0,0.5843755,485.0,87.0,0.5667811,446.0,88.0,0.67974114,511.0,110.0,0.79628634,422.0,114.0,0.6612708,568.0,220.0,0.85415745,373.0,224.0,0.85160595,600.0,382.0,0.8902863,363.0,386.0,0.76970345,629.0,523.0,0.8507648,360.0,527.0,0.80466497,548.0,514.0,0.77737474,431.0,518.0,0.7673247,543.0,761.0,0.82069945,467.0,763.0,0.74465,548.0,980.0,0.46932134,498.0,984.0,0.77355623,3,mountain
mountain/135354940_908387093236377_6431284898337638018_n.jpg,642.0,180.0,0.73106444,668.0,156.0,0.7799648,617.0,155.0,0.842522,700.0,175.0,0.8830986,584.0,177.0,0.72455704,767.0,322.0,0.8194142,528.0,329.0,0.951926,781.0,536.0,0.694612,507.0,544.0,0.91640735,811.0,716.0,0.6724576,490.0,706.0,0.66799635,721.0,676.0,0.7750979,579.0,679.0,0.8102691,699.0,955.0,0.9188442,610.0,957.0,0.8144575,684.0,1160.0,0.8413631,630.0,1181.0,0.7811794,3,mountain
mountain/135410281_223216395953088_4278669531847356305_n.jpg,526.0,205.0,0.43066892,540.0,206.0,0.47827995,515.0,203.0,0.31779623,556.0,238.0,0.4120284,492.0,236.0,0.66181684,574.0,287.0,0.72594965,468.0,285.0,0.52594167,568.0,162.0,0.33293185,486.0,166.0,0.47422475,545.0,88.0,0.59612644,509.0,84.0,0.44951782,556.0,527.0,0.68017143,475.0,526.0,0.66123617,539.0,690.0,0.6339755,484.0,687.0,0.4561159,530.0,837.0,0.71340156,492.0,837.0,0.39285177,3,mountain
mountain/135429213_329760661448323_8297428193284819577_n.jpg,491.0,107.0,0.7122077,504.0,86.0,0.5704056,502.0,85.0,0.61774516,557.0,93.0,0.76920265,554.0,92.0,0.71684265,586.0,196.0,0.7282058,563.0,195.0,0.6313623,591.0,361.0,0.66763055,577.0,360.0,0.78976965,564.0,496.0,0.641412,558.0,491.0,0.69060737,599.0,503.0,0.6988349,586.0,500.0,0.5959351,588.0,708.0,0.47850153,577.0,702.0,0.7167331,596.0,925.0,0.6362874,592.0,887.0,0.5415698,3,mountain
mountain/135581008_927506287988008_6816645713609006525_n.jpg,549.0,361.0,0.7628043,562.0,349.0,0.67921686,532.0,348.0,0.49269557,578.0,358.0,0.40097874,512.0,358.0,0.47856507,604.0,445.0,0.8915458,475.0,441.0,0.7984149,614.0,556.0,0.7773923,453.0,548.0,0.6863587,632.0,659.0,0.58476365,426.0,644.0,0.6106041,574.0,623.0,0.6244398,487.0,625.0,0.64226437,564.0,715.0,0.5551616,504.0,712.0,0.56181026,546.0,861.0,0.7859264,513.0,858.0,0.8099978,3,mountain
mountain/135608465_402836121050709_3609723063267552052_n.jpg,558.0,262.0,0.65773624,574.0,246.0,0.8361998,541.0,244.0,0.7998526,596.0,254.0,0.7705435,515.0,254.0,0.90539205,636.0,348.0,0.9220899,479.0,349.0,0.9376904,665.0,489.0,0.90518236,449.0,486.0,0.8897444,708.0,601.0,0.95761806,398.0,607.0,0.94235605,603.0,566.0,0.8502432,510.0,569.0,0.88848466,591.0,770.0,0.92170095,526.0,771.0,0.9145645,573.0,935.0,0.88156056,526.0,936.0,0.7761448,3,mountain
mountain/135608468_410015827087260_2080737901961298763_n.jpg,536.0,190.0,0.6110555,548.0,188.0,0.7429327,519.0,188.0,0.7032143,568.0,220.0,0.66001004,501.0,222.0,0.45079437,584.0,300.0,0.48794565,475.0,295.0,0.69101596,618.0,166.0,0.36198014,464.0,173.0,0.57158947,611.0,101.0,0.25337997,471.0,93.0,0.1370606,569.0,526.0,0.6500999,490.0,526.0,0.61766934,552.0,689.0,0.76672566,496.0,689.0,0.6467041,537.0,841.0,0.6761013,504.0,838.0,0.6819204,3,mountain
mountain/135760476_257842359018969_8363676093214468810_n.jpg,538.0,228.0,0.4869306,552.0,214.0,0.3476818,525.0,213.0,0.58021677,570.0,221.0,0.7303204,505.0,219.0,0.5524576,594.0,308.0,0.83933914,468.0,306.0,0.7317327,603.0,417.0,0.58677435,448.0,418.0,0.70616114,610.0,512.0,0.6327448,439.0,511.0,0.51866025,570.0,517.0,0.73054564,485.0,515.0,0.5893508,546.0,690.0,0.7878022,494.0,686.0,0.721954,535.0,839.0,0.57695174,499.0,837.0,0.65874445,3,mountain
mountain/135780897_2464292203880564_198084409517661299_n.jpg,541.0,75.0,0.7486458,560.0,63.0,0.74763095,520.0,63.0,0.77674365,584.0,93.0,0.9000684,497.0,96.0,0.89988786,638.0,210.0,0.7835915,442.0,213.0,0.95126015,670.0,347.0,0.722092,411.0,345.0,0.7926938,718.0,463.0,0.93582165,362.0,464.0,0.9403143,600.0,505.0,0.89121944,472.0,505.0,0.87547326,593.0,718.0,0.86880684,483.0,716.0,0.63590515,600.0,906.0,0.8542639,480.0,917.0,0.69853365,3,mountain
mountain/135782227_697892350873339_8242093307646228551_n.jpg,627.0,199.0,0.78410846,636.0,194.0,0.620548,616.0,194.0,0.7020123,647.0,210.0,0.7326531,602.0,213.0,0.81442964,679.0,264.0,0.91660726,573.0,269.0,0.949116,711.0,326.0,0.6851927,551.0,344.0,0.75172615,724.0,388.0,0.8647139,536.0,403.0,0.873353,660.0,406.0,0.9007269,596.0,406.0,0.86024445,670.0,532.0,0.76702416,594.0,536.0,0.85282713,672.0,648.0,0.72977245,603.0,644.0,0.8011017,3,mountain
mountain/135874455_400910367803414_1991008978926206525_n.jpg,722.0,134.0,0.4421039,722.0,113.0,0.44085127,722.0,114.0,0.56311464,689.0,90.0,0.64770055,692.0,91.0,0.65024877,644.0,164.0,0.5857552,626.0,156.0,0.8671975,563.0,294.0,0.5734723,555.0,290.0,0.66429925,520.0,394.0,0.58659935,513.0,397.0,0.69466597,605.0,440.0,0.6689744,600.0,441.0,0.75141394,609.0,636.0,0.70760167,610.0,636.0,0.64112747,606.0,825.0,0.77372813,605.0,836.0,0.7049246,3,mountain
mountain/136.jpg,145.0,27.0,0.75436074,149.0,24.0,0.60246205,139.0,24.0,0.6169363,154.0,29.0,0.6478419,135.0,29.0,0.7417481,168.0,56.0,0.8861449,123.0,59.0,0.8997823,172.0,92.0,0.92217857,117.0,94.0,0.90657204,180.0,123.0,0.82007515,109.0,125.0,0.7293314,159.0,130.0,0.82361895,132.0,130.0,0.8147868,154.0,181.0,0.8106608,136.0,181.0,0.75885606,149.0,233.0,0.631189,137.0,233.0,0.74202037,3,mountain
mountain/136051408_3636520479747851_4778958148385665293_n.jpg,717.0,659.0,0.5946262,724.0,654.0,0.5717461,712.0,652.0,0.50708854,730.0,657.0,0.5665909,700.0,653.0,0.5606314,745.0,696.0,0.49318916,682.0,692.0,0.77441376,762.0,744.0,0.53149676,663.0,740.0,0.70860064,784.0,783.0,0.40777484,643.0,779.0,0.4970006,730.0,786.0,0.64944303,694.0,787.0,0.584232,725.0,852.0,0.755124,698.0,853.0,0.645411,721.0,911.0,0.75448775,699.0,912.0,0.62821233,3,mountain
mountain/136061003_932255210851456_5272235892387116649_n.jpg,606.0,194.0,0.4580279,612.0,181.0,0.53005064,608.0,182.0,0.4300194,631.0,183.0,0.44295138,630.0,181.0,0.33371916,589.0,271.0,0.54553926,718.0,269.0,0.80913585,586.0,391.0,0.38676202,743.0,391.0,0.55089,553.0,497.0,0.5938549,753.0,514.0,0.31079128,609.0,460.0,0.6706797,693.0,461.0,0.76001287,630.0,649.0,0.66305864,687.0,642.0,0.7449497,645.0,813.0,0.5292179,686.0,811.0,0.36413103,3,mountain
mountain/136817157_406264540640926_3733576981710537001_n.jpg,494.0,391.0,0.5150577,506.0,382.0,0.44066805,485.0,385.0,0.67001957,530.0,395.0,0.5287788,477.0,397.0,0.5119772,565.0,470.0,0.79049164,462.0,472.0,0.6539372,593.0,558.0,0.7009711,433.0,566.0,0.64529335,630.0,646.0,0.45389444,399.0,659.0,0.6206212,547.0,635.0,0.6841168,476.0,640.0,0.69311273,553.0,793.0,0.7116001,490.0,797.0,0.77995706,563.0,931.0,0.7963785,484.0,928.0,0.7291677,3,mountain
mountain/136978255_160044882251544_171139042743899901_n.jpg,708.0,129.0,0.48655227,727.0,115.0,0.55515623,689.0,118.0,0.5680187,755.0,138.0,0.665391,665.0,140.0,0.71247107,803.0,269.0,0.7830605,613.0,256.0,0.75095856,840.0,413.0,0.82422876,578.0,405.0,0.69854426,906.0,534.0,0.7413633,513.0,528.0,0.7632941,755.0,540.0,0.74368334,642.0,538.0,0.65469134,734.0,770.0,0.772092,658.0,770.0,0.7279047,723.0,987.0,0.5516048,675.0,980.0,0.48831266,3,mountain
mountain/137.jpg,122.0,35.0,0.611006,126.0,31.0,0.63880324,119.0,31.0,0.7465993,130.0,33.0,0.6416112,116.0,33.0,0.6643718,139.0,51.0,0.73712564,106.0,53.0,0.8340535,145.0,78.0,0.6643086,96.0,79.0,0.89080215,126.0,65.0,0.7287202,114.0,66.0,0.65170926,132.0,104.0,0.7860781,112.0,105.0,0.8203026,130.0,145.0,0.8897148,115.0,146.0,0.8978101,129.0,182.0,0.80488724,116.0,183.0,0.6001282,3,mountain
mountain/137240388_716926492584977_8298549235753285078_n.jpg,612.0,252.0,0.7647421,637.0,232.0,0.769694,604.0,236.0,0.55039024,691.0,249.0,0.73415613,610.0,251.0,0.58937335,749.0,367.0,0.80261296,567.0,389.0,0.73788154,766.0,545.0,0.7264864,552.0,555.0,0.78937006,780.0,697.0,0.7277361,529.0,694.0,0.57188183,694.0,641.0,0.82900786,575.0,647.0,0.83016044,690.0,913.0,0.9255003,623.0,916.0,0.71018785,690.0,1140.0,0.72971106,637.0,1141.0,0.72682905,3,mountain
mountain/137274570_427023925183407_5444641969458749239_n.jpg,210.0,315.0,0.71452177,215.0,305.0,0.78306466,195.0,303.0,0.8741951,207.0,312.0,0.7051513,164.0,316.0,0.91044986,239.0,396.0,0.9242724,135.0,381.0,0.89856654,268.0,491.0,0.833914,97.0,483.0,0.8839226,315.0,560.0,0.82237375,48.0,572.0,0.8812288,223.0,571.0,0.8578712,157.0,567.0,0.83270586,193.0,728.0,0.85761356,126.0,730.0,0.7683512,160.0,856.0,0.9231279,104.0,872.0,0.9122095,3,mountain
mountain/137325561_452778319077935_3576847457807923510_n.jpg,570.0,110.0,0.8042862,588.0,105.0,0.68087,551.0,103.0,0.8092613,610.0,140.0,0.719527,526.0,140.0,0.6022248,658.0,217.0,0.9000321,482.0,229.0,0.89753073,782.0,196.0,0.87268496,361.0,241.0,0.916216,694.0,120.0,0.9067857,419.0,144.0,0.8227259,623.0,471.0,0.9025169,523.0,468.0,0.89671904,676.0,729.0,0.84371984,497.0,727.0,0.67371917,730.0,953.0,0.2677081,457.0,956.0,0.2799409,3,mountain
mountain/137572258_888146275280526_4343169669883623102_n.jpg,499.0,349.0,0.8494136,507.0,343.0,0.924786,493.0,342.0,0.8508323,515.0,350.0,0.6437899,484.0,348.0,0.77804995,534.0,391.0,0.9028099,461.0,389.0,0.902862,546.0,455.0,0.88112617,455.0,448.0,0.9183965,564.0,500.0,0.9141932,441.0,499.0,0.8235973,520.0,491.0,0.8424637,474.0,491.0,0.8458046,520.0,578.0,0.78699887,476.0,577.0,0.7414643,517.0,660.0,0.7437421,479.0,660.0,0.8524874,3,mountain
mountain/138.jpg,103.0,34.0,0.6005107,106.0,31.0,0.7402886,100.0,30.0,0.66463536,110.0,33.0,0.7926685,96.0,32.0,0.8129997,119.0,53.0,0.68238246,85.0,51.0,0.9377136,129.0,79.0,0.8500401,77.0,76.0,0.7246023,112.0,67.0,0.67527246,99.0,65.0,0.5847854,113.0,103.0,0.8698944,94.0,104.0,0.85625196,110.0,145.0,0.9144673,95.0,145.0,0.9007465,107.0,183.0,0.5723586,95.0,182.0,0.84800065,3,mountain
mountain/138226479_222280919435495_4755755908760572371_n.jpg,572.0,233.0,0.48609152,586.0,219.0,0.59981894,555.0,220.0,0.6494318,601.0,231.0,0.43559167,527.0,233.0,0.492808,625.0,337.0,0.81592417,497.0,328.0,0.4875877,634.0,459.0,0.71299005,472.0,444.0,0.4821658,652.0,561.0,0.5977185,463.0,551.0,0.42381546,605.0,554.0,0.6732686,515.0,555.0,0.59262747,578.0,728.0,0.7722551,514.0,728.0,0.72345906,564.0,881.0,0.541929,527.0,885.0,0.62642574,3,mountain
mountain/138623542_409577487003705_8129497241742188288_n.jpg,703.0,136.0,0.67896014,691.0,125.0,0.67033863,684.0,125.0,0.7037134,657.0,141.0,0.5937816,643.0,144.0,0.6988869,684.0,236.0,0.763047,627.0,230.0,0.8533584,687.0,377.0,0.6028082,635.0,375.0,0.85980535,708.0,488.0,0.211462,627.0,491.0,0.85861963,709.0,460.0,0.7243894,666.0,462.0,0.68132174,690.0,641.0,0.7878404,654.0,641.0,0.7914606,674.0,817.0,0.63717985,644.0,828.0,0.7174821,3,mountain
mountain/138756864_226722488991962_4648462167806438195_n.jpg,542.0,225.0,0.78402716,555.0,213.0,0.7762205,525.0,215.0,0.9201163,575.0,231.0,0.72642654,507.0,234.0,0.651983,614.0,315.0,0.80344814,479.0,320.0,0.91701686,632.0,446.0,0.8619797,462.0,452.0,0.8547754,671.0,534.0,0.9290365,422.0,545.0,0.8207887,587.0,518.0,0.8357446,500.0,518.0,0.8462439,600.0,700.0,0.85219747,497.0,707.0,0.8936079,606.0,868.0,0.83751047,496.0,867.0,0.77741086,3,mountain
mountain/138942480_868811100620993_4722351723689246850_n.jpg,532.0,830.0,0.5506324,537.0,825.0,0.7382145,527.0,825.0,0.6589368,545.0,830.0,0.8256545,523.0,831.0,0.78768814,559.0,860.0,0.83973557,510.0,861.0,0.8714922,571.0,908.0,0.8232126,498.0,908.0,0.8198096,591.0,945.0,0.8227565,480.0,948.0,0.6509704,549.0,949.0,0.8306338,517.0,947.0,0.8342928,550.0,1019.0,0.9002511,508.0,1018.0,0.8193373,551.0,1077.0,0.6971409,508.0,1074.0,0.74745154,3,mountain
mountain/138987922_415852993060255_7641093738929143830_n.jpg,768.0,147.0,0.15983364,746.0,127.0,0.1725216,792.0,126.0,0.24628586,724.0,150.0,0.52012455,813.0,144.0,0.6828602,673.0,269.0,0.6393566,873.0,270.0,0.7509061,645.0,426.0,0.6293081,897.0,427.0,0.5327738,602.0,569.0,0.6918937,944.0,560.0,0.6202831,714.0,549.0,0.680555,831.0,550.0,0.7587501,753.0,779.0,0.7018355,826.0,774.0,0.8046937,766.0,994.0,0.70523846,825.0,998.0,0.5327704,3,mountain
mountain/138998204_692575344763297_4936252741740770566_n.jpg,570.0,143.0,0.5537071,589.0,128.0,0.4823562,541.0,133.0,0.45422894,621.0,151.0,0.5719026,508.0,159.0,0.71889985,672.0,291.0,0.6762413,449.0,298.0,0.742592,807.0,391.0,0.5469791,314.0,400.0,0.60799754,930.0,456.0,0.6583229,158.0,484.0,0.75513124,622.0,648.0,0.61555094,485.0,647.0,0.75185275,595.0,890.0,0.84768,503.0,881.0,0.58841556,567.0,1098.0,0.6634277,510.0,1110.0,0.72640634,3,mountain
mountain/139.jpg,112.0,20.0,0.81362647,115.0,16.0,0.6265121,107.0,16.0,0.8988177,121.0,18.0,0.81687295,102.0,18.0,0.6837361,131.0,42.0,0.9515675,89.0,42.0,0.91053015,134.0,80.0,0.85780174,84.0,79.0,0.9272772,146.0,110.0,0.8779056,72.0,109.0,0.9229637,121.0,100.0,0.8825243,96.0,100.0,0.854673,121.0,153.0,0.9508861,97.0,152.0,0.92997205,123.0,202.0,0.8375337,98.0,203.0,0.70914817,3,mountain
mountain/139284268_1036666546811547_5624499828940527900_n.jpg,458.0,519.0,0.54432017,458.0,513.0,0.6438841,462.0,513.0,0.51958454,464.0,515.0,0.74290544,478.0,514.0,0.54536164,457.0,547.0,0.82772875,502.0,548.0,0.8664449,452.0,594.0,0.45918313,501.0,596.0,0.72982657,439.0,631.0,0.6615461,512.0,637.0,0.64888036,462.0,626.0,0.6195471,491.0,625.0,0.6215541,471.0,698.0,0.7983302,491.0,697.0,0.7424416,483.0,767.0,0.63491464,486.0,767.0,0.7010077,3,mountain
mountain/139291358_989415448132323_7310160112935644124_n.jpg,483.0,149.0,0.7817175,498.0,135.0,0.84944063,467.0,137.0,0.81641793,519.0,150.0,0.8575598,448.0,155.0,0.6925331,559.0,241.0,0.74218816,404.0,241.0,0.94045806,564.0,370.0,0.85456204,389.0,372.0,0.8887825,585.0,465.0,0.8461565,364.0,477.0,0.906509,520.0,496.0,0.8201771,432.0,495.0,0.74755174,504.0,668.0,0.64887565,435.0,658.0,0.67694116,498.0,826.0,0.8402899,438.0,829.0,0.89287984,3,mountain
mountain/139323385_1052037898632169_8645277283020427226_n.jpg,442.0,436.0,0.72072923,453.0,429.0,0.66704607,425.0,433.0,0.6812079,473.0,452.0,0.69545805,411.0,464.0,0.78308374,518.0,532.0,0.58334273,386.0,539.0,0.91330737,542.0,655.0,0.7849908,373.0,661.0,0.73024386,583.0,750.0,0.7964661,341.0,767.0,0.83424956,514.0,747.0,0.82983303,421.0,749.0,0.74646914,525.0,958.0,0.8906558,446.0,961.0,0.8821039,533.0,1148.0,0.45976132,467.0,1146.0,0.40029076,3,mountain
mountain/139595650_458303878664515_3533390864834701499_n.jpg,304.0,79.0,0.6323128,312.0,76.0,0.5566193,311.0,76.0,0.5790348,325.0,89.0,0.70745695,322.0,89.0,0.691936,320.0,123.0,0.5652925,319.0,125.0,0.58737147,324.0,184.0,0.4640431,326.0,184.0,0.44490063,335.0,231.0,0.60003304,334.0,229.0,0.57854563,321.0,231.0,0.69995034,321.0,231.0,0.66608125,333.0,324.0,0.6709738,334.0,324.0,0.6965242,333.0,407.0,0.72292,338.0,402.0,0.74180514,3,mountain
mountain/140.jpg,84.0,18.0,0.7349855,87.0,15.0,0.7559407,81.0,15.0,0.83407277,90.0,17.0,0.798325,77.0,17.0,0.75364196,98.0,37.0,0.8817271,67.0,36.0,0.8248314,100.0,62.0,0.8628307,63.0,61.0,0.8961597,107.0,84.0,0.867117,57.0,81.0,0.80290174,92.0,80.0,0.8962823,73.0,80.0,0.85242033,91.0,120.0,0.88229704,74.0,119.0,0.8458817,88.0,158.0,0.79004085,77.0,159.0,0.83733016,3,mountain
mountain/140436859_2530432923930396_3844994602572489408_n.jpg,526.0,312.0,0.80005217,533.0,305.0,0.8954946,517.0,305.0,0.8209608,544.0,311.0,0.75727946,507.0,314.0,0.8105117,566.0,357.0,0.8720517,488.0,359.0,0.796664,577.0,421.0,0.69151294,479.0,426.0,0.54069185,595.0,481.0,0.84558374,460.0,482.0,0.7196712,555.0,471.0,0.7704854,504.0,472.0,0.8147823,554.0,575.0,0.7567923,506.0,575.0,0.7864351,544.0,658.0,0.83351934,516.0,656.0,0.73435974,3,mountain
mountain/140556017_2828649177390667_3166637947657942147_n.jpg,549.0,576.0,0.64152664,560.0,569.0,0.60189515,535.0,570.0,0.706301,578.0,586.0,0.57117873,518.0,589.0,0.68681884,609.0,665.0,0.82257444,488.0,675.0,0.5668211,665.0,752.0,0.7412814,438.0,762.0,0.6976558,723.0,836.0,0.521718,384.0,846.0,0.6873183,598.0,843.0,0.74900734,505.0,849.0,0.6808744,614.0,1008.0,0.64946795,497.0,1024.0,0.73163337,641.0,1160.0,0.5503764,481.0,1173.0,0.6213951,3,mountain
mountain/140959965_1191009264678256_7390605394878547346_n.jpg,529.0,159.0,0.69407,544.0,144.0,0.77721566,512.0,144.0,0.5232101,564.0,158.0,0.78687865,487.0,160.0,0.8122708,608.0,260.0,0.7976122,442.0,262.0,0.9256329,616.0,407.0,0.90203613,431.0,404.0,0.9089147,654.0,517.0,0.8876754,378.0,517.0,0.93138033,577.0,495.0,0.84596646,474.0,494.0,0.7830362,563.0,718.0,0.7812803,473.0,713.0,0.9366444,564.0,896.0,0.9170529,460.0,896.0,0.88136023,3,mountain
mountain/141.jpg,85.0,18.0,0.6858287,88.0,15.0,0.830302,82.0,16.0,0.49495316,93.0,17.0,0.7618461,79.0,18.0,0.668033,103.0,37.0,0.8797275,71.0,38.0,0.9002085,106.0,63.0,0.8740555,69.0,64.0,0.8869824,113.0,83.0,0.7722074,63.0,84.0,0.79175574,96.0,81.0,0.87438536,78.0,82.0,0.85794705,95.0,118.0,0.77664727,78.0,120.0,0.6368265,93.0,159.0,0.84468013,81.0,159.0,0.8454021,3,mountain
mountain/141015334_1347620935602042_3727570319118054782_n.jpg,605.0,82.0,0.6299614,585.0,62.0,0.73869365,586.0,62.0,0.7763796,533.0,80.0,0.766928,531.0,81.0,0.81399846,520.0,192.0,0.74480104,509.0,192.0,0.839103,533.0,373.0,0.48538426,517.0,371.0,0.8024806,523.0,529.0,0.49541557,518.0,534.0,0.56442046,529.0,499.0,0.68445534,526.0,502.0,0.7174313,520.0,784.0,0.7366645,518.0,784.0,0.6839233,520.0,1009.0,0.69880486,522.0,1023.0,0.6574741,3,mountain
mountain/141286013_2954667888143071_1608957467412352547_n.jpg,727.0,363.0,0.6404853,743.0,346.0,0.5657728,727.0,346.0,0.65140176,786.0,353.0,0.6819583,751.0,352.0,0.5454706,831.0,457.0,0.75675124,727.0,451.0,0.72991157,825.0,610.0,0.6295981,732.0,594.0,0.521369,836.0,741.0,0.805084,748.0,711.0,0.14331584,781.0,713.0,0.7781975,700.0,710.0,0.72313696,775.0,908.0,0.7120931,728.0,904.0,0.8900968,797.0,1042.0,0.18145992,744.0,1051.0,0.6738511,3,mountain
mountain/141495864_1727816210713484_6930680681852655004_n.jpg,614.0,164.0,0.8278297,635.0,149.0,0.82861894,590.0,149.0,0.7602238,665.0,184.0,0.7332498,559.0,184.0,0.91713226,733.0,309.0,0.9321669,496.0,318.0,0.9608664,764.0,501.0,0.83692646,459.0,494.0,0.92550296,838.0,652.0,0.9314185,389.0,636.0,0.8808695,689.0,642.0,0.8728183,524.0,643.0,0.8463478,648.0,952.0,0.8935229,551.0,948.0,0.91110283,626.0,1197.0,0.86728156,567.0,1195.0,0.8278739,3,mountain
mountain/141635336_416430783031556_8889395836104892653_n.jpg,486.0,180.0,0.80052507,512.0,157.0,0.8357054,463.0,157.0,0.8762119,557.0,171.0,0.536252,440.0,175.0,0.79265857,648.0,304.0,0.92331815,371.0,318.0,0.8673192,685.0,510.0,0.91038185,353.0,519.0,0.93464506,728.0,673.0,0.77125,311.0,676.0,0.8141136,591.0,671.0,0.8263848,422.0,677.0,0.83673215,570.0,962.0,0.72115755,436.0,976.0,0.8932007,579.0,1190.0,0.8109702,450.0,1217.0,0.7827513,3,mountain
mountain/141767696_515539082741281_3642959811955694081_n.jpg,360.0,165.0,0.7957668,366.0,159.0,0.85262305,355.0,158.0,0.66258764,373.0,158.0,0.5912967,350.0,156.0,0.77343,388.0,185.0,0.8143671,332.0,183.0,0.91791654,393.0,230.0,0.90688914,324.0,228.0,0.905325,408.0,264.0,0.9418753,306.0,263.0,0.7138796,376.0,262.0,0.8376142,343.0,263.0,0.8497938,370.0,341.0,0.9336909,350.0,340.0,0.90347517,369.0,406.0,0.69986415,353.0,405.0,0.7382231,3,mountain
mountain/141889294_2995989590631406_1107027885174106268_n.jpg,567.0,187.0,0.5655463,584.0,171.0,0.40557283,550.0,171.0,0.60489976,608.0,183.0,0.517275,532.0,186.0,0.52542126,647.0,295.0,0.72483504,492.0,295.0,0.71963596,689.0,435.0,0.79145974,452.0,432.0,0.65261453,739.0,546.0,0.8219671,394.0,551.0,0.65575385,623.0,552.0,0.7523954,519.0,557.0,0.7010448,608.0,767.0,0.73472404,534.0,764.0,0.7823651,597.0,961.0,0.71478426,546.0,957.0,0.5015125,3,mountain
mountain/141890194_1817544775269019_271343993344199274_n.jpg,559.0,206.0,0.7950651,584.0,193.0,0.89847827,531.0,193.0,0.9157322,614.0,234.0,0.8165439,495.0,234.0,0.8329142,686.0,387.0,0.922474,419.0,379.0,0.8990002,713.0,606.0,0.8802501,388.0,578.0,0.84963477,790.0,786.0,0.93794614,353.0,624.0,0.5242342,630.0,734.0,0.90543973,462.0,728.0,0.86192673,587.0,1030.0,0.40141645,477.0,1013.0,0.6696108,598.0,932.0,0.2307059,483.0,928.0,0.17762044,3,mountain
mountain/142.jpg,388.0,203.0,0.81191844,395.0,194.0,0.83145314,375.0,195.0,0.8923404,405.0,200.0,0.738044,361.0,205.0,0.8058785,425.0,247.0,0.90497935,343.0,247.0,0.84896106,448.0,166.0,0.68910545,319.0,167.0,0.7114581,456.0,123.0,0.5574562,316.0,125.0,0.41539884,411.0,401.0,0.85770977,351.0,401.0,0.689211,406.0,542.0,0.8047529,357.0,542.0,0.8556464,405.0,658.0,0.8918323,357.0,662.0,0.8420092,3,mountain
mountain/142329550_2898243267062429_104827607938027307_n.jpg,360.0,165.0,0.62390745,366.0,160.0,0.7344557,356.0,159.0,0.5200653,373.0,160.0,0.547385,350.0,157.0,0.62137437,387.0,186.0,0.8002323,334.0,186.0,0.8718447,394.0,230.0,0.8270584,323.0,230.0,0.69438803,407.0,264.0,0.8856796,305.0,264.0,0.8790969,376.0,262.0,0.7861841,344.0,263.0,0.8333249,371.0,341.0,0.9300199,349.0,340.0,0.8567852,370.0,405.0,0.80277526,354.0,406.0,0.6729287,3,mountain
mountain/142508785_843322186398787_2135420024652595609_n.jpg,544.0,503.0,0.455,554.0,494.0,0.3956068,535.0,494.0,0.49644014,567.0,496.0,0.7369325,523.0,497.0,0.71874005,593.0,554.0,0.8833109,494.0,552.0,0.842213,600.0,638.0,0.77538925,482.0,634.0,0.612299,617.0,709.0,0.7465706,468.0,707.0,0.72380704,571.0,709.0,0.78525555,512.0,709.0,0.7155058,576.0,819.0,0.8925909,515.0,820.0,0.7939435,576.0,928.0,0.87748855,513.0,922.0,0.5489683,3,mountain
mountain/142551412_102049415153217_5139858670553927593_n.jpg,468.0,129.0,0.62590194,481.0,111.0,0.8161284,481.0,110.0,0.81980765,528.0,117.0,0.6717644,523.0,120.0,0.587919,539.0,205.0,0.7281656,524.0,208.0,0.7448105,547.0,347.0,0.633566,533.0,343.0,0.62669915,516.0,468.0,0.64903414,503.0,463.0,0.6310245,521.0,496.0,0.64642984,496.0,490.0,0.72861934,529.0,719.0,0.7176773,491.0,715.0,0.70058715,553.0,933.0,0.7635938,519.0,909.0,0.7114249,3,mountain
mountain/142990231_235834214777480_4859660896025671422_n.jpg,502.0,171.0,0.55092,520.0,156.0,0.59750724,481.0,156.0,0.76693976,542.0,171.0,0.48266062,453.0,173.0,0.5831481,579.0,286.0,0.7734612,406.0,290.0,0.59224427,632.0,405.0,0.6196368,352.0,423.0,0.5124837,694.0,494.0,0.61117834,288.0,531.0,0.65112054,557.0,567.0,0.7775802,434.0,570.0,0.6583263,532.0,725.0,0.60714316,457.0,736.0,0.5901015,520.0,837.0,0.5276715,461.0,867.0,0.6646662,3,mountain
mountain/143.jpg,332.0,203.0,0.8169329,342.0,196.0,0.84842944,321.0,195.0,0.8235823,356.0,202.0,0.7869754,311.0,203.0,0.7580504,372.0,245.0,0.8503033,293.0,249.0,0.9290517,401.0,166.0,0.78265417,272.0,167.0,0.68433136,402.0,124.0,0.43394807,265.0,123.0,0.5761658,365.0,396.0,0.866031,304.0,396.0,0.8225491,363.0,540.0,0.83380836,312.0,538.0,0.906839,361.0,661.0,0.764343,316.0,656.0,0.7291702,3,mountain
mountain/143218420_3591457827638014_5544458091518093608_n.jpg,484.0,278.0,0.7137403,516.0,238.0,0.7102313,437.0,242.0,0.4758987,556.0,233.0,0.50545454,371.0,242.0,0.55678535,581.0,386.0,0.81762993,353.0,427.0,0.6767366,666.0,500.0,0.6306069,303.0,574.0,0.51555073,763.0,601.0,0.6705929,230.0,709.0,0.6440779,578.0,698.0,0.777658,458.0,728.0,0.7257789,567.0,845.0,0.69731766,464.0,876.0,0.75239944,583.0,940.0,0.6922313,466.0,1026.0,0.78012294,3,mountain
mountain/143267520_1140580806394566_8322992758866123476_n.jpg,531.0,372.0,0.52513707,549.0,351.0,0.49601895,506.0,359.0,0.73447776,583.0,363.0,0.67215216,488.0,381.0,0.748348,652.0,504.0,0.80524194,442.0,513.0,0.9127,673.0,677.0,0.86176527,422.0,681.0,0.85473907,711.0,834.0,0.86783826,387.0,841.0,0.85102624,618.0,792.0,0.78865117,482.0,799.0,0.78047,623.0,1060.0,0.9392102,496.0,1066.0,0.79316485,651.0,1300.0,0.79264367,481.0,1290.0,0.6022308,3,mountain
mountain/143373979_231917661919667_2890616540583312519_n.jpg,566.0,303.0,0.7289258,553.0,287.0,0.6100818,555.0,287.0,0.595736,510.0,293.0,0.691493,511.0,295.0,0.71137404,513.0,377.0,0.79907423,503.0,382.0,0.83890784,522.0,526.0,0.4958172,507.0,531.0,0.71958804,546.0,651.0,0.5561577,541.0,658.0,0.4233754,508.0,593.0,0.6159936,505.0,597.0,0.77460974,514.0,770.0,0.4806226,513.0,771.0,0.5226829,485.0,919.0,0.5403335,485.0,953.0,0.666661,3,mountain
mountain/143419222_445755786834932_6079433570967553053_n.jpg,439.0,357.0,0.810269,454.0,347.0,0.7886694,427.0,345.0,0.80951154,476.0,363.0,0.78694797,405.0,360.0,0.72994643,520.0,461.0,0.9050754,361.0,458.0,0.8869191,535.0,576.0,0.8614934,336.0,575.0,0.88118124,537.0,677.0,0.8444746,328.0,664.0,0.8990736,478.0,668.0,0.82159543,386.0,670.0,0.80968106,469.0,862.0,0.76000583,403.0,856.0,0.7834778,452.0,1015.0,0.78712255,417.0,1015.0,0.76871884,3,mountain
mountain/143422009_1093988347735976_2095488376003140022_n.jpg,506.0,354.0,0.70595443,528.0,327.0,0.8776491,478.0,334.0,0.6948225,564.0,338.0,0.69739103,451.0,355.0,0.6009685,634.0,487.0,0.896901,400.0,495.0,0.9463984,660.0,670.0,0.71605444,371.0,670.0,0.8907726,707.0,848.0,0.8553582,321.0,858.0,0.8838205,596.0,791.0,0.8414252,448.0,794.0,0.8420738,593.0,1083.0,0.835875,459.0,1087.0,0.90367264,618.0,1320.0,0.91512454,443.0,1316.0,0.7147971,3,mountain
mountain/143424759_2815993485343558_4996206162734130710_n.jpg,523.0,370.0,0.51996905,535.0,358.0,0.47221926,508.0,359.0,0.80828,553.0,370.0,0.6742412,490.0,371.0,0.507742,583.0,458.0,0.69883895,463.0,459.0,0.7837766,613.0,565.0,0.6519098,434.0,556.0,0.5226804,644.0,656.0,0.712837,404.0,655.0,0.6468968,565.0,652.0,0.7318848,482.0,650.0,0.58408034,560.0,812.0,0.7804799,481.0,813.0,0.8438392,565.0,958.0,0.76361775,462.0,957.0,0.74452364,3,mountain
mountain/143683847_456279185546724_7441343032175233586_n.jpg,446.0,55.0,0.8298888,460.0,49.0,0.76185375,431.0,45.0,0.78253055,470.0,71.0,0.55704045,406.0,66.0,0.80542547,500.0,160.0,0.9174288,363.0,151.0,0.8577002,498.0,270.0,0.8793279,344.0,264.0,0.77579,519.0,366.0,0.8785774,311.0,357.0,0.89482355,462.0,327.0,0.8525088,378.0,324.0,0.8755583,449.0,501.0,0.7711701,370.0,499.0,0.87937653,438.0,625.0,0.7840692,373.0,629.0,0.8090997,3,mountain
mountain/143790855_3978761258809025_7018542752487910615_n.jpg,463.0,89.0,0.6928016,491.0,89.0,0.54751754,450.0,92.0,0.7632869,526.0,135.0,0.8214462,441.0,134.0,0.75083965,578.0,211.0,0.9126792,385.0,233.0,0.9216453,604.0,370.0,0.83845705,341.0,390.0,0.9099171,656.0,502.0,0.79435205,266.0,517.0,0.6901051,531.0,490.0,0.8360462,386.0,488.0,0.700178,511.0,760.0,0.48123622,382.0,752.0,0.5726367,500.0,962.0,0.14679374,390.0,985.0,0.15486261,3,mountain
mountain/144.jpg,135.0,25.0,0.4791964,139.0,21.0,0.80911374,130.0,21.0,0.5029793,147.0,26.0,0.5711864,124.0,27.0,0.6270063,156.0,58.0,0.5743418,113.0,58.0,0.56240165,161.0,99.0,0.6980294,108.0,96.0,0.7611798,176.0,129.0,0.6979697,96.0,129.0,0.7349174,148.0,126.0,0.71863425,120.0,127.0,0.6325765,147.0,185.0,0.77965117,124.0,186.0,0.8163308,145.0,237.0,0.8352109,124.0,239.0,0.5782641,3,mountain
mountain/144181489_533272290900742_5295017405913260196_n.jpg,523.0,239.0,0.72539914,532.0,231.0,0.6173321,514.0,230.0,0.6962833,543.0,237.0,0.7146021,503.0,237.0,0.7565913,570.0,289.0,0.87812126,480.0,294.0,0.88450533,576.0,369.0,0.8784669,480.0,372.0,0.9322524,592.0,437.0,0.9074977,462.0,438.0,0.88028854,550.0,413.0,0.7498457,501.0,412.0,0.8051642,541.0,542.0,0.8937241,512.0,540.0,0.9258473,536.0,637.0,0.543226,518.0,640.0,0.83565235,3,mountain
mountain/144371575_905657603509920_3423253583479861501_n.jpg,403.0,108.0,0.77858955,412.0,96.0,0.8422639,390.0,97.0,0.707723,426.0,101.0,0.8889049,373.0,105.0,0.89160466,459.0,173.0,0.8123999,342.0,173.0,0.8723532,505.0,266.0,0.8698852,296.0,264.0,0.7435212,563.0,330.0,0.8080907,231.0,329.0,0.83275247,437.0,349.0,0.8671787,361.0,351.0,0.7756205,426.0,512.0,0.77401483,363.0,511.0,0.7961632,420.0,654.0,0.58486843,367.0,654.0,0.8003637,3,mountain
mountain/144442725_320227526098998_5971327160430196706_n.jpg,585.0,293.0,0.7130989,617.0,265.0,0.64376825,564.0,261.0,0.6963403,643.0,219.0,0.5542983,523.0,196.0,0.62484777,666.0,313.0,0.5931052,429.0,286.0,0.89260674,671.0,480.0,0.6994556,386.0,501.0,0.8944249,693.0,654.0,0.75107956,385.0,677.0,0.91984487,630.0,634.0,0.82848346,478.0,635.0,0.71808755,588.0,960.0,0.8744314,493.0,961.0,0.84254324,581.0,1238.0,0.6899922,500.0,1245.0,0.8439814,3,mountain
mountain/144451034_1063874900758530_3100950616800917007_n.jpg,512.0,98.0,0.75567883,531.0,82.0,0.66859245,493.0,82.0,0.52913404,556.0,103.0,0.71032786,465.0,102.0,0.77412784,592.0,198.0,0.87427616,418.0,202.0,0.89018714,675.0,317.0,0.7356428,332.0,319.0,0.7240996,551.0,308.0,0.4216156,458.0,305.0,0.47618654,561.0,472.0,0.8547621,451.0,470.0,0.81621873,547.0,725.0,0.57971644,482.0,734.0,0.7739295,533.0,936.0,0.48454157,494.0,949.0,0.39318645,3,mountain
mountain/144568340_1059429887866329_5771786788800751092_n.jpg,574.0,432.0,0.81646395,623.0,391.0,0.6273341,519.0,389.0,0.7680113,675.0,447.0,0.75412524,449.0,433.0,0.7664288,766.0,645.0,0.76443017,348.0,640.0,0.90261924,908.0,990.0,0.7678962,184.0,994.0,0.6133844,608.0,879.0,0.5579982,537.0,890.0,0.6355424,655.0,1121.0,0.42427096,402.0,1137.0,0.57093364,956.0,1004.0,0.8023265,154.0,985.0,0.45832714,857.0,1329.0,0.66428924,215.0,1317.0,0.6552208,3,mountain
mountain/144638744_411627676720927_2534569041405904552_n.jpg,467.0,462.0,0.72634566,479.0,454.0,0.8727647,457.0,452.0,0.71891344,493.0,468.0,0.60070884,443.0,465.0,0.86696076,520.0,525.0,0.7678335,412.0,527.0,0.8852696,530.0,619.0,0.8426385,393.0,624.0,0.8753016,560.0,695.0,0.9136552,366.0,702.0,0.88970137,503.0,679.0,0.8826542,429.0,680.0,0.8847375,494.0,830.0,0.8991576,435.0,828.0,0.9289671,487.0,945.0,0.88457847,444.0,944.0,0.8345078,3,mountain
mountain/144746382_450719599673411_4058247033976012885_n.jpg,272.0,342.0,0.41876665,285.0,322.0,0.5796289,284.0,321.0,0.59790885,341.0,336.0,0.6239002,351.0,333.0,0.5897771,489.0,473.0,0.8776994,279.0,475.0,0.89426786,672.0,493.0,0.8367759,159.0,460.0,0.84649724,908.0,506.0,0.7458508,76.0,444.0,0.5218979,517.0,810.0,0.8885584,382.0,822.0,0.84568083,650.0,1086.0,0.82531226,275.0,887.0,0.6137179,865.0,1288.0,0.81846434,314.0,1080.0,0.88376874,3,mountain
mountain/144746383_136029578337835_7314916181612226545_n.jpg,324.0,289.0,0.7380103,347.0,273.0,0.8835306,319.0,271.0,0.83616763,389.0,290.0,0.8395227,326.0,281.0,0.60117245,440.0,404.0,0.8569088,284.0,399.0,0.8706148,446.0,575.0,0.7744846,276.0,564.0,0.7307324,465.0,729.0,0.8384651,227.0,695.0,0.8225404,392.0,671.0,0.7951298,295.0,678.0,0.8558589,389.0,941.0,0.82978696,329.0,931.0,0.8178675,378.0,1153.0,0.80146503,329.0,1139.0,0.78166366,3,mountain
mountain/144763319_1796190033873792_319537942765674402_n.jpg,511.0,164.0,0.4994102,528.0,157.0,0.5255811,492.0,156.0,0.6239438,554.0,187.0,0.5950288,464.0,187.0,0.39413276,606.0,288.0,0.7789082,431.0,301.0,0.76627845,661.0,417.0,0.62236077,398.0,434.0,0.7677258,726.0,528.0,0.7150154,338.0,546.0,0.72105914,588.0,537.0,0.7320541,464.0,538.0,0.6478213,604.0,750.0,0.8652873,465.0,749.0,0.7711375,634.0,959.0,0.7702862,456.0,959.0,0.8046816,3,mountain
mountain/144849333_233606965152762_1337228678237261964_n.jpg,461.0,231.0,0.75777113,483.0,216.0,0.7371439,436.0,217.0,0.65716356,510.0,252.0,0.67710483,408.0,254.0,0.6188457,561.0,382.0,0.9420344,352.0,386.0,0.73304,591.0,577.0,0.8417803,324.0,569.0,0.71680886,628.0,728.0,0.92288464,272.0,720.0,0.73647845,531.0,721.0,0.7961383,387.0,725.0,0.8067515,529.0,958.0,0.8185011,401.0,960.0,0.80974776,548.0,1056.0,0.11225893,405.0,1069.0,0.11162255,3,mountain
mountain/144883342_211718750635909_7413912039937213606_n.jpg,594.0,139.0,0.8579561,614.0,121.0,0.83755845,559.0,120.0,0.71737766,634.0,149.0,0.8210311,507.0,160.0,0.86768776,703.0,305.0,0.9374664,439.0,300.0,0.9393654,719.0,518.0,0.75894004,413.0,523.0,0.8704576,772.0,684.0,0.863878,359.0,701.0,0.918228,660.0,643.0,0.87495774,500.0,642.0,0.86193526,603.0,981.0,0.84371275,510.0,976.0,0.9235963,577.0,1253.0,0.8243384,502.0,1259.0,0.703503,3,mountain
mountain/145.jpg,125.0,26.0,0.70957935,130.0,22.0,0.6681822,119.0,22.0,0.8404081,137.0,26.0,0.71388245,113.0,26.0,0.596238,146.0,58.0,0.76167035,103.0,59.0,0.7690778,150.0,98.0,0.69081664,99.0,99.0,0.7880021,163.0,130.0,0.72614944,83.0,129.0,0.56246823,139.0,126.0,0.72988343,111.0,126.0,0.7678004,135.0,184.0,0.8238692,113.0,184.0,0.58751756,134.0,236.0,0.7474363,115.0,236.0,0.825608,3,mountain
mountain/145013323_841558299744143_8259716864289895665_n.jpg,525.0,596.0,0.5384551,519.0,586.0,0.59854114,532.0,587.0,0.42204902,509.0,593.0,0.69688547,539.0,596.0,0.737242,489.0,631.0,0.9006822,550.0,628.0,0.87070924,479.0,684.0,0.7231196,560.0,683.0,0.80894655,457.0,732.0,0.90108424,579.0,729.0,0.8399982,497.0,721.0,0.8682563,537.0,722.0,0.8952234,493.0,818.0,0.80632174,540.0,817.0,0.9273436,495.0,897.0,0.6252115,540.0,896.0,0.7289647,3,mountain
mountain/145077138_119663436706688_1860818923414356206_n.jpg,502.0,154.0,0.6657814,519.0,141.0,0.7525064,481.0,141.0,0.85488844,542.0,162.0,0.9147544,457.0,167.0,0.70209503,590.0,275.0,0.9081472,407.0,273.0,0.9298878,643.0,428.0,0.9599912,353.0,421.0,0.93246573,706.0,548.0,0.95125955,287.0,548.0,0.71459687,553.0,522.0,0.8247657,453.0,524.0,0.8453498,540.0,765.0,0.95725596,471.0,765.0,0.90744394,528.0,980.0,0.86960095,481.0,987.0,0.8028394,3,mountain
mountain/145109788_264265285103908_1178915906346287224_n.jpg,515.0,141.0,0.6710946,549.0,113.0,0.9078768,482.0,111.0,0.8661443,590.0,143.0,0.8038173,445.0,140.0,0.8874966,684.0,317.0,0.90621775,345.0,316.0,0.8843421,728.0,538.0,0.66531944,283.0,538.0,0.8642232,827.0,697.0,0.9081358,186.0,704.0,0.9233889,623.0,700.0,0.8929569,417.0,701.0,0.85031915,619.0,996.0,0.8876092,440.0,993.0,0.89048785,639.0,1212.0,0.8421385,422.0,1206.0,0.7715764,3,mountain
mountain/145109793_1059274047889401_5666615040343594939_n.jpg,516.0,232.0,0.590243,533.0,219.0,0.6771949,505.0,225.0,0.5799922,574.0,236.0,0.5913336,497.0,244.0,0.38291532,628.0,341.0,0.6020708,470.0,349.0,0.75194776,684.0,472.0,0.5835607,439.0,488.0,0.439301,744.0,584.0,0.43769962,383.0,579.0,0.5023532,581.0,591.0,0.8072115,473.0,587.0,0.71767366,598.0,791.0,0.51167774,474.0,779.0,0.6706046,602.0,1001.0,0.6035534,465.0,953.0,0.9134648,3,mountain
mountain/145115755_235215598261560_5958941724026662886_n.jpg,558.0,99.0,0.8162255,576.0,80.0,0.8478454,534.0,79.0,0.8725165,602.0,97.0,0.6721928,501.0,100.0,0.8837479,659.0,207.0,0.95594156,446.0,207.0,0.92643505,700.0,383.0,0.8780285,410.0,371.0,0.9397358,772.0,518.0,0.93983966,332.0,510.0,0.8112103,623.0,482.0,0.8827891,483.0,480.0,0.8349416,637.0,763.0,0.93089765,472.0,763.0,0.87823415,658.0,992.0,0.8781951,454.0,995.0,0.74389243,3,mountain
mountain/145180337_3041397666131839_5487667468395356492_n.jpg,508.0,179.0,0.56564206,521.0,159.0,0.3733754,512.0,157.0,0.5099714,580.0,166.0,0.57297766,572.0,162.0,0.2275521,605.0,285.0,0.45113495,587.0,276.0,0.6380968,583.0,483.0,0.56594384,573.0,476.0,0.25565115,566.0,653.0,0.70241165,561.0,642.0,0.1909446,567.0,591.0,0.58473533,549.0,579.0,0.5443722,315.0,661.0,0.7785376,335.0,643.0,0.39697164,251.0,940.0,0.4751807,291.0,874.0,0.41754147,3,mountain
mountain/145212577_442556950274902_896871813550589877_n.jpg,516.0,565.0,0.7858701,532.0,549.0,0.8500266,501.0,548.0,0.75529855,554.0,561.0,0.6377664,480.0,561.0,0.9063086,586.0,649.0,0.70588577,442.0,645.0,0.9253389,620.0,792.0,0.8847627,401.0,780.0,0.95488393,661.0,907.0,0.88272864,354.0,889.0,0.8636887,559.0,869.0,0.91421384,463.0,870.0,0.89094687,543.0,1075.0,0.92510444,480.0,1072.0,0.8667215,537.0,1245.0,0.82919794,491.0,1241.0,0.85684043,3,mountain
mountain/145511362_1057417921429418_1689138935216570179_n.jpg,640.0,299.0,0.8009771,639.0,297.0,0.8391,638.0,296.0,0.78532654,634.0,297.0,0.755479,632.0,297.0,0.8879404,641.0,308.0,0.93791366,623.0,308.0,0.9339321,657.0,306.0,0.80441934,609.0,307.0,0.8810381,676.0,303.0,0.74727523,596.0,304.0,0.8902735,637.0,339.0,0.9378,626.0,338.0,0.86039144,661.0,347.0,0.82990634,611.0,355.0,0.7801865,663.0,374.0,0.8214684,593.0,368.0,0.9386852,3,mountain
mountain/145737707_448386996341547_1343192626088345291_n.jpg,543.0,74.0,0.6672894,566.0,63.0,0.8354947,525.0,61.0,0.61212486,601.0,93.0,0.7993293,498.0,86.0,0.6049051,651.0,237.0,0.7894206,437.0,227.0,0.8814328,694.0,412.0,0.5902144,382.0,395.0,0.63615894,745.0,559.0,0.56097406,312.0,554.0,0.7237763,611.0,554.0,0.7688377,472.0,555.0,0.781323,593.0,773.0,0.6738706,480.0,790.0,0.84155816,630.0,1023.0,0.81973064,449.0,1028.0,0.6123024,3,mountain
mountain/145973049_447020876489182_7873974366672267023_n.jpg,418.0,78.0,0.75830686,415.0,65.0,0.54824054,413.0,55.0,0.60194325,370.0,48.0,0.72760653,367.0,34.0,0.5922501,370.0,127.0,0.50190866,329.0,55.0,0.65293026,379.0,255.0,0.26837376,317.0,130.0,0.8052635,368.0,361.0,0.43431583,298.0,217.0,0.71237826,341.0,298.0,0.8561575,315.0,272.0,0.79448533,319.0,497.0,0.60118484,247.0,493.0,0.7976732,260.0,671.0,0.23771897,196.0,666.0,0.30267656,3,mountain
mountain/146.jpg,149.0,33.0,0.6688879,154.0,27.0,0.6090714,143.0,28.0,0.57259196,161.0,29.0,0.90400976,137.0,32.0,0.5670836,176.0,64.0,0.8796305,121.0,64.0,0.88966674,179.0,109.0,0.9280153,118.0,107.0,0.89735097,180.0,150.0,0.7938959,116.0,147.0,0.77590746,163.0,144.0,0.77040195,134.0,144.0,0.779888,159.0,212.0,0.83388704,135.0,210.0,0.84568024,152.0,276.0,0.7381313,141.0,275.0,0.82831544,3,mountain
mountain/146047677_711097259567079_3630821747267573095_n.jpg,504.0,450.0,0.1690267,486.0,432.0,0.20369838,524.0,432.0,0.24003798,461.0,449.0,0.5251,535.0,448.0,0.54540145,410.0,528.0,0.6851842,574.0,546.0,0.7501379,381.0,674.0,0.52291584,606.0,678.0,0.6005528,341.0,759.0,0.5088226,653.0,758.0,0.72168434,446.0,769.0,0.7388358,536.0,773.0,0.78668976,464.0,925.0,0.8074322,525.0,929.0,0.872,466.0,1063.0,0.5552687,522.0,1075.0,0.75474876,3,mountain
mountain/146237913_818589498729234_5389063058297252505_n.jpg,516.0,90.0,0.7552738,533.0,76.0,0.5708729,494.0,77.0,0.60237336,558.0,102.0,0.81500936,468.0,109.0,0.823399,600.0,206.0,0.85776705,416.0,214.0,0.95976967,618.0,368.0,0.87763923,400.0,363.0,0.8708356,654.0,499.0,0.8816571,365.0,506.0,0.67075515,564.0,473.0,0.7733857,452.0,471.0,0.7044736,547.0,732.0,0.8204196,480.0,735.0,0.8114061,544.0,952.0,0.5659027,486.0,961.0,0.6142482,3,mountain
mountain/146247310_477857143601596_5610680029607431109_n.jpg,545.0,219.0,0.5886997,558.0,208.0,0.48937368,526.0,210.0,0.5105232,577.0,228.0,0.7870499,506.0,233.0,0.5312066,619.0,333.0,0.6695651,476.0,338.0,0.6721007,658.0,463.0,0.7630487,436.0,462.0,0.5950911,694.0,573.0,0.5644641,389.0,570.0,0.61540926,597.0,564.0,0.7296475,490.0,567.0,0.6346158,585.0,766.0,0.7261877,497.0,764.0,0.84457624,586.0,945.0,0.6579763,498.0,947.0,0.5017283,3,mountain
mountain/146318086_1058745754624981_213901581978957018_n.jpg,116.0,177.0,0.26731473,118.0,174.0,0.32172635,115.0,174.0,0.26633924,120.0,174.0,0.25997755,108.0,177.0,0.20183222,120.0,184.0,0.21081024,106.0,187.0,0.22437851,123.0,188.0,0.11508677,105.0,194.0,0.1809209,116.0,194.0,0.119125195,108.0,197.0,0.12863068,118.0,204.0,0.21769194,108.0,206.0,0.22609572,119.0,215.0,0.17976415,106.0,219.0,0.21931756,120.0,225.0,0.12827678,105.0,233.0,0.16614372,3,mountain
mountain/146660449_1021127725042896_5292635289086808764_n.jpg,345.0,49.0,0.8114244,355.0,37.0,0.57142663,334.0,37.0,0.8587083,371.0,43.0,0.84975183,321.0,44.0,0.5999572,400.0,112.0,0.9060652,296.0,108.0,0.9407005,403.0,202.0,0.8721858,291.0,203.0,0.89001435,420.0,269.0,0.84307826,266.0,272.0,0.78741664,377.0,250.0,0.84182703,317.0,249.0,0.7596826,384.0,359.0,0.93287283,306.0,362.0,0.8134736,397.0,464.0,0.8371607,297.0,463.0,0.8729025,3,mountain
mountain/146887214_1501603796897521_6744087438841473510_n.jpg,558.0,207.0,0.28705418,568.0,197.0,0.34871617,535.0,191.0,0.38994622,569.0,206.0,0.59133834,500.0,202.0,0.46217602,620.0,310.0,0.70517504,442.0,316.0,0.8322553,630.0,464.0,0.9009988,431.0,467.0,0.90970004,643.0,586.0,0.7968244,429.0,594.0,0.61758375,587.0,563.0,0.8394949,482.0,564.0,0.80333537,570.0,796.0,0.92183197,507.0,797.0,0.69605815,563.0,997.0,0.72447705,505.0,999.0,0.85628265,3,mountain
mountain/146908286_953557598749618_4357735107645434690_n.jpg,552.0,297.0,0.7806662,572.0,275.0,0.57567793,520.0,280.0,0.5297768,609.0,293.0,0.47288743,490.0,311.0,0.6930558,657.0,479.0,0.5953004,435.0,483.0,0.5433104,687.0,658.0,0.6068498,380.0,677.0,0.6836381,720.0,831.0,0.5054157,323.0,855.0,0.35032037,612.0,840.0,0.71156424,471.0,843.0,0.5715238,582.0,1099.0,0.52187294,488.0,1099.0,0.6768643,571.0,1273.0,0.2936934,522.0,1277.0,0.3206158,3,mountain
mountain/146961751_3490448807743707_7600079568972442620_n.jpg,370.0,146.0,0.5735507,363.0,131.0,0.4219087,365.0,131.0,0.5344631,322.0,125.0,0.3623923,331.0,128.0,0.6764615,241.0,210.0,0.62696505,370.0,219.0,0.6042707,222.0,327.0,0.7009177,397.0,340.0,0.7456933,199.0,417.0,0.6777228,431.0,433.0,0.7127734,264.0,415.0,0.4896151,343.0,417.0,0.62405956,285.0,595.0,0.29507455,326.0,592.0,0.37619263,320.0,754.0,0.7201474,283.0,751.0,0.5804312,3,mountain
mountain/146994766_3529671883825106_2097926603129381735_n.jpg,597.0,189.0,0.52150697,591.0,181.0,0.4767149,591.0,181.0,0.45142013,572.0,185.0,0.73437166,570.0,185.0,0.8404516,563.0,229.0,0.7059077,561.0,230.0,0.8351703,558.0,298.0,0.3733851,556.0,300.0,0.57452035,575.0,366.0,0.5437182,574.0,365.0,0.6167205,567.0,370.0,0.80692196,569.0,370.0,0.78722936,564.0,497.0,0.613055,564.0,500.0,0.58612794,559.0,605.0,0.6944165,559.0,615.0,0.5986033,3,mountain
mountain/147.jpg,149.0,33.0,0.5732125,155.0,27.0,0.5238537,144.0,28.0,0.6357764,162.0,31.0,0.86576384,137.0,31.0,0.8367721,178.0,65.0,0.8183297,121.0,64.0,0.76909196,181.0,108.0,0.80395406,120.0,109.0,0.9366148,182.0,148.0,0.5897233,119.0,148.0,0.87807715,165.0,144.0,0.8138448,136.0,145.0,0.8111229,162.0,211.0,0.7291543,139.0,211.0,0.8190316,158.0,277.0,0.81072885,145.0,275.0,0.8538337,3,mountain
mountain/147178313_423648175540669_2334034451376883495_n.jpg,551.0,375.0,0.21934964,541.0,363.0,0.3043345,567.0,364.0,0.15554409,539.0,381.0,0.6046654,603.0,382.0,0.4248116,517.0,429.0,0.61708814,632.0,445.0,0.5084027,465.0,338.0,0.4635936,655.0,365.0,0.44548768,401.0,248.0,0.521,686.0,270.0,0.21049733,516.0,680.0,0.6735704,593.0,677.0,0.6623173,524.0,861.0,0.40468642,589.0,862.0,0.54548764,549.0,1046.0,0.41127944,577.0,1045.0,0.454738,3,mountain
mountain/147365507_102567851798636_3977706177524351447_n.jpg,580.0,167.0,0.62874615,587.0,154.0,0.8568627,545.0,148.0,0.6616224,577.0,179.0,0.8268154,481.0,182.0,0.786831,653.0,339.0,0.8838916,424.0,287.0,0.92125726,840.0,327.0,0.8263436,391.0,98.0,0.767893,978.0,322.0,0.4087975,386.0,34.0,0.34913865,614.0,657.0,0.7799288,489.0,707.0,0.89579767,849.0,551.0,0.7746393,548.0,1040.0,0.93094784,1045.0,468.0,0.45587498,603.0,1325.0,0.9478062,3,mountain
mountain/147484351_864918594350876_1476213171580595753_n.jpg,523.0,126.0,0.5359142,508.0,91.0,0.670365,510.0,91.0,0.71089166,452.0,100.0,0.4409545,457.0,99.0,0.45338595,396.0,213.0,0.7047875,423.0,206.0,0.6507858,449.0,423.0,0.4204734,462.0,426.0,0.51380205,499.0,590.0,0.54266,504.0,591.0,0.6236012,443.0,596.0,0.84095776,451.0,598.0,0.80128515,444.0,969.0,0.71851003,445.0,973.0,0.6246407,440.0,1257.0,0.68685997,432.0,1292.0,0.7231605,3,mountain
mountain/147629202_3464697700322307_3798235306469699615_n - Copy.jpg,529.0,628.0,0.7017393,540.0,621.0,0.6902292,518.0,620.0,0.7370944,552.0,632.0,0.65387833,502.0,633.0,0.67069936,579.0,703.0,0.6493603,474.0,705.0,0.8007609,596.0,794.0,0.74987155,452.0,792.0,0.8105162,618.0,868.0,0.70421225,415.0,869.0,0.7214471,556.0,865.0,0.80329055,487.0,865.0,0.75433207,546.0,1005.0,0.86697197,491.0,1003.0,0.84782845,536.0,1122.0,0.77592725,493.0,1127.0,0.7374159,3,mountain
mountain/147629202_3464697700322307_3798235306469699615_n.jpg,529.0,628.0,0.7017393,540.0,621.0,0.6902292,518.0,620.0,0.7370944,552.0,632.0,0.65387833,502.0,633.0,0.67069936,579.0,703.0,0.6493603,474.0,705.0,0.8007609,596.0,794.0,0.74987155,452.0,792.0,0.8105162,618.0,868.0,0.70421225,415.0,869.0,0.7214471,556.0,865.0,0.80329055,487.0,865.0,0.75433207,546.0,1005.0,0.86697197,491.0,1003.0,0.84782845,536.0,1122.0,0.77592725,493.0,1127.0,0.7374159,3,mountain
mountain/148.jpg,512.0,140.0,0.74019873,528.0,128.0,0.8686639,496.0,127.0,0.63172984,553.0,150.0,0.80364203,476.0,149.0,0.66704917,579.0,246.0,0.7162335,438.0,248.0,0.6879565,647.0,340.0,0.47410253,376.0,348.0,0.7153143,528.0,311.0,0.6354704,479.0,314.0,0.37267774,558.0,481.0,0.77468836,461.0,478.0,0.7679682,538.0,696.0,0.7606022,470.0,689.0,0.72533095,521.0,873.0,0.7007737,484.0,873.0,0.7393774,3,mountain
mountain/148059864_888574128611927_8189197803420993771_n.jpg,522.0,125.0,0.85755014,531.0,118.0,0.8916837,512.0,118.0,0.8612222,543.0,128.0,0.72505903,499.0,128.0,0.8660034,564.0,184.0,0.9263674,476.0,184.0,0.94549924,574.0,260.0,0.9290462,465.0,256.0,0.89789194,601.0,316.0,0.89426064,437.0,315.0,0.948924,546.0,312.0,0.88139355,490.0,310.0,0.8731067,533.0,433.0,0.9226596,491.0,432.0,0.92771333,528.0,541.0,0.81944,489.0,543.0,0.87448305,3,mountain
mountain/148080938_754283461869845_3143586840631791703_n.jpg,673.0,84.0,0.39270058,672.0,64.0,0.42131013,660.0,59.0,0.5039042,633.0,64.0,0.16678452,600.0,58.0,0.6672467,616.0,176.0,0.6490506,585.0,166.0,0.4145669,600.0,344.0,0.21741834,585.0,350.0,0.7752033,628.0,487.0,0.3164711,609.0,489.0,0.6256294,614.0,493.0,0.622194,598.0,492.0,0.6953909,608.0,748.0,0.5919726,589.0,746.0,0.66840446,583.0,989.0,0.6727163,568.0,1010.0,0.722988,3,mountain
mountain/148250796_186683123234230_7344409377555836143_n.jpg,803.0,235.0,0.4348018,797.0,217.0,0.47584745,827.0,216.0,0.3504212,806.0,231.0,0.66348284,871.0,236.0,0.57128733,754.0,321.0,0.8174602,925.0,324.0,0.8436788,738.0,464.0,0.79086053,945.0,474.0,0.70765376,720.0,597.0,0.71999705,969.0,617.0,0.7460822,790.0,578.0,0.7376269,894.0,579.0,0.7228234,813.0,800.0,0.84737587,905.0,795.0,0.92521524,819.0,1000.0,0.81813776,906.0,1001.0,0.7793826,3,mountain
mountain/148333713_131899435455422_5700654291363468534_n.jpg,550.0,183.0,0.7976438,570.0,166.0,0.79277825,527.0,167.0,0.79981047,595.0,190.0,0.8938107,499.0,198.0,0.86062896,660.0,326.0,0.7571244,440.0,330.0,0.95583,688.0,497.0,0.7789217,417.0,507.0,0.81350243,730.0,647.0,0.83298016,386.0,653.0,0.8714222,620.0,605.0,0.8591398,494.0,605.0,0.8298335,599.0,877.0,0.9330782,510.0,879.0,0.8919877,584.0,1097.0,0.7295973,535.0,1099.0,0.77980113,3,mountain
mountain/148338543_172822147975155_7810038283733083216_n.jpg,540.0,206.0,0.7309437,558.0,191.0,0.4299896,522.0,189.0,0.43709156,584.0,204.0,0.6166806,496.0,201.0,0.7427917,617.0,323.0,0.70405835,453.0,323.0,0.75958675,659.0,457.0,0.5679162,411.0,460.0,0.72612906,723.0,584.0,0.65327144,352.0,581.0,0.5620389,584.0,564.0,0.7123878,481.0,563.0,0.613775,565.0,775.0,0.76284444,492.0,775.0,0.6898539,551.0,947.0,0.71313643,500.0,947.0,0.6282341,3,mountain
mountain/148346084_509906176659342_7220993952616168058_n.jpg,541.0,111.0,0.74155277,569.0,87.0,0.84359026,514.0,86.0,0.7642623,602.0,112.0,0.7301768,487.0,111.0,0.85974485,673.0,279.0,0.94771737,406.0,289.0,0.903768,700.0,488.0,0.77151304,384.0,494.0,0.84901553,780.0,671.0,0.8916317,296.0,682.0,0.89561844,616.0,651.0,0.83181065,464.0,650.0,0.8527892,607.0,971.0,0.9541834,483.0,967.0,0.91645885,614.0,1238.0,0.88181245,483.0,1236.0,0.9177282,3,mountain
mountain/148435067_255056912880422_140379378438479110_n.jpg,719.0,421.0,0.7872952,736.0,405.0,0.49490595,703.0,405.0,0.61833584,755.0,415.0,0.6570153,679.0,413.0,0.76956415,771.0,503.0,0.7424104,642.0,502.0,0.6794515,783.0,609.0,0.71637547,623.0,603.0,0.5301009,798.0,692.0,0.6694158,610.0,698.0,0.60102713,743.0,679.0,0.6285105,668.0,678.0,0.6258913,726.0,813.0,0.78266436,676.0,816.0,0.6027632,719.0,948.0,0.7011305,682.0,950.0,0.702916,3,mountain
mountain/148471171_711625879509412_2894272656450454731_n.jpg,463.0,216.0,0.52277875,479.0,192.0,0.46464822,470.0,195.0,0.74296796,533.0,193.0,0.6835911,522.0,193.0,0.48318505,549.0,269.0,0.8656541,537.0,274.0,0.71840036,534.0,435.0,0.6796219,532.0,436.0,0.6728296,521.0,575.0,0.5447409,519.0,575.0,0.56176245,529.0,532.0,0.7222376,522.0,526.0,0.67056054,541.0,795.0,0.78782994,543.0,795.0,0.7527173,569.0,1005.0,0.751195,569.0,997.0,0.65308386,3,mountain
mountain/148503219_1766240463556660_1922677531933888686_n.jpg,740.0,69.0,0.67394483,758.0,57.0,0.57494694,737.0,55.0,0.5673166,789.0,68.0,0.5941004,746.0,59.0,0.49412167,819.0,156.0,0.80651844,705.0,144.0,0.8108275,832.0,267.0,0.7465988,678.0,238.0,0.5427923,856.0,360.0,0.5190078,644.0,317.0,0.79972374,763.0,333.0,0.8366734,688.0,324.0,0.7468757,744.0,478.0,0.8164408,695.0,466.0,0.7582747,729.0,603.0,0.5697201,690.0,588.0,0.7946007,3,mountain
mountain/148580189_518946119109788_7939332189461648945_n.jpg,538.0,127.0,0.58557063,558.0,115.0,0.6674127,515.0,117.0,0.6319021,587.0,149.0,0.38264444,488.0,152.0,0.33897758,625.0,283.0,0.7862574,443.0,286.0,0.771465,654.0,441.0,0.7033653,413.0,433.0,0.5781137,693.0,579.0,0.7840656,374.0,579.0,0.51028043,592.0,556.0,0.7581481,475.0,558.0,0.70651776,575.0,807.0,0.79255694,492.0,812.0,0.59042835,569.0,1061.0,0.3695414,501.0,1060.0,0.4519403,3,mountain
mountain/148670124_1047098022442663_3210559058451414142_n.jpg,575.0,110.0,0.75991344,598.0,95.0,0.91616327,556.0,91.0,0.6805692,622.0,120.0,0.6830237,529.0,114.0,0.7370535,664.0,245.0,0.95841944,470.0,239.0,0.8262396,689.0,413.0,0.8793595,441.0,405.0,0.9021465,739.0,546.0,0.9276622,382.0,543.0,0.7297324,628.0,527.0,0.89422494,513.0,527.0,0.8463155,617.0,761.0,0.7491344,520.0,761.0,0.8171688,622.0,975.0,0.85190904,519.0,978.0,0.87019944,3,mountain
mountain/148684355_140137661267702_2865152703309105576_n.jpg,469.0,168.0,0.6911634,488.0,148.0,0.6710303,448.0,152.0,0.74643517,524.0,170.0,0.67107916,433.0,175.0,0.86820984,587.0,283.0,0.78107506,382.0,299.0,0.82423455,645.0,430.0,0.87534994,358.0,431.0,0.82733893,702.0,553.0,0.57802343,320.0,559.0,0.6923629,562.0,569.0,0.82822037,450.0,578.0,0.8389335,586.0,783.0,0.8132104,446.0,785.0,0.87383693,617.0,973.0,0.91162145,439.0,963.0,0.90407234,3,mountain
mountain/148742125_757888581821471_9134615449357439791_n.jpg,494.0,258.0,0.46198022,502.0,245.0,0.68745553,496.0,244.0,0.43081966,536.0,248.0,0.46468085,533.0,246.0,0.16487068,545.0,332.0,0.42473453,563.0,320.0,0.37122288,551.0,454.0,0.3711203,568.0,446.0,0.22061819,529.0,558.0,0.40056425,531.0,553.0,0.13761456,541.0,555.0,0.52170986,555.0,553.0,0.45070928,548.0,735.0,0.24290833,547.0,732.0,0.39112407,564.0,916.0,0.5057373,562.0,894.0,0.44570425,3,mountain
mountain/148778817_790739631525757_8561955638048552466_n.jpg,466.0,87.0,0.6950558,500.0,72.0,0.74483085,468.0,71.0,0.73206025,573.0,110.0,0.7665315,488.0,100.0,0.20378052,638.0,280.0,0.8200661,439.0,293.0,0.82113516,717.0,531.0,0.4428172,411.0,445.0,0.36381263,771.0,737.0,0.7321092,315.0,608.0,0.20952089,600.0,636.0,0.59426767,463.0,637.0,0.63780963,664.0,978.0,0.41893846,554.0,978.0,0.5565511,727.0,1283.0,0.53940606,568.0,1256.0,0.6746883,3,mountain
mountain/148806682_1853933811424385_3692394921285615924_n.jpg,543.0,114.0,0.8075756,568.0,86.0,0.8063209,512.0,87.0,0.90725946,602.0,107.0,0.8197346,489.0,112.0,0.8213109,674.0,275.0,0.9045876,432.0,269.0,0.9021879,686.0,494.0,0.8050731,409.0,510.0,0.86917037,735.0,660.0,0.854992,360.0,656.0,0.89525396,627.0,621.0,0.82472974,467.0,623.0,0.81641984,607.0,953.0,0.8020537,479.0,955.0,0.77181274,587.0,1256.0,0.79302037,503.0,1246.0,0.92377555,3,mountain
mountain/148836856_439059170483311_4978452664385864058_n.jpg,648.0,402.0,0.5521995,672.0,393.0,0.8014416,652.0,390.0,0.46556553,719.0,421.0,0.7534484,671.0,404.0,0.34007886,751.0,506.0,0.74489236,616.0,504.0,0.6315072,794.0,606.0,0.57106113,581.0,609.0,0.5989168,836.0,680.0,0.55784154,551.0,700.0,0.74841833,721.0,692.0,0.80516577,640.0,691.0,0.7427605,708.0,842.0,0.8178355,652.0,839.0,0.7847681,704.0,987.0,0.6911755,665.0,985.0,0.7427912,3,mountain
mountain/148885288_449336593145538_7001303758482451689_n.jpg,549.0,373.0,0.77473605,561.0,363.0,0.7723917,534.0,363.0,0.6976469,580.0,374.0,0.56347847,515.0,376.0,0.6665163,618.0,464.0,0.79829925,477.0,463.0,0.68869483,648.0,588.0,0.7862048,447.0,579.0,0.79137325,676.0,664.0,0.6532538,410.0,673.0,0.60799444,590.0,664.0,0.7421912,497.0,664.0,0.6538218,580.0,849.0,0.79588413,518.0,846.0,0.7574931,570.0,996.0,0.6498853,533.0,998.0,0.7106153,3,mountain
mountain/148951467_3134421056660981_157471773614570576_n.jpg,529.0,272.0,0.52652717,546.0,258.0,0.7845895,514.0,257.0,0.6009106,574.0,268.0,0.59874845,494.0,267.0,0.5131388,609.0,366.0,0.7872379,455.0,362.0,0.7789343,656.0,483.0,0.70155394,400.0,482.0,0.710583,740.0,572.0,0.6273481,304.0,571.0,0.6698408,574.0,580.0,0.6469356,479.0,583.0,0.64436173,570.0,767.0,0.6788576,499.0,773.0,0.47614363,554.0,941.0,0.5721095,516.0,928.0,0.7004631,3,mountain
mountain/149.jpg,510.0,136.0,0.5377111,525.0,124.0,0.6566355,492.0,124.0,0.82294273,546.0,144.0,0.86061126,468.0,149.0,0.61327446,589.0,238.0,0.91330606,435.0,247.0,0.81733423,646.0,350.0,0.86350423,376.0,336.0,0.72195613,535.0,310.0,0.7004671,490.0,314.0,0.78821796,561.0,477.0,0.8491272,464.0,476.0,0.843593,552.0,692.0,0.80879116,489.0,695.0,0.90651554,537.0,872.0,0.5233531,504.0,874.0,0.86809003,3,mountain
mountain/149011865_999481510577297_5276498340943218977_n.jpg,471.0,634.0,0.79866624,486.0,623.0,0.87018925,455.0,622.0,0.785675,502.0,645.0,0.7869678,434.0,643.0,0.8085566,542.0,729.0,0.7745315,390.0,726.0,0.92927223,554.0,850.0,0.90251,367.0,844.0,0.86315405,587.0,944.0,0.85074174,333.0,935.0,0.8479335,500.0,949.0,0.8499539,409.0,946.0,0.75071615,491.0,1127.0,0.78524137,412.0,1125.0,0.89509094,491.0,1297.0,0.6852332,406.0,1264.0,0.8596424,3,mountain
mountain/149052491_1921096428039180_836485917234437476_n.jpg,523.0,367.0,0.7452307,539.0,358.0,0.61179096,513.0,358.0,0.53807306,569.0,374.0,0.45837227,501.0,370.0,0.45572135,595.0,453.0,0.77067095,468.0,455.0,0.8158616,657.0,553.0,0.5737951,425.0,548.0,0.39202434,714.0,630.0,0.39929792,378.0,626.0,0.6099508,568.0,669.0,0.683902,490.0,672.0,0.66219664,563.0,834.0,0.8022107,508.0,830.0,0.72645557,567.0,993.0,0.66980577,515.0,990.0,0.59187496,3,mountain
mountain/149055842_247945900198194_1040409281973038962_n.jpg,514.0,712.0,0.118894786,499.0,701.0,0.105246685,531.0,699.0,0.19628604,488.0,714.0,0.6094365,549.0,714.0,0.54350173,463.0,791.0,0.804618,582.0,790.0,0.72309434,439.0,889.0,0.7315414,615.0,886.0,0.5910488,418.0,966.0,0.5758891,643.0,956.0,0.582057,485.0,972.0,0.68023634,573.0,971.0,0.7694514,488.0,1112.0,0.7460514,584.0,1113.0,0.7017188,477.0,1249.0,0.5677092,603.0,1235.0,0.5646802,3,mountain
mountain/149062481_354260082239277_5452196929420763072_n.jpg,530.0,109.0,0.81295276,556.0,92.0,0.7130797,502.0,90.0,0.7745974,591.0,126.0,0.7452694,471.0,123.0,0.6781535,649.0,296.0,0.81555676,399.0,290.0,0.8799534,664.0,517.0,0.76260966,373.0,507.0,0.82357055,687.0,703.0,0.8025799,348.0,687.0,0.7572065,580.0,674.0,0.7552465,436.0,671.0,0.7109287,564.0,986.0,0.6915625,446.0,973.0,0.7463231,557.0,1256.0,0.49717632,471.0,1254.0,0.5826423,3,mountain
mountain/149081968_693902987955001_4227795814427739875_n.jpg,542.0,494.0,0.7737792,554.0,481.0,0.7312816,526.0,483.0,0.88730943,572.0,490.0,0.8924477,511.0,493.0,0.8551628,607.0,576.0,0.9473217,473.0,571.0,0.9135363,633.0,700.0,0.9143318,454.0,688.0,0.86478525,667.0,790.0,0.96619916,414.0,777.0,0.9659109,582.0,778.0,0.9097851,503.0,778.0,0.85970414,565.0,961.0,0.7989656,516.0,960.0,0.9279624,560.0,1119.0,0.90110666,523.0,1120.0,0.9024913,3,mountain
mountain/149116411_251059976622915_2058882316772070565_n.jpg,529.0,229.0,0.61546826,546.0,221.0,0.53540665,515.0,221.0,0.70093095,569.0,248.0,0.5910536,497.0,244.0,0.4184541,600.0,343.0,0.78183156,455.0,345.0,0.82374173,636.0,472.0,0.7047475,418.0,465.0,0.6177666,684.0,579.0,0.46153334,374.0,572.0,0.6645827,571.0,555.0,0.68883383,470.0,554.0,0.65010893,562.0,764.0,0.84088945,474.0,760.0,0.7939566,562.0,951.0,0.6227515,464.0,943.0,0.7574684,3,mountain
mountain/149133218_1044257249394804_8964847495511828376_n.jpg,538.0,196.0,0.81135845,558.0,171.0,0.76338136,513.0,176.0,0.72099817,592.0,179.0,0.82431734,489.0,191.0,0.68478847,656.0,319.0,0.8476734,439.0,318.0,0.78752446,670.0,519.0,0.7788752,423.0,519.0,0.7952113,729.0,678.0,0.89214355,373.0,683.0,0.8689304,608.0,628.0,0.77538896,480.0,626.0,0.798652,591.0,931.0,0.8924721,494.0,927.0,0.88874704,582.0,1180.0,0.89024854,508.0,1176.0,0.7872001,3,mountain
mountain/149135027_248352146887376_4069409002917292291_n.jpg,530.0,247.0,0.50996995,541.0,234.0,0.55370057,517.0,236.0,0.52171797,558.0,250.0,0.7928977,499.0,253.0,0.6787638,600.0,326.0,0.73213613,462.0,321.0,0.79412115,622.0,445.0,0.7534601,433.0,436.0,0.82414806,649.0,548.0,0.81023514,398.0,532.0,0.838728,572.0,527.0,0.87486494,481.0,525.0,0.8181645,574.0,696.0,0.73954207,480.0,699.0,0.8560672,580.0,844.0,0.5331459,479.0,846.0,0.6519718,3,mountain
mountain/149254050_434781927638081_881804985158174057_n.jpg,506.0,207.0,0.7286953,525.0,190.0,0.7684821,481.0,193.0,0.56765896,561.0,220.0,0.5395746,450.0,233.0,0.68751,613.0,382.0,0.85928,405.0,386.0,0.8018844,672.0,565.0,0.8513186,339.0,563.0,0.68128276,760.0,716.0,0.601178,250.0,702.0,0.7656723,561.0,715.0,0.7080601,433.0,719.0,0.6982875,549.0,1004.0,0.6834761,456.0,1004.0,0.6444819,529.0,1243.0,0.296512,479.0,1248.0,0.57849634,3,mountain
mountain/149260075_3844951818904680_7435324770316549197_n.jpg,319.0,370.0,0.6699368,328.0,360.0,0.7897594,308.0,360.0,0.71057004,345.0,364.0,0.58034337,294.0,367.0,0.6206069,379.0,427.0,0.7875805,262.0,434.0,0.7897829,397.0,510.0,0.7110809,245.0,518.0,0.54937404,431.0,579.0,0.810529,210.0,582.0,0.7758467,351.0,592.0,0.66007036,285.0,594.0,0.61259043,352.0,706.0,0.7682749,299.0,709.0,0.6031747,344.0,810.0,0.50718427,310.0,810.0,0.6612373,3,mountain
mountain/149309038_765005144109175_2335944944337744173_n.jpg,579.0,211.0,0.8396441,598.0,191.0,0.92261165,556.0,193.0,0.83267593,624.0,209.0,0.8173064,530.0,217.0,0.71413827,689.0,350.0,0.76598996,466.0,342.0,0.9196856,704.0,545.0,0.88817644,441.0,534.0,0.88698924,743.0,678.0,0.8564526,401.0,662.0,0.8598954,641.0,671.0,0.8563414,500.0,669.0,0.80403847,639.0,895.0,0.9012331,499.0,908.0,0.8851025,626.0,1123.0,0.7884971,511.0,1122.0,0.80850846,3,mountain
mountain/149468651_3705594722855358_2317758133427250172_n.jpg,538.0,94.0,0.6488011,556.0,81.0,0.57601964,518.0,78.0,0.7757713,576.0,95.0,0.5780307,493.0,93.0,0.5409013,607.0,217.0,0.6824372,446.0,212.0,0.833876,644.0,376.0,0.6898096,417.0,362.0,0.81980073,691.0,500.0,0.62865615,361.0,492.0,0.85462236,582.0,500.0,0.87720615,467.0,498.0,0.7774622,579.0,744.0,0.7583732,467.0,740.0,0.6565713,550.0,976.0,0.8508936,481.0,974.0,0.73453796,3,mountain
mountain/149524779_169449211401238_4437060692090003515_n.jpg,568.0,121.0,0.5120399,592.0,118.0,0.68236154,574.0,114.0,0.50012076,631.0,150.0,0.4919111,592.0,139.0,0.1998154,654.0,246.0,0.66075385,567.0,266.0,0.62245965,699.0,352.0,0.36859962,555.0,407.0,0.35303155,763.0,448.0,0.80594945,523.0,514.0,0.4973301,655.0,493.0,0.5893036,580.0,508.0,0.70337355,683.0,710.0,0.60742676,614.0,712.0,0.6382458,710.0,918.0,0.5198685,610.0,897.0,0.59601784,3,mountain
mountain/149850614_568492177442029_7126398883353712809_n.jpg,250.0,70.0,0.8530728,259.0,71.0,0.8775543,239.0,71.0,0.8901081,272.0,96.0,0.8727485,228.0,96.0,0.7654137,299.0,147.0,0.9657778,203.0,152.0,0.85204965,340.0,212.0,0.89693564,170.0,223.0,0.9088771,382.0,268.0,0.8772435,127.0,278.0,0.80990076,286.0,289.0,0.9241855,221.0,290.0,0.9030379,290.0,403.0,0.94071245,212.0,407.0,0.94656265,298.0,497.0,0.8659291,205.0,498.0,0.91527605,3,mountain
mountain/149900491_436091887715020_4126084429228532556_n.jpg,236.0,93.0,0.68314695,245.0,84.0,0.85103637,227.0,85.0,0.7434536,259.0,92.0,0.84169126,217.0,95.0,0.8218392,289.0,142.0,0.9305553,196.0,145.0,0.95359355,320.0,192.0,0.89372027,154.0,190.0,0.69505894,247.0,196.0,0.7411039,219.0,198.0,0.726845,275.0,281.0,0.9227315,213.0,282.0,0.9078847,279.0,393.0,0.8931116,205.0,401.0,0.86023545,291.0,496.0,0.80869824,195.0,500.0,0.64913106,3,mountain
mountain/150036776_246127153671440_6124760071803291607_n.jpg,970.0,170.0,0.7257216,959.0,148.0,0.5496774,958.0,148.0,0.6399863,916.0,156.0,0.6455836,912.0,157.0,0.6534002,889.0,257.0,0.63094366,896.0,256.0,0.67777383,898.0,425.0,0.39615363,905.0,424.0,0.68782246,915.0,571.0,0.49419415,920.0,572.0,0.7350241,883.0,541.0,0.6786963,896.0,544.0,0.68752766,866.0,760.0,0.5860998,883.0,759.0,0.44927093,849.0,967.0,0.52793026,883.0,993.0,0.7157177,3,mountain
mountain/150112410_109265437763084_7467471105765058035_n.jpg,305.0,140.0,0.74885404,315.0,140.0,0.88602006,294.0,141.0,0.7583476,330.0,167.0,0.7423745,284.0,169.0,0.7665516,355.0,206.0,0.8786601,261.0,211.0,0.920156,371.0,134.0,0.8654279,241.0,137.0,0.7581214,392.0,81.0,0.23849306,221.0,81.0,0.7471826,344.0,355.0,0.8793129,280.0,357.0,0.8344703,350.0,470.0,0.90455586,273.0,475.0,0.770024,359.0,558.0,0.7979966,265.0,565.0,0.59691626,3,mountain
mountain/150180401_470963843921766_8335960501008511160_n.jpg,498.0,167.0,0.67968863,563.0,101.0,0.61903864,435.0,103.0,0.5007344,647.0,131.0,0.6979374,364.0,136.0,0.6869062,759.0,361.0,0.8237098,282.0,385.0,0.801864,780.0,552.0,0.82827085,276.0,548.0,0.8084041,838.0,651.0,0.63330126,212.0,663.0,0.779525,662.0,826.0,0.74539834,441.0,846.0,0.71483845,618.0,955.0,0.5601849,503.0,948.0,0.29639757,584.0,1017.0,0.57648337,535.0,1005.0,0.71381927,3,mountain
mountain/150485254_539309130362759_1148036460022522696_n.jpg,754.0,331.0,0.7259057,764.0,323.0,0.6809039,763.0,324.0,0.5850632,785.0,339.0,0.88547164,782.0,339.0,0.72203976,791.0,376.0,0.70712674,789.0,380.0,0.68070114,725.0,428.0,0.71982265,726.0,425.0,0.45603985,659.0,405.0,0.54195666,658.0,406.0,0.29647425,747.0,489.0,0.77542734,745.0,486.0,0.79002964,654.0,401.0,0.63955396,648.0,397.0,0.57585025,570.0,313.0,0.55610657,571.0,313.0,0.5790394,3,mountain
mountain/150736049_458293721871703_4310154204333309195_n.jpg,529.0,206.0,0.8064019,551.0,186.0,0.798039,509.0,186.0,0.7194197,584.0,201.0,0.81908023,490.0,201.0,0.6945964,639.0,333.0,0.84752345,426.0,330.0,0.96623975,666.0,522.0,0.8320165,394.0,512.0,0.90230864,723.0,667.0,0.7033022,335.0,657.0,0.882658,581.0,668.0,0.85146016,456.0,666.0,0.87039095,567.0,938.0,0.8266917,475.0,934.0,0.9185638,564.0,1071.0,0.53857684,481.0,1059.0,0.34222934,3,mountain
mountain/150787098_144828394133299_8783407555182604074_n.jpg,298.0,149.0,0.71534014,306.0,150.0,0.7067888,290.0,149.0,0.73704004,319.0,171.0,0.7185353,280.0,171.0,0.7727746,339.0,200.0,0.80365825,261.0,201.0,0.80556524,324.0,128.0,0.5888642,268.0,131.0,0.690559,304.0,80.0,0.70416975,279.0,77.0,0.52683914,335.0,349.0,0.85224164,273.0,348.0,0.8172886,341.0,470.0,0.7655277,265.0,473.0,0.6703748,350.0,561.0,0.691878,258.0,564.0,0.72394353,3,mountain
mountain/150893339_787555202138941_9058877945381671585_n.jpg,396.0,86.0,0.8753842,415.0,71.0,0.94894177,376.0,72.0,0.76495504,441.0,96.0,0.73033345,352.0,97.0,0.8199811,500.0,204.0,0.85937333,291.0,201.0,0.97556704,543.0,370.0,0.95282733,240.0,360.0,0.9729929,611.0,505.0,0.9467099,174.0,497.0,0.93922323,466.0,495.0,0.93250567,316.0,497.0,0.8986169,485.0,753.0,0.89026046,293.0,751.0,0.9463125,501.0,998.0,0.80772233,263.0,983.0,0.8581388,3,mountain
mountain/150909165_757203705200114_5331963122529948873_n.jpg,561.0,180.0,0.6286694,577.0,134.0,0.77657753,574.0,132.0,0.8006918,668.0,122.0,0.6138643,665.0,122.0,0.48715773,723.0,336.0,0.54740244,734.0,329.0,0.7178196,716.0,685.0,0.20077851,731.0,657.0,0.4741109,632.0,965.0,0.4892203,644.0,947.0,0.47918856,694.0,900.0,0.58527815,708.0,892.0,0.6168781,747.0,1250.0,0.62879914,739.0,1218.0,0.38953906,751.0,1331.0,0.44726986,753.0,1320.0,0.31330803,3,mountain
mountain/150915320_423290485592827_225670913990528964_n.jpg,488.0,392.0,0.7544446,505.0,377.0,0.7654915,475.0,377.0,0.8127216,524.0,392.0,0.8322127,457.0,389.0,0.7960515,562.0,462.0,0.8053535,417.0,466.0,0.9510789,579.0,582.0,0.9126962,394.0,582.0,0.9325265,618.0,676.0,0.942447,356.0,674.0,0.91333807,534.0,666.0,0.90050274,434.0,666.0,0.8690748,509.0,857.0,0.83960104,457.0,851.0,0.9017754,500.0,1024.0,0.6219241,466.0,1019.0,0.76344967,3,mountain
mountain/151169921_929460131125559_602073313799728126_n.jpg,458.0,197.0,0.72231936,495.0,160.0,0.46060434,420.0,163.0,0.8209125,548.0,188.0,0.85970247,379.0,189.0,0.795904,653.0,372.0,0.9412128,280.0,388.0,0.90737474,813.0,602.0,0.91095805,135.0,628.0,0.94004977,518.0,572.0,0.77965367,420.0,582.0,0.7705741,612.0,881.0,0.90925515,349.0,892.0,0.8187348,655.0,1263.0,0.7044347,337.0,1246.0,0.84182477,652.0,1289.0,0.2098953,339.0,1259.0,0.254642,3,mountain
mountain/151213134_249261140031539_6191114597775296088_n.jpg,525.0,131.0,0.765072,548.0,109.0,0.7297788,504.0,110.0,0.85732484,571.0,130.0,0.8108463,481.0,129.0,0.76432645,620.0,254.0,0.88532895,424.0,262.0,0.96451294,642.0,421.0,0.91687465,416.0,422.0,0.9229766,685.0,539.0,0.8793926,378.0,539.0,0.9315667,570.0,521.0,0.82027805,459.0,523.0,0.85679805,547.0,764.0,0.94611675,485.0,769.0,0.8276992,542.0,983.0,0.8626382,497.0,978.0,0.9044272,3,mountain
mountain/151451225_2968195750167884_4655394052213337656_n.jpg,551.0,268.0,0.45252848,568.0,260.0,0.61423516,567.0,261.0,0.5814867,594.0,279.0,0.714821,591.0,280.0,0.6042583,579.0,325.0,0.7099026,586.0,333.0,0.68065774,563.0,426.0,0.34274274,576.0,440.0,0.31061834,545.0,533.0,0.44934162,549.0,532.0,0.4377245,583.0,563.0,0.6379125,596.0,564.0,0.6247761,582.0,744.0,0.5832306,597.0,743.0,0.43573105,604.0,900.0,0.14736782,596.0,897.0,0.2487886,3,mountain
mountain/152046290_454020312457970_6957591107196791781_n.jpg,635.0,148.0,0.78509766,649.0,135.0,0.8332867,620.0,135.0,0.8140336,666.0,148.0,0.6867013,603.0,149.0,0.82017446,713.0,251.0,0.6662719,558.0,256.0,0.88483953,740.0,399.0,0.7157389,536.0,398.0,0.8753206,796.0,511.0,0.8992086,487.0,510.0,0.82147115,694.0,514.0,0.90870166,587.0,513.0,0.8138724,697.0,744.0,0.9382653,589.0,746.0,0.9224328,690.0,966.0,0.83232677,583.0,961.0,0.83690095,3,mountain
mountain/152400365_459273548837108_5186544679972598078_n.jpg,505.0,141.0,0.83098125,525.0,131.0,0.6742586,481.0,132.0,0.6959963,552.0,170.0,0.8942384,456.0,176.0,0.831526,619.0,293.0,0.7046377,404.0,315.0,0.84490657,650.0,479.0,0.8171781,376.0,489.0,0.85007566,682.0,613.0,0.7696129,342.0,626.0,0.9019961,583.0,579.0,0.84124845,441.0,587.0,0.8980992,546.0,871.0,0.89509404,482.0,874.0,0.81632876,539.0,1122.0,0.6713958,496.0,1116.0,0.62502,3,mountain
mountain/153195378_792381214969721_4493221950366033266_n.jpg,280.0,733.0,0.7412826,289.0,725.0,0.4965047,272.0,725.0,0.68123496,303.0,730.0,0.68331885,260.0,729.0,0.5858547,322.0,787.0,0.74156106,237.0,785.0,0.7082081,339.0,854.0,0.70608854,213.0,850.0,0.79332286,381.0,898.0,0.6872746,164.0,895.0,0.6566615,302.0,921.0,0.7845019,244.0,922.0,0.68218017,308.0,1029.0,0.6882247,245.0,1029.0,0.7234596,303.0,1112.0,0.73347604,244.0,1121.0,0.6361698,3,mountain
mountain/153264360_799472464259671_1471777486126013501_n.jpg,654.0,87.0,0.25048667,665.0,67.0,0.33251816,665.0,65.0,0.20656852,708.0,88.0,0.3583203,734.0,85.0,0.17478926,740.0,221.0,0.46488538,712.0,215.0,0.50213695,737.0,405.0,0.36982986,733.0,402.0,0.21033278,692.0,576.0,0.30513072,682.0,574.0,0.26931214,709.0,543.0,0.43722638,695.0,539.0,0.44347793,708.0,834.0,0.61463743,704.0,832.0,0.53236055,722.0,1080.0,0.35831678,736.0,1073.0,0.6306144,3,mountain
mountain/153294102_242110754201532_1107867673325999500_n.jpg,316.0,164.0,0.6677412,342.0,143.0,0.78558433,328.0,142.0,0.6284112,418.0,160.0,0.8081521,394.0,160.0,0.5510354,453.0,291.0,0.6516448,361.0,303.0,0.69278383,452.0,516.0,0.669418,386.0,518.0,0.49880055,426.0,700.0,0.45580405,353.0,694.0,0.3330816,413.0,653.0,0.76082736,365.0,651.0,0.7152033,431.0,973.0,0.7442161,408.0,974.0,0.74365515,444.0,1238.0,0.7207097,434.0,1219.0,0.71138704,3,mountain
mountain/2.jpg,314.0,166.0,0.571882,322.0,160.0,0.6299128,304.0,160.0,0.5640947,334.0,173.0,0.8621162,294.0,174.0,0.8465862,351.0,217.0,0.89288855,278.0,218.0,0.79768425,360.0,144.0,0.8391671,265.0,146.0,0.7780229,363.0,108.0,0.24550508,269.0,105.0,0.10694853,338.0,352.0,0.81258243,287.0,354.0,0.76472986,332.0,471.0,0.88852394,298.0,471.0,0.8769392,326.0,571.0,0.7823031,305.0,570.0,0.79975104,3,mountain
mountain/20210225_004019.jpg,922.0,851.0,0.48969573,879.0,807.0,0.73177433,885.0,891.0,0.5919664,914.0,735.0,0.4235962,932.0,932.0,0.5062529,1151.0,642.0,0.6345223,1150.0,985.0,0.585096,1477.0,568.0,0.6736209,1426.0,1057.0,0.6105114,1736.0,447.0,0.51169467,1669.0,1188.0,0.8054973,1573.0,781.0,0.55751264,1582.0,971.0,0.5462648,1997.0,688.0,0.102667,2014.0,931.0,0.1323465,2310.0,661.0,0.25014314,2257.0,961.0,0.35822305,3,mountain
mountain/20210225_004026.jpg,858.0,517.0,0.6725117,856.0,435.0,0.81377864,778.0,524.0,0.7466151,947.0,387.0,0.646404,801.0,586.0,0.78233653,1281.0,472.0,0.85952085,975.0,857.0,0.6410691,1619.0,618.0,0.743418,1227.0,1098.0,0.74640155,1939.0,621.0,0.5685321,1352.0,1403.0,0.60587275,1632.0,955.0,0.66411984,1458.0,1149.0,0.66985744,2168.0,1021.0,0.5764256,1859.0,1487.0,0.43894318,2188.0,1209.0,0.56859255,1996.0,1474.0,0.56354743,3,mountain
mountain/20210225_004029.jpg,1515.0,384.0,0.794116,1565.0,341.0,0.87867165,1467.0,343.0,0.8412951,1626.0,374.0,0.86674273,1418.0,381.0,0.8606413,1743.0,604.0,0.8326629,1322.0,614.0,0.9397532,1829.0,913.0,0.8086937,1275.0,922.0,0.8011732,1981.0,1126.0,0.8497599,1167.0,1163.0,0.8903677,1680.0,1165.0,0.84280264,1465.0,1191.0,0.8677391,1732.0,1508.0,0.7615221,1499.0,1558.0,0.8191755,1742.0,1639.0,0.8457897,1477.0,1689.0,0.80388755,3,mountain
mountain/20210225_004032.jpg,716.0,873.0,0.68654907,669.0,819.0,0.7953822,649.0,944.0,0.7229713,727.0,768.0,0.58904177,739.0,1058.0,0.61405003,1097.0,672.0,0.70418966,1034.0,1241.0,0.7605864,1499.0,623.0,0.52391744,1450.0,1326.0,0.59405684,1781.0,552.0,0.21556927,1751.0,1492.0,0.86849236,1731.0,900.0,0.59039664,1713.0,1090.0,0.6730621,2063.0,854.0,0.23748083,2163.0,936.0,0.11867615,2212.0,867.0,0.26999217,2337.0,1197.0,0.37789404,3,mountain
mountain/20210225_004037.jpg,848.0,1169.0,0.7793013,775.0,1100.0,0.6241845,760.0,1252.0,0.74228334,826.0,1014.0,0.65412825,832.0,1359.0,0.69970834,1213.0,811.0,0.7943605,1158.0,1532.0,0.79113847,1794.0,727.0,0.8400578,1663.0,1667.0,0.8121722,2199.0,494.0,0.7731557,2106.0,1880.0,0.94295007,2085.0,1020.0,0.7074766,2088.0,1368.0,0.586053,2936.0,908.0,0.6587459,2869.0,1367.0,0.6437913,3185.0,949.0,0.52839017,3261.0,1515.0,0.7355007,3,mountain
mountain/20210225_004046.jpg,255.0,1080.0,0.65569687,193.0,1006.0,0.5848608,197.0,1139.0,0.6915431,285.0,878.0,0.66846013,285.0,1176.0,0.776876,655.0,671.0,0.8490105,706.0,1349.0,0.7461094,1271.0,525.0,0.736789,1221.0,1533.0,0.68243027,1782.0,188.0,0.69166875,1714.0,1775.0,0.81983197,1784.0,888.0,0.7468406,1690.0,1277.0,0.6523183,2677.0,781.0,0.3219813,2819.0,1385.0,0.38060632,3483.0,781.0,0.47036153,3273.0,1468.0,0.61836255,3,mountain
mountain/20210225_004050.jpg,626.0,1260.0,0.72500014,574.0,1201.0,0.6276656,573.0,1323.0,0.7075807,648.0,1108.0,0.6477603,664.0,1381.0,0.55163956,981.0,940.0,0.81384444,970.0,1530.0,0.9331241,1465.0,780.0,0.8778391,1406.0,1642.0,0.92204237,1848.0,517.0,0.83389854,1815.0,1870.0,0.8943948,1819.0,1045.0,0.73320836,1804.0,1369.0,0.6575839,2666.0,971.0,0.6606319,2668.0,1384.0,0.7052347,3207.0,924.0,0.606326,3171.0,1521.0,0.66458887,3,mountain
mountain/20210225_004058.jpg,340.0,1082.0,0.66153634,303.0,1030.0,0.8086097,290.0,1151.0,0.5522288,396.0,971.0,0.67542505,390.0,1258.0,0.7033428,740.0,792.0,0.72125983,702.0,1382.0,0.8892568,1285.0,698.0,0.82249224,1167.0,1523.0,0.7868798,1671.0,470.0,0.83770967,1576.0,1749.0,0.931503,1570.0,890.0,0.77906716,1556.0,1244.0,0.8207574,2401.0,860.0,0.6493132,2319.0,1301.0,0.26995078,2834.0,858.0,0.779057,2894.0,1401.0,0.87760544,3,mountain
mountain/20210225_112639.jpg,653.0,926.0,0.76275957,595.0,874.0,0.72323656,591.0,1016.0,0.52157176,656.0,804.0,0.6399363,681.0,1104.0,0.7081129,941.0,631.0,0.8224005,939.0,1212.0,0.956367,1372.0,550.0,0.83046466,1303.0,1298.0,0.77940553,1685.0,380.0,0.83285517,1639.0,1480.0,0.84600675,1852.0,729.0,0.7180552,1837.0,1067.0,0.79360723,2484.0,793.0,0.71415377,2466.0,1139.0,0.45312175,2824.0,803.0,0.40480426,2802.0,1265.0,0.8535428,3,mountain
mountain/20210225_112643.jpg,620.0,894.0,0.74157834,566.0,837.0,0.7307705,553.0,982.0,0.6563711,639.0,784.0,0.58278996,639.0,1087.0,0.5681007,913.0,625.0,0.81745446,897.0,1191.0,0.89469564,1353.0,546.0,0.81751496,1276.0,1314.0,0.74179316,1684.0,367.0,0.6659217,1592.0,1513.0,0.9237451,1852.0,763.0,0.7488469,1841.0,1104.0,0.80420965,2513.0,825.0,0.5916585,2467.0,1162.0,0.43479043,2840.0,851.0,0.2150916,2773.0,1297.0,0.7840296,3,mountain
mountain/20210225_113048.jpg,380.0,1098.0,0.7195827,327.0,1032.0,0.68091065,304.0,1188.0,0.69384545,404.0,983.0,0.6318673,396.0,1291.0,0.7172218,660.0,819.0,0.8891084,720.0,1442.0,0.8606413,1123.0,677.0,0.80940616,1160.0,1540.0,0.8359053,1446.0,475.0,0.9131198,1476.0,1729.0,0.8004738,1616.0,897.0,0.769356,1610.0,1294.0,0.7720527,2237.0,896.0,0.6508572,2363.0,1363.0,0.73284453,2725.0,782.0,0.70740783,2696.0,1439.0,0.72411937,3,mountain
mountain/20210225_115402.jpg,677.0,1164.0,0.69665647,601.0,1105.0,0.70041,603.0,1243.0,0.62857795,635.0,1024.0,0.6838993,656.0,1334.0,0.6860722,947.0,827.0,0.825317,950.0,1537.0,0.7065623,1521.0,797.0,0.6576878,1491.0,1582.0,0.8477402,1959.0,737.0,0.7587763,1949.0,1669.0,0.7847481,1870.0,1041.0,0.70282924,1871.0,1426.0,0.642285,2454.0,1104.0,0.6025219,2459.0,1483.0,0.56697476,2881.0,1039.0,0.5999895,2910.0,1551.0,0.73810726,3,mountain
mountain/20210225_120027.jpg,751.0,1091.0,0.50341606,679.0,1024.0,0.6723575,690.0,1146.0,0.7031159,725.0,933.0,0.62885386,739.0,1197.0,0.67263126,1028.0,731.0,0.9164991,1012.0,1343.0,0.84630454,1543.0,667.0,0.8837537,1462.0,1454.0,0.5757109,1931.0,542.0,0.76378435,1852.0,1649.0,0.5965576,1863.0,964.0,0.7046658,1858.0,1298.0,0.76997995,2371.0,1021.0,0.71549404,2387.0,1302.0,0.78875184,2916.0,927.0,0.80721116,2900.0,1399.0,0.7231532,3,mountain
mountain/20210225_130520.jpg,1472.0,821.0,0.44844538,1555.0,745.0,0.7948853,1385.0,752.0,0.6575786,1668.0,819.0,0.54802775,1270.0,830.0,0.5421616,1791.0,1281.0,0.8935527,1112.0,1285.0,0.8175227,1864.0,1884.0,0.78846925,996.0,1842.0,0.695132,1971.0,2314.0,0.71401656,874.0,2325.0,0.8293636,1627.0,2291.0,0.72158927,1196.0,2291.0,0.62765086,1626.0,2973.0,0.847155,1203.0,2933.0,0.6232034,1605.0,3438.0,0.8309682,1175.0,3442.0,0.692108,3,mountain
mountain/20210225_130527.jpg,1172.0,1159.0,0.781864,1207.0,1125.0,0.7202023,1135.0,1128.0,0.5281435,1258.0,1157.0,0.9011177,1095.0,1171.0,0.8899981,1336.0,1350.0,0.9177151,1018.0,1343.0,0.7543042,1362.0,1627.0,0.86106086,979.0,1602.0,0.7433288,1418.0,1825.0,0.8755445,923.0,1814.0,0.8876807,1262.0,1823.0,0.8665971,1067.0,1819.0,0.8053146,1260.0,2129.0,0.9051956,1070.0,2119.0,0.6965764,1257.0,2344.0,0.93246347,1069.0,2342.0,0.8944755,3,mountain
mountain/20210225_131203.jpg,1548.0,1048.0,0.60479206,1597.0,1000.0,0.5721091,1501.0,996.0,0.69217944,1666.0,1019.0,0.79773223,1427.0,1017.0,0.6195718,1769.0,1317.0,0.71695626,1321.0,1308.0,0.7189844,1871.0,1691.0,0.6168039,1199.0,1651.0,0.6501205,2004.0,1962.0,0.57595193,1076.0,1961.0,0.75942826,1665.0,1995.0,0.624276,1383.0,2001.0,0.6950422,1688.0,2471.0,0.6515273,1362.0,2477.0,0.7801778,1731.0,2853.0,0.73435396,1298.0,2854.0,0.7935033,3,mountain
mountain/20210225_131208.jpg,1213.0,1359.0,0.79929596,1232.0,1339.0,0.7958752,1191.0,1337.0,0.68986726,1264.0,1357.0,0.7478631,1168.0,1358.0,0.8511881,1319.0,1466.0,0.9094881,1111.0,1464.0,0.90389055,1363.0,1641.0,0.9011709,1068.0,1622.0,0.73214793,1415.0,1761.0,0.771796,1013.0,1759.0,0.8666587,1269.0,1780.0,0.8875776,1144.0,1775.0,0.82768035,1285.0,2001.0,0.8371927,1133.0,2000.0,0.7997265,1303.0,2173.0,0.88702434,1106.0,2176.0,0.90573955,3,mountain
mountain/20210225_131216.jpg,1135.0,1290.0,0.47446,1163.0,1266.0,0.61864656,1114.0,1267.0,0.37302652,1202.0,1282.0,0.52602875,1086.0,1283.0,0.765231,1256.0,1441.0,0.57105684,1023.0,1430.0,0.8732329,1264.0,1628.0,0.48323157,966.0,1602.0,0.6440927,1311.0,1774.0,0.6507423,926.0,1763.0,0.5589498,1193.0,1755.0,0.53660816,1040.0,1756.0,0.5052304,1200.0,2005.0,0.69430447,1028.0,2009.0,0.6474005,1219.0,2211.0,0.5678904,996.0,2215.0,0.74017996,3,mountain
mountain/20210225_131220.jpg,1415.0,1319.0,0.65571105,1479.0,1272.0,0.74075776,1372.0,1272.0,0.6953738,1598.0,1302.0,0.3757057,1299.0,1301.0,0.5436058,1723.0,1589.0,0.44384652,1197.0,1607.0,0.80853933,1765.0,2047.0,0.28927404,1074.0,2008.0,0.58478844,1881.0,2419.0,0.13356818,973.0,2379.0,0.5256978,1577.0,2402.0,0.51457655,1243.0,2389.0,0.74396193,1589.0,2947.0,0.5817437,1202.0,2960.0,0.66214323,1648.0,3388.0,0.6612295,1141.0,3384.0,0.81564945,3,mountain
mountain/57.jpg,282.0,82.0,0.7030881,293.0,73.0,0.86733925,272.0,75.0,0.8012241,309.0,83.0,0.86984676,262.0,85.0,0.8401132,341.0,138.0,0.8505354,237.0,141.0,0.87255085,358.0,229.0,0.9436559,225.0,230.0,0.93955165,389.0,302.0,0.8975499,200.0,302.0,0.9365949,321.0,282.0,0.85871834,262.0,281.0,0.8072135,315.0,413.0,0.86682034,270.0,413.0,0.84394485,307.0,521.0,0.7120608,279.0,519.0,0.72577035,3,mountain
mountain/68.jpg,285.0,83.0,0.7401055,294.0,74.0,0.82659847,274.0,74.0,0.8731062,305.0,85.0,0.870127,258.0,84.0,0.8642895,329.0,142.0,0.8210792,226.0,138.0,0.87800384,340.0,233.0,0.8116189,206.0,229.0,0.9259369,368.0,303.0,0.8619888,179.0,304.0,0.85458076,305.0,280.0,0.82691085,244.0,278.0,0.8602692,296.0,409.0,0.81744194,252.0,412.0,0.8644387,292.0,521.0,0.79313135,261.0,522.0,0.7829594,3,mountain
mountain/72.jpg,341.0,73.0,0.60265255,353.0,59.0,0.7986174,328.0,60.0,0.7216498,369.0,66.0,0.8411636,311.0,68.0,0.8297404,402.0,145.0,0.88411963,278.0,144.0,0.7413541,409.0,251.0,0.8217205,274.0,246.0,0.8768648,438.0,337.0,0.93059266,243.0,333.0,0.91073704,377.0,314.0,0.82319146,305.0,313.0,0.82005435,368.0,469.0,0.94532263,312.0,468.0,0.9152082,352.0,600.0,0.8666871,317.0,598.0,0.71951455,3,mountain
mountain/73.jpg,189.0,53.0,0.8206448,195.0,47.0,0.64556956,181.0,47.0,0.89943177,205.0,51.0,0.9174227,172.0,52.0,0.8712094,222.0,97.0,0.9427483,155.0,101.0,0.88979185,231.0,156.0,0.908427,147.0,158.0,0.9055847,249.0,200.0,0.8986394,133.0,202.0,0.8237605,210.0,194.0,0.84602505,171.0,194.0,0.82541937,204.0,275.0,0.912406,177.0,276.0,0.8394478,200.0,344.0,0.7763897,183.0,347.0,0.877649,3,mountain
mountain/74.jpg,318.0,74.0,0.6654469,332.0,58.0,0.8200148,306.0,60.0,0.7790333,349.0,67.0,0.874244,291.0,69.0,0.7541026,382.0,144.0,0.85711867,259.0,146.0,0.85527885,383.0,246.0,0.8994385,252.0,250.0,0.910365,415.0,333.0,0.9296108,219.0,335.0,0.91384476,352.0,319.0,0.8518584,282.0,319.0,0.831734,348.0,465.0,0.8229428,293.0,463.0,0.88240737,337.0,599.0,0.7982236,309.0,597.0,0.90071607,3,mountain
mountain/77.jpg,409.0,86.0,0.5758307,422.0,72.0,0.8639337,394.0,71.0,0.6905936,438.0,81.0,0.8480973,373.0,82.0,0.8375875,476.0,170.0,0.795694,331.0,166.0,0.890606,483.0,291.0,0.8776433,318.0,293.0,0.8270098,503.0,392.0,0.54133344,310.0,392.0,0.84573686,450.0,375.0,0.7456951,360.0,377.0,0.80695486,433.0,566.0,0.90490246,372.0,566.0,0.9113351,417.0,739.0,0.82344735,380.0,740.0,0.80310416,3,mountain
mountain/78.jpg,390.0,89.0,0.62432134,406.0,72.0,0.66866904,377.0,72.0,0.85614944,427.0,82.0,0.8799598,363.0,82.0,0.831293,468.0,166.0,0.8461064,322.0,173.0,0.9521008,478.0,296.0,0.87504774,317.0,292.0,0.8965704,486.0,393.0,0.82570153,297.0,390.0,0.75594246,439.0,377.0,0.8456724,348.0,378.0,0.842932,430.0,570.0,0.8606749,372.0,568.0,0.9144207,420.0,742.0,0.75406843,378.0,738.0,0.80497134,3,mountain
mountain/81.jpg,205.0,41.0,0.49164322,212.0,34.0,0.710873,197.0,34.0,0.8280662,222.0,37.0,0.58763134,186.0,39.0,0.4676078,238.0,83.0,0.90862215,167.0,86.0,0.8170623,246.0,141.0,0.7784664,162.0,142.0,0.68657935,268.0,194.0,0.86637604,144.0,196.0,0.85522705,227.0,191.0,0.8235303,183.0,192.0,0.77633727,221.0,283.0,0.9101817,192.0,284.0,0.77543354,217.0,369.0,0.8346566,195.0,368.0,0.5760063,3,mountain
mountain/82.jpg,192.0,42.0,0.57571524,200.0,34.0,0.88027954,184.0,34.0,0.82728136,210.0,38.0,0.7539132,176.0,39.0,0.7759966,231.0,82.0,0.86506045,156.0,82.0,0.88694847,235.0,142.0,0.7826005,151.0,141.0,0.799502,253.0,197.0,0.93286276,128.0,196.0,0.9118808,215.0,188.0,0.77583313,171.0,188.0,0.812172,205.0,284.0,0.85826886,178.0,284.0,0.90552056,200.0,364.0,0.8096344,182.0,367.0,0.85419816,3,mountain
mountain/83.jpg,386.0,93.0,0.5642068,399.0,82.0,0.8174109,373.0,79.0,0.5225177,420.0,89.0,0.5368471,353.0,86.0,0.61980325,443.0,181.0,0.7476148,324.0,182.0,0.74785054,457.0,288.0,0.61232936,311.0,288.0,0.83223087,472.0,382.0,0.4786123,300.0,382.0,0.66013,423.0,368.0,0.6899648,342.0,371.0,0.65443206,431.0,537.0,0.7593225,344.0,535.0,0.79031736,426.0,685.0,0.61396104,351.0,685.0,0.6732157,3,mountain
mountain/85.jpg,379.0,97.0,0.5895617,391.0,83.0,0.621491,364.0,83.0,0.77829444,410.0,88.0,0.4843855,344.0,90.0,0.44929406,439.0,181.0,0.7060424,318.0,185.0,0.80468917,454.0,288.0,0.79457307,305.0,289.0,0.7255262,468.0,381.0,0.62876076,295.0,382.0,0.5836921,423.0,369.0,0.7224949,340.0,372.0,0.6757556,418.0,537.0,0.85377765,334.0,535.0,0.5093869,416.0,690.0,0.68029666,338.0,687.0,0.6802825,3,mountain
mountain/86.jpg,387.0,81.0,0.79317385,401.0,67.0,0.894039,371.0,67.0,0.8113355,419.0,78.0,0.89235055,353.0,82.0,0.8877462,461.0,171.0,0.8567769,311.0,173.0,0.83947706,470.0,297.0,0.7558113,304.0,293.0,0.8472816,506.0,402.0,0.93990517,267.0,401.0,0.95995045,432.0,384.0,0.84959483,347.0,386.0,0.87023276,429.0,570.0,0.90529484,353.0,574.0,0.94110686,406.0,732.0,0.86093974,374.0,733.0,0.8470171,3,mountain
mountain/89.jpg,187.0,49.0,0.68981993,194.0,43.0,0.58048505,179.0,42.0,0.76071465,203.0,49.0,0.80005825,171.0,50.0,0.7431779,224.0,91.0,0.8317692,150.0,92.0,0.81929654,232.0,152.0,0.8612055,140.0,147.0,0.90462935,239.0,198.0,0.74843466,131.0,192.0,0.77971,210.0,194.0,0.8723162,163.0,195.0,0.8645221,203.0,277.0,0.8432225,172.0,278.0,0.8989439,198.0,355.0,0.84470147,180.0,352.0,0.9031172,3,mountain
mountain/90.jpg,201.0,49.0,0.64070433,208.0,43.0,0.7518811,194.0,42.0,0.59297705,216.0,49.0,0.7450151,184.0,48.0,0.755491,237.0,92.0,0.92303,164.0,92.0,0.9179502,246.0,149.0,0.84905946,155.0,151.0,0.9371162,256.0,194.0,0.82270044,148.0,197.0,0.9218977,224.0,194.0,0.8430529,179.0,196.0,0.8597691,215.0,279.0,0.6607773,185.0,278.0,0.90832865,208.0,353.0,0.8727619,188.0,354.0,0.90881723,3,mountain
mountain/93.jpg,525.0,107.0,0.8067801,543.0,94.0,0.730142,505.0,92.0,0.86388767,564.0,120.0,0.8290128,479.0,118.0,0.8657181,619.0,234.0,0.846421,419.0,235.0,0.92963654,640.0,389.0,0.85126746,402.0,382.0,0.87241995,659.0,523.0,0.7144729,378.0,509.0,0.90410936,572.0,513.0,0.854077,462.0,515.0,0.83621204,563.0,743.0,0.8615186,468.0,738.0,0.8382878,559.0,946.0,0.9295672,466.0,946.0,0.8668775,3,mountain
mountain/94.jpg,505.0,105.0,0.79303974,522.0,90.0,0.914425,485.0,94.0,0.70093036,550.0,116.0,0.79945123,463.0,125.0,0.8693247,607.0,233.0,0.9269703,408.0,236.0,0.964074,625.0,384.0,0.8329221,388.0,384.0,0.79771936,649.0,519.0,0.7919578,372.0,524.0,0.8183687,565.0,514.0,0.85401446,455.0,517.0,0.8585522,560.0,737.0,0.8043488,464.0,745.0,0.90032464,565.0,943.0,0.91308886,471.0,943.0,0.9175642,3,mountain
mountain/95.jpg,237.0,118.0,0.66100776,243.0,112.0,0.6191677,229.0,112.0,0.65510213,251.0,116.0,0.63833547,220.0,118.0,0.73778915,264.0,152.0,0.8961297,204.0,154.0,0.8892672,266.0,93.0,0.78015304,206.0,93.0,0.77634805,249.0,57.0,0.59037447,217.0,57.0,0.71076727,255.0,265.0,0.83376825,215.0,263.0,0.7477436,251.0,358.0,0.87319976,215.0,362.0,0.75725764,249.0,430.0,0.8503898,212.0,432.0,0.891621,3,mountain
mountain/96.jpg,204.0,58.0,0.54791903,212.0,49.0,0.8579067,196.0,49.0,0.6833846,223.0,50.0,0.752059,186.0,50.0,0.84497416,247.0,101.0,0.9141891,164.0,101.0,0.8833972,250.0,168.0,0.8120467,160.0,168.0,0.90258706,255.0,230.0,0.73773134,153.0,225.0,0.8681818,228.0,217.0,0.757683,180.0,217.0,0.7884138,219.0,326.0,0.88187927,188.0,326.0,0.8719508,216.0,418.0,0.7785599,189.0,419.0,0.7746174,3,mountain
mountain/97.jpg,240.0,57.0,0.57186586,248.0,49.0,0.89360696,232.0,49.0,0.6780165,258.0,49.0,0.785805,220.0,50.0,0.6312792,281.0,101.0,0.85681295,197.0,102.0,0.83184856,285.0,170.0,0.8876637,192.0,171.0,0.872074,291.0,225.0,0.8702409,189.0,230.0,0.78604275,263.0,216.0,0.77566767,215.0,216.0,0.7774335,256.0,325.0,0.6893621,226.0,325.0,0.83136606,254.0,419.0,0.8217257,227.0,421.0,0.8893527,3,mountain
mountain/98.jpg,172.0,33.0,0.7902924,180.0,25.0,0.7590374,165.0,25.0,0.8423962,191.0,32.0,0.86297613,157.0,33.0,0.8668432,212.0,81.0,0.9283226,134.0,81.0,0.8314498,215.0,144.0,0.8352994,131.0,144.0,0.89710075,233.0,200.0,0.93724453,111.0,198.0,0.8630822,193.0,194.0,0.9052575,150.0,193.0,0.8747139,190.0,290.0,0.92185587,151.0,287.0,0.8028717,176.0,374.0,0.72201836,160.0,375.0,0.86055815,3,mountain
mountain/99.jpg,224.0,31.0,0.7126123,231.0,25.0,0.81276476,215.0,24.0,0.7837837,240.0,32.0,0.8612648,205.0,34.0,0.8134028,261.0,81.0,0.9181957,183.0,81.0,0.7582583,265.0,144.0,0.9229841,181.0,142.0,0.89564574,283.0,200.0,0.91256857,162.0,199.0,0.91256535,245.0,191.0,0.81561655,201.0,192.0,0.8748092,244.0,287.0,0.963529,205.0,289.0,0.9284709,234.0,372.0,0.692435,216.0,372.0,0.73320377,3,mountain
mountain/WhatsApp Image 2021-02-25 at 11.57.30 AM.jpeg,122.0,444.0,0.56998956,102.0,421.0,0.6322344,102.0,466.0,0.4087363,125.0,386.0,0.66419756,126.0,484.0,0.53285944,214.0,345.0,0.60132504,232.0,539.0,0.75197893,401.0,302.0,0.86130476,356.0,600.0,0.58996403,540.0,241.0,0.741593,488.0,670.0,0.6595052,526.0,406.0,0.6909435,534.0,506.0,0.70001996,777.0,419.0,0.44913948,785.0,535.0,0.49565724,973.0,433.0,0.5280571,972.0,574.0,0.516406,3,mountain
mountain/WhatsApp Image 2021-02-25 at 11.57.32 AM.jpeg,270.0,472.0,0.40720043,244.0,448.0,0.67881966,243.0,478.0,0.6314294,251.0,440.0,0.6354303,247.0,501.0,0.7387566,333.0,358.0,0.82314587,349.0,594.0,0.8751552,542.0,298.0,0.58484447,559.0,612.0,0.8573921,678.0,268.0,0.8487078,650.0,669.0,0.7594012,673.0,423.0,0.70436,673.0,536.0,0.79316723,918.0,449.0,0.4626393,966.0,560.0,0.6860799,1159.0,443.0,0.5743147,1161.0,547.0,0.56808555,3,mountain
mountain/WhatsApp Image 2021-02-25 at 11.57.34 AM.jpeg,110.0,436.0,0.71835697,93.0,413.0,0.71843725,86.0,457.0,0.5221042,115.0,385.0,0.5606942,111.0,482.0,0.52534676,208.0,336.0,0.6246915,206.0,540.0,0.84650064,396.0,289.0,0.78277695,360.0,618.0,0.6480633,525.0,250.0,0.648746,480.0,674.0,0.7482908,524.0,397.0,0.7223985,529.0,508.0,0.7762129,779.0,409.0,0.46757293,771.0,537.0,0.64586127,968.0,430.0,0.5866076,969.0,581.0,0.8368617,3,mountain
mountain/WhatsApp Image 2021-02-25 at 11.57.36 AM.jpeg,101.0,406.0,0.5983563,75.0,380.0,0.41352925,75.0,430.0,0.7303066,90.0,339.0,0.6558646,92.0,449.0,0.7799455,221.0,291.0,0.641749,230.0,493.0,0.7557542,430.0,274.0,0.60189,422.0,553.0,0.8476372,611.0,216.0,0.72171783,579.0,631.0,0.7398219,603.0,347.0,0.7257805,626.0,475.0,0.84172225,980.0,396.0,0.39359406,983.0,428.0,0.3879331,1181.0,377.0,0.45703343,1186.0,379.0,0.39815292,3,mountain
mountain/WhatsApp Image 2021-02-25 at 11.57.37 AM.jpeg,217.0,581.0,0.6988056,200.0,559.0,0.66861165,195.0,608.0,0.745065,234.0,522.0,0.7093245,226.0,625.0,0.6785445,325.0,461.0,0.8368334,344.0,679.0,0.9026754,505.0,389.0,0.5298368,497.0,713.0,0.62530303,605.0,317.0,0.7018496,633.0,776.0,0.8630186,614.0,462.0,0.757472,635.0,597.0,0.79759574,886.0,432.0,0.55897593,908.0,597.0,0.8725192,1132.0,395.0,0.7794782,1160.0,586.0,0.83424354,3,mountain
mountain/WhatsApp Image 2021-02-25 at 11.57.38 AM.jpeg,217.0,486.0,0.76108825,198.0,463.0,0.72407746,194.0,501.0,0.76894444,211.0,446.0,0.63239455,206.0,523.0,0.76799196,319.0,399.0,0.8384948,330.0,586.0,0.8241884,490.0,373.0,0.7606139,485.0,611.0,0.92951477,615.0,329.0,0.8523483,602.0,674.0,0.838229,594.0,460.0,0.66135347,599.0,554.0,0.64244366,859.0,465.0,0.6244017,861.0,573.0,0.6459112,1068.0,446.0,0.57129467,1072.0,612.0,0.74107784,3,mountain
mountain/WhatsApp Image 2021-02-25 at 12.00.15 PM.jpeg,535.0,222.0,0.765089,556.0,206.0,0.69112027,508.0,208.0,0.8724951,589.0,235.0,0.8552669,476.0,244.0,0.8382067,667.0,369.0,0.8043679,417.0,369.0,0.88473403,706.0,567.0,0.91873235,371.0,568.0,0.9294771,779.0,720.0,0.8362852,309.0,723.0,0.9537991,614.0,725.0,0.8637656,464.0,721.0,0.85569715,598.0,982.0,0.8660972,458.0,973.0,0.9096594,590.0,1189.0,0.945297,444.0,1184.0,0.91849333,3,mountain
mountain/WhatsApp Image 2021-02-25 at 12.06.31 AM.jpeg,96.0,473.0,0.16150823,65.0,494.0,0.26663604,62.0,464.0,0.21611704,86.0,517.0,0.24367653,69.0,497.0,0.14078677,214.0,496.0,0.260513,189.0,413.0,0.31234848,407.0,323.0,0.3949686,404.0,323.0,0.31129125,565.0,207.0,0.49117658,569.0,211.0,0.37616006,568.0,446.0,0.3880556,565.0,470.0,0.37680945,821.0,437.0,0.30235407,828.0,471.0,0.49289808,1102.0,381.0,0.4049525,1127.0,401.0,0.4989803,3,mountain
mountain/WhatsApp Image 2021-02-25 at 12.06.32 AM.jpeg,97.0,566.0,0.4567971,79.0,568.0,0.45477882,67.0,547.0,0.49987644,111.0,555.0,0.4856228,95.0,483.0,0.38447753,233.0,615.0,0.6710336,270.0,381.0,0.62682915,472.0,642.0,0.7888589,440.0,338.0,0.82501966,633.0,756.0,0.73005056,590.0,287.0,0.7653252,635.0,511.0,0.679991,639.0,428.0,0.72077084,884.0,471.0,0.51907194,854.0,412.0,0.43414733,1207.0,429.0,0.59692955,1195.0,408.0,0.6714046,3,mountain
mountain/WhatsApp Image 2021-02-25 at 12.06.36 AM (1).jpeg,227.0,403.0,0.8051093,211.0,385.0,0.75200295,207.0,432.0,0.72933227,246.0,361.0,0.7580982,241.0,463.0,0.721599,375.0,302.0,0.8018479,370.0,506.0,0.6296166,581.0,276.0,0.9252622,560.0,585.0,0.78698444,717.0,177.0,0.8084755,689.0,683.0,0.7687528,706.0,379.0,0.75045663,697.0,490.0,0.5258726,966.0,389.0,0.6298192,973.0,442.0,0.78676695,1254.0,409.0,0.65319645,1252.0,445.0,0.8159015,3,mountain
mountain/WhatsApp Image 2021-02-25 at 12.06.37 AM.jpeg,268.0,559.0,0.72689366,249.0,524.0,0.74421835,246.0,569.0,0.71670413,273.0,470.0,0.67442787,268.0,573.0,0.6366154,347.0,419.0,0.71699065,385.0,613.0,0.84064454,535.0,332.0,0.84263176,586.0,619.0,0.9342432,660.0,250.0,0.8413338,710.0,691.0,0.9178462,693.0,410.0,0.64857817,714.0,530.0,0.6933892,923.0,388.0,0.6341222,927.0,455.0,0.61878556,1205.0,340.0,0.6608012,1207.0,360.0,0.36313298,3,mountain
mountain/WhatsApp Image 2021-02-25 at 12.16.10 PM.jpeg,123.0,286.0,0.6381004,144.0,267.0,0.39362413,123.0,268.0,0.55104357,214.0,275.0,0.9108039,162.0,271.0,0.5706676,274.0,408.0,0.9129217,138.0,422.0,0.8260944,315.0,598.0,0.6822825,153.0,591.0,0.74463356,309.0,777.0,0.7199663,109.0,705.0,0.83039904,263.0,742.0,0.8411432,184.0,741.0,0.80600256,316.0,949.0,0.7881362,226.0,918.0,0.6455262,356.0,1152.0,0.89542663,252.0,1066.0,0.75652665,3,mountain
mountain/WhatsApp Image 2021-02-25 at 12.16.11 PM (1).jpeg,434.0,184.0,0.6304682,447.0,167.0,0.8727219,404.0,163.0,0.7953149,435.0,184.0,0.6275226,343.0,187.0,0.8616908,454.0,347.0,0.8292928,274.0,322.0,0.8653945,433.0,530.0,0.9074433,221.0,524.0,0.81886375,477.0,676.0,0.782827,162.0,703.0,0.9005975,376.0,679.0,0.80698323,274.0,674.0,0.78962463,362.0,877.0,0.84731895,241.0,890.0,0.86155,337.0,1032.0,0.8387088,193.0,1086.0,0.8333729,3,mountain
mountain/WhatsApp Image 2021-02-25 at 12.16.11 PM.jpeg,344.0,213.0,0.6103976,324.0,184.0,0.61961937,370.0,186.0,0.5410731,293.0,210.0,0.64206517,397.0,215.0,0.8286228,230.0,362.0,0.6338682,436.0,370.0,0.91534764,197.0,519.0,0.7623467,447.0,537.0,0.697197,157.0,632.0,0.53510976,490.0,669.0,0.6852213,259.0,670.0,0.7765126,371.0,686.0,0.8612619,231.0,875.0,0.86294305,361.0,882.0,0.8796674,211.0,1066.0,0.7654416,359.0,1070.0,0.853562,3,mountain
mountain/WhatsApp Image 2021-02-25 at 12.16.12 PM (2).jpeg,336.0,262.0,0.7997886,358.0,236.0,0.6350733,317.0,236.0,0.80164814,384.0,244.0,0.83554506,286.0,245.0,0.82689583,427.0,363.0,0.8105961,238.0,366.0,0.88012683,434.0,526.0,0.8478048,220.0,516.0,0.86461544,472.0,661.0,0.8628869,168.0,644.0,0.7917024,379.0,656.0,0.85246575,271.0,654.0,0.7992305,387.0,839.0,0.86675185,256.0,828.0,0.8013139,389.0,983.0,0.7052567,250.0,973.0,0.91362786,3,mountain
mountain/WhatsApp Image 2021-02-25 at 12.16.12 PM.jpeg,336.0,262.0,0.7997886,358.0,236.0,0.6350733,317.0,236.0,0.80164814,384.0,244.0,0.83554506,286.0,245.0,0.82689583,427.0,363.0,0.8105961,238.0,366.0,0.88012683,434.0,526.0,0.8478048,220.0,516.0,0.86461544,472.0,661.0,0.8628869,168.0,644.0,0.7917024,379.0,656.0,0.85246575,271.0,654.0,0.7992305,387.0,839.0,0.86675185,256.0,828.0,0.8013139,389.0,983.0,0.7052567,250.0,973.0,0.91362786,3,mountain
mountain/download (1).jpg,152.0,23.0,0.61533594,155.0,20.0,0.51914024,149.0,20.0,0.68619365,159.0,22.0,0.8598597,145.0,22.0,0.6426988,168.0,40.0,0.74079746,136.0,41.0,0.82335997,169.0,64.0,0.83346486,134.0,65.0,0.8269961,175.0,84.0,0.81703335,127.0,85.0,0.88130873,161.0,83.0,0.81636846,143.0,83.0,0.83674335,158.0,119.0,0.8502822,146.0,119.0,0.88445425,157.0,151.0,0.7654685,148.0,151.0,0.8881954,3,mountain
mountain/download (2).jpg,134.0,22.0,0.8306714,137.0,19.0,0.905402,130.0,19.0,0.907423,140.0,21.0,0.872218,126.0,21.0,0.73008454,149.0,43.0,0.95945555,117.0,42.0,0.90078884,151.0,69.0,0.8908509,112.0,67.0,0.8208893,160.0,92.0,0.8999184,103.0,91.0,0.902556,141.0,92.0,0.8002079,122.0,92.0,0.76977074,138.0,130.0,0.9057198,122.0,131.0,0.84245116,138.0,163.0,0.74029106,120.0,164.0,0.89742655,3,mountain
mountain/download (3).jpg,114.0,27.0,0.5952476,118.0,24.0,0.5192597,110.0,24.0,0.78894025,124.0,29.0,0.8074873,104.0,30.0,0.63880503,135.0,55.0,0.94225353,94.0,55.0,0.9228174,145.0,87.0,0.89032435,84.0,85.0,0.93873954,155.0,114.0,0.85885674,74.0,113.0,0.8662323,125.0,111.0,0.82039785,103.0,111.0,0.8891385,123.0,164.0,0.9466476,107.0,163.0,0.9523853,120.0,207.0,0.79563177,110.0,207.0,0.8407631,3,mountain
mountain/download (4).jpg,141.0,44.0,0.6140342,144.0,42.0,0.5438366,141.0,42.0,0.61258996,150.0,44.0,0.6761587,144.0,43.0,0.55922234,156.0,57.0,0.82470626,135.0,55.0,0.5966255,159.0,78.0,0.7843554,134.0,74.0,0.71539307,161.0,95.0,0.8111079,131.0,91.0,0.6684208,151.0,96.0,0.7683197,138.0,96.0,0.7996966,151.0,123.0,0.6848844,143.0,123.0,0.8624768,152.0,149.0,0.72785115,145.0,148.0,0.6193172,3,mountain
mountain/download (5).jpg,181.0,16.0,0.8037579,184.0,14.0,0.9277715,179.0,14.0,0.8457838,187.0,17.0,0.7432344,176.0,16.0,0.84015346,194.0,32.0,0.8033605,169.0,31.0,0.93562883,197.0,53.0,0.7837452,164.0,50.0,0.7874298,203.0,70.0,0.9067219,157.0,68.0,0.88258183,188.0,66.0,0.84966457,173.0,66.0,0.8043962,189.0,95.0,0.85174435,172.0,95.0,0.87856424,190.0,120.0,0.91473484,171.0,120.0,0.7489295,3,mountain
mountain/download (6).jpg,152.0,14.0,0.7605486,154.0,11.0,0.8173097,149.0,11.0,0.76215136,157.0,14.0,0.79867524,144.0,14.0,0.72759706,166.0,31.0,0.9538932,135.0,32.0,0.89786416,168.0,58.0,0.8432472,132.0,58.0,0.92212033,176.0,78.0,0.9279236,123.0,76.0,0.8987993,161.0,75.0,0.8957873,142.0,75.0,0.8469554,161.0,117.0,0.8005923,141.0,116.0,0.9458529,163.0,152.0,0.88588107,139.0,153.0,0.8876444,3,mountain
mountain/download (7).jpg,151.0,17.0,0.81332266,152.0,14.0,0.7352551,148.0,14.0,0.7247989,149.0,15.0,0.69781226,139.0,15.0,0.605131,156.0,31.0,0.9290452,133.0,31.0,0.90037954,159.0,56.0,0.80239344,131.0,55.0,0.78972673,167.0,76.0,0.85856307,128.0,79.0,0.88499403,154.0,73.0,0.80168706,141.0,73.0,0.81764936,146.0,113.0,0.7397027,139.0,113.0,0.9190686,143.0,146.0,0.8023337,138.0,149.0,0.8560693,3,mountain
mountain/download (8).jpg,139.0,46.0,0.8389376,141.0,44.0,0.6946124,136.0,44.0,0.90178967,145.0,45.0,0.7838987,134.0,46.0,0.8070692,152.0,59.0,0.9576411,128.0,60.0,0.81993353,154.0,80.0,0.91903776,127.0,80.0,0.89659303,158.0,96.0,0.83073515,122.0,95.0,0.8867083,147.0,93.0,0.8695794,132.0,93.0,0.8611603,146.0,124.0,0.9362017,134.0,124.0,0.83716464,147.0,152.0,0.79630125,133.0,152.0,0.82441795,3,mountain
mountain/download (9).jpg,149.0,18.0,0.55035436,152.0,15.0,0.7648415,146.0,15.0,0.6480601,157.0,17.0,0.8156055,143.0,16.0,0.831712,166.0,35.0,0.9062094,134.0,35.0,0.9525013,167.0,60.0,0.8950531,131.0,59.0,0.88987243,174.0,82.0,0.9382916,122.0,83.0,0.88510054,158.0,80.0,0.8980569,141.0,79.0,0.8311919,155.0,119.0,0.8663589,143.0,119.0,0.9454426,152.0,154.0,0.83962023,144.0,154.0,0.8055018,3,mountain
mountain/download.jpg,142.0,38.0,0.5461805,145.0,35.0,0.7768503,144.0,35.0,0.540609,153.0,37.0,0.71660405,151.0,37.0,0.4152209,152.0,54.0,0.7655065,151.0,53.0,0.728196,151.0,80.0,0.62680626,152.0,80.0,0.5745378,153.0,100.0,0.65788764,152.0,99.0,0.5845177,151.0,94.0,0.71520317,151.0,93.0,0.6346425,155.0,130.0,0.76981544,155.0,130.0,0.7675207,154.0,162.0,0.65195876,155.0,161.0,0.73210704,3,mountain
mountain/images (1).jpg,160.0,5.0,0.6366434,158.0,2.0,0.66620874,157.0,2.0,0.652087,149.0,3.0,0.59561825,148.0,4.0,0.67946315,147.0,21.0,0.6890253,146.0,22.0,0.84498817,148.0,53.0,0.54019016,147.0,54.0,0.74927574,151.0,78.0,0.6668343,152.0,78.0,0.641508,148.0,72.0,0.6728091,148.0,72.0,0.7034794,146.0,117.0,0.76392174,145.0,118.0,0.7640002,145.0,156.0,0.83328795,143.0,160.0,0.5174459,3,mountain
mountain/images (10).jpg,137.0,24.0,0.73620725,140.0,21.0,0.744701,134.0,21.0,0.8005273,145.0,24.0,0.8398225,130.0,24.0,0.8831531,154.0,43.0,0.8372353,121.0,44.0,0.9505504,158.0,68.0,0.86398876,117.0,71.0,0.805133,162.0,90.0,0.864168,113.0,92.0,0.8664071,148.0,91.0,0.852502,128.0,92.0,0.79324085,144.0,129.0,0.8138094,130.0,129.0,0.60246545,141.0,165.0,0.8568544,131.0,166.0,0.8172787,3,mountain
mountain/images (11).jpg,138.0,16.0,0.7682984,136.0,12.0,0.51370966,136.0,12.0,0.59389603,126.0,13.0,0.7844473,126.0,13.0,0.860546,123.0,30.0,0.7131885,122.0,30.0,0.8626889,123.0,61.0,0.6215644,121.0,62.0,0.751323,126.0,89.0,0.4984393,125.0,89.0,0.6619636,125.0,78.0,0.7354872,125.0,78.0,0.6760775,122.0,122.0,0.7988028,122.0,122.0,0.70271564,121.0,165.0,0.6939981,121.0,167.0,0.691896,3,mountain
mountain/images (12).jpg,111.0,20.0,0.58347493,114.0,16.0,0.6354178,107.0,16.0,0.7942896,119.0,20.0,0.79007584,102.0,20.0,0.7981037,129.0,44.0,0.9402633,91.0,44.0,0.9273584,132.0,76.0,0.80512834,89.0,74.0,0.88118416,140.0,103.0,0.9101288,81.0,102.0,0.88972867,123.0,99.0,0.7823883,100.0,100.0,0.78142405,121.0,145.0,0.8345603,102.0,146.0,0.8913311,116.0,189.0,0.8529821,107.0,189.0,0.8414018,3,mountain
mountain/images (2).jpg,149.0,18.0,0.55035436,152.0,15.0,0.7648415,146.0,15.0,0.6480601,157.0,17.0,0.8156055,143.0,16.0,0.831712,166.0,35.0,0.9062094,134.0,35.0,0.9525013,167.0,60.0,0.8950531,131.0,59.0,0.88987243,174.0,82.0,0.9382916,122.0,83.0,0.88510054,158.0,80.0,0.8980569,141.0,79.0,0.8311919,155.0,119.0,0.8663589,143.0,119.0,0.9454426,152.0,154.0,0.83962023,144.0,154.0,0.8055018,3,mountain
mountain/images (3).jpg,138.0,36.0,0.7518635,140.0,34.0,0.7326994,134.0,34.0,0.7951529,141.0,36.0,0.7752422,129.0,36.0,0.75000924,150.0,55.0,0.8891694,121.0,53.0,0.88834894,153.0,80.0,0.6962504,117.0,78.0,0.86373305,160.0,99.0,0.8042808,112.0,99.0,0.8866457,148.0,99.0,0.8670745,129.0,100.0,0.850201,144.0,137.0,0.839136,131.0,137.0,0.8847507,141.0,168.0,0.8143674,131.0,170.0,0.90422773,3,mountain
mountain/images (4).jpg,146.0,0.0,0.5983882,149.0,-1.0,0.33480373,143.0,-1.0,0.23434807,153.0,1.0,0.8049034,139.0,1.0,0.77699816,163.0,20.0,0.88075125,130.0,21.0,0.7747191,169.0,48.0,0.90626836,124.0,49.0,0.91730744,178.0,70.0,0.8621741,112.0,71.0,0.917127,156.0,69.0,0.9000604,136.0,69.0,0.80422574,152.0,113.0,0.9443921,139.0,113.0,0.9601082,151.0,152.0,0.8772127,139.0,153.0,0.7744236,3,mountain
mountain/images (5).jpg,65.0,52.0,0.47708607,63.0,48.0,0.6776835,60.0,48.0,0.74386,55.0,50.0,0.45153466,47.0,52.0,0.7034974,60.0,75.0,0.6061382,42.0,77.0,0.7434225,60.0,112.0,0.5521164,44.0,117.0,0.8604765,73.0,142.0,0.23632425,48.0,149.0,0.74406385,68.0,134.0,0.8673791,55.0,136.0,0.75705457,66.0,183.0,0.78777957,55.0,184.0,0.6847484,68.0,224.0,0.657061,59.0,229.0,0.60193205,3,mountain
mountain/images (6).jpg,97.0,54.0,0.6425403,96.0,51.0,0.55558574,94.0,51.0,0.5320194,94.0,53.0,0.55446064,88.0,54.0,0.66062415,99.0,65.0,0.7423574,84.0,66.0,0.8494221,100.0,81.0,0.52067614,81.0,83.0,0.85161746,105.0,94.0,0.7275007,83.0,98.0,0.76262844,99.0,98.0,0.7940004,89.0,98.0,0.81651515,96.0,120.0,0.7916655,88.0,120.0,0.76867694,93.0,142.0,0.5425425,87.0,142.0,0.6256887,3,mountain
mountain/images (7).jpg,117.0,24.0,0.85234094,120.0,22.0,0.7492424,115.0,23.0,0.8835025,126.0,25.0,0.53214324,113.0,25.0,0.58077335,134.0,43.0,0.8747624,103.0,44.0,0.72053456,138.0,67.0,0.7486868,100.0,68.0,0.9478266,141.0,88.0,0.66674036,97.0,89.0,0.7595226,126.0,81.0,0.7934259,110.0,81.0,0.859837,126.0,118.0,0.7828921,115.0,116.0,0.6498764,127.0,149.0,0.7741955,116.0,148.0,0.85376984,3,mountain
mountain/images (8).jpg,123.0,24.0,0.64123946,127.0,21.0,0.49912694,120.0,20.0,0.5789162,131.0,23.0,0.7857432,117.0,23.0,0.84629494,140.0,43.0,0.8758654,107.0,45.0,0.798908,145.0,74.0,0.89569175,104.0,73.0,0.8735885,148.0,98.0,0.7834136,98.0,97.0,0.8799592,134.0,96.0,0.7731327,113.0,96.0,0.75586724,131.0,139.0,0.8592673,117.0,139.0,0.89565885,128.0,181.0,0.8217738,118.0,179.0,0.7808767,3,mountain
mountain/images (9).jpg,129.0,43.0,0.6608887,130.0,41.0,0.6543462,127.0,41.0,0.7392967,131.0,43.0,0.48770168,124.0,42.0,0.4225609,134.0,55.0,0.43456337,119.0,55.0,0.47340012,136.0,69.0,0.28089267,115.0,71.0,0.51866174,139.0,81.0,0.39079875,113.0,84.0,0.26440406,131.0,80.0,0.69961077,122.0,80.0,0.54428124,128.0,102.0,0.5127075,122.0,102.0,0.76050323,125.0,121.0,0.63982284,123.0,122.0,0.5748725,3,mountain
mountain/images.jpg,125.0,38.0,0.6682168,129.0,34.0,0.7569283,122.0,34.0,0.908848,133.0,37.0,0.8531952,118.0,36.0,0.7851048,140.0,57.0,0.9130673,109.0,57.0,0.9106047,143.0,84.0,0.6683512,105.0,84.0,0.8572273,151.0,105.0,0.9402684,98.0,106.0,0.9407407,136.0,102.0,0.79698616,117.0,102.0,0.8414144,135.0,142.0,0.9160888,119.0,143.0,0.82833827,137.0,177.0,0.8712456,120.0,177.0,0.78404295,3,mountain
no_pose/1.jpg,213.0,58.0,0.6386386,219.0,50.0,0.3504877,204.0,50.0,0.67960215,229.0,54.0,0.44976702,194.0,55.0,0.54178077,245.0,100.0,0.71943486,179.0,103.0,0.81322473,250.0,157.0,0.5437628,173.0,164.0,0.69768083,256.0,208.0,0.714026,170.0,219.0,0.7093197,235.0,201.0,0.6974263,195.0,203.0,0.5863417,234.0,295.0,0.6687152,201.0,293.0,0.818346,231.0,373.0,0.68959177,204.0,372.0,0.5832686,4,no_pose
no_pose/10.jpg,290.0,102.0,0.7059954,302.0,90.0,0.6423633,286.0,89.0,0.497531,333.0,89.0,0.42388755,293.0,89.0,0.42990807,368.0,150.0,0.8583462,272.0,140.0,0.82266426,406.0,233.0,0.83656275,261.0,203.0,0.7974422,367.0,293.0,0.61411864,254.0,261.0,0.79318357,332.0,298.0,0.8343537,276.0,294.0,0.644735,338.0,393.0,0.88891935,269.0,391.0,0.90221405,338.0,476.0,0.8726058,269.0,474.0,0.82133293,4,no_pose
no_pose/10_flipped.jpg,310.0,102.0,0.5020414,313.0,90.0,0.75215924,297.0,91.0,0.7961054,304.0,89.0,0.6792561,269.0,90.0,0.9198517,325.0,135.0,0.876156,230.0,148.0,0.8309807,334.0,202.0,0.72827387,195.0,233.0,0.78589505,341.0,263.0,0.7752106,229.0,292.0,0.81344306,321.0,296.0,0.8852783,266.0,302.0,0.8247814,330.0,395.0,0.8664141,262.0,390.0,0.7561967,328.0,474.0,0.9085654,261.0,474.0,0.81647897,4,no_pose
no_pose/11.png,123.0,33.0,0.60509646,128.0,29.0,0.76962364,119.0,29.0,0.7240761,134.0,32.0,0.70802236,114.0,32.0,0.76537186,148.0,60.0,0.82830524,101.0,60.0,0.8471985,141.0,98.0,0.5155922,93.0,99.0,0.75879997,111.0,88.0,0.54235965,130.0,93.0,0.42478248,132.0,129.0,0.86851436,105.0,128.0,0.9221149,129.0,193.0,0.90599084,98.0,190.0,0.66947734,123.0,247.0,0.78714484,104.0,245.0,0.6167052,4,no_pose
no_pose/11_flipped.png,99.0,34.0,0.7296654,104.0,30.0,0.7096914,94.0,29.0,0.6132878,109.0,33.0,0.82050264,88.0,33.0,0.8299716,120.0,62.0,0.7948196,75.0,59.0,0.92126024,129.0,101.0,0.69759,83.0,97.0,0.542945,104.0,93.0,0.6346775,111.0,88.0,0.54273784,116.0,129.0,0.802283,90.0,131.0,0.8207034,123.0,191.0,0.775391,95.0,193.0,0.7571404,117.0,244.0,0.8605094,99.0,245.0,0.69603837,4,no_pose
no_pose/12.jpg,495.0,148.0,0.5978242,522.0,124.0,0.6363842,486.0,125.0,0.70224035,603.0,133.0,0.51421523,506.0,138.0,0.19020888,686.0,282.0,0.58056724,507.0,321.0,0.7780576,774.0,483.0,0.6174768,542.0,487.0,0.5335938,735.0,655.0,0.4238495,548.0,630.0,0.53375864,703.0,690.0,0.76579356,574.0,695.0,0.63244736,765.0,971.0,0.79524726,525.0,990.0,0.81779474,827.0,1247.0,0.7433734,448.0,1273.0,0.6832061,4,no_pose
no_pose/12_flipped.jpg,708.0,149.0,0.49210504,715.0,126.0,0.592919,681.0,126.0,0.5338014,691.0,137.0,0.14809284,602.0,138.0,0.5685966,685.0,318.0,0.71240973,511.0,286.0,0.559203,658.0,504.0,0.5354238,428.0,492.0,0.5325091,655.0,659.0,0.45492014,465.0,677.0,0.5598992,624.0,697.0,0.67609143,489.0,689.0,0.49481064,670.0,979.0,0.6968231,429.0,972.0,0.7329618,753.0,1270.0,0.71312445,367.0,1251.0,0.79663813,4,no_pose
no_pose/13.jpg,407.0,141.0,0.6642719,409.0,137.0,0.6452279,403.0,136.0,0.6420163,406.0,138.0,0.2911375,390.0,136.0,0.7340511,408.0,166.0,0.6880497,372.0,164.0,0.67834044,410.0,196.0,0.4836698,359.0,201.0,0.68443584,413.0,224.0,0.63734543,375.0,229.0,0.41950238,402.0,236.0,0.6078054,379.0,236.0,0.74017966,398.0,288.0,0.68144894,371.0,289.0,0.73039865,394.0,333.0,0.7279662,367.0,340.0,0.62889403,4,no_pose
no_pose/13_flipped.jpg,243.0,141.0,0.62379944,247.0,136.0,0.61500394,241.0,138.0,0.45413926,262.0,135.0,0.6802163,244.0,139.0,0.2564124,277.0,164.0,0.7079037,242.0,167.0,0.58103263,292.0,202.0,0.5314338,239.0,197.0,0.69963264,275.0,229.0,0.42524943,236.0,223.0,0.5954381,269.0,236.0,0.53720534,246.0,236.0,0.59379566,280.0,290.0,0.6082469,253.0,289.0,0.66396093,284.0,338.0,0.51960754,257.0,332.0,0.6855005,4,no_pose
no_pose/14.jpg,326.0,78.0,0.56291884,331.0,71.0,0.5808481,317.0,71.0,0.6813817,335.0,73.0,0.80229115,303.0,75.0,0.81657565,354.0,125.0,0.88731503,285.0,121.0,0.77085257,370.0,186.0,0.8110926,271.0,189.0,0.8882522,381.0,244.0,0.86103046,268.0,251.0,0.7188866,344.0,226.0,0.77366954,304.0,226.0,0.726877,341.0,321.0,0.8515458,312.0,324.0,0.7146411,325.0,406.0,0.74473685,321.0,409.0,0.6839856,4,no_pose
no_pose/14_flipped.jpg,314.0,77.0,0.7756337,322.0,70.0,0.7354276,308.0,70.0,0.9091565,337.0,75.0,0.84653914,306.0,73.0,0.64233583,357.0,123.0,0.8357426,285.0,125.0,0.8382563,367.0,192.0,0.8477667,268.0,185.0,0.8639412,372.0,251.0,0.82210577,258.0,245.0,0.8416583,337.0,224.0,0.7419579,295.0,224.0,0.8266562,328.0,322.0,0.6320562,299.0,321.0,0.77980435,320.0,405.0,0.49447286,312.0,406.0,0.66480297,4,no_pose
no_pose/1_flipped.jpg,202.0,56.0,0.7329793,209.0,50.0,0.6961664,194.0,49.0,0.6687742,220.0,54.0,0.62897015,184.0,53.0,0.5484214,236.0,103.0,0.75659865,168.0,101.0,0.74750155,238.0,163.0,0.44704765,161.0,160.0,0.7391305,243.0,219.0,0.54932344,159.0,209.0,0.54800856,218.0,201.0,0.66261244,178.0,202.0,0.64647776,213.0,294.0,0.8315875,180.0,295.0,0.8293257,208.0,370.0,0.7077806,181.0,371.0,0.7274207,4,no_pose
no_pose/2.jpg,204.0,67.0,0.74110055,212.0,59.0,0.84445477,197.0,60.0,0.79732895,228.0,65.0,0.83521247,190.0,68.0,0.7025801,243.0,122.0,0.8788276,177.0,122.0,0.8345084,217.0,177.0,0.35687202,157.0,172.0,0.5724685,179.0,178.0,0.5381801,168.0,179.0,0.26363945,222.0,259.0,0.8122715,180.0,257.0,0.8110208,230.0,359.0,0.71991205,185.0,355.0,0.6378679,236.0,446.0,0.7673112,192.0,432.0,0.72960913,4,no_pose
no_pose/2_flipped.jpg,133.0,69.0,0.760969,140.0,61.0,0.74919844,123.0,59.0,0.7583335,145.0,68.0,0.5976611,106.0,67.0,0.8040576,160.0,119.0,0.8266326,91.0,123.0,0.9139279,179.0,177.0,0.7659718,129.0,183.0,0.53290236,171.0,184.0,0.34020814,164.0,180.0,0.24724342,156.0,256.0,0.8644429,114.0,259.0,0.7813123,150.0,354.0,0.63502836,109.0,353.0,0.6622342,146.0,431.0,0.7577583,100.0,443.0,0.6227567,4,no_pose
no_pose/4.jpg,181.0,57.0,0.7756345,190.0,48.0,0.65060866,171.0,48.0,0.75562894,203.0,56.0,0.7869682,160.0,58.0,0.87164044,230.0,108.0,0.92728657,133.0,115.0,0.9317128,240.0,171.0,0.77161026,133.0,181.0,0.6643718,176.0,183.0,0.28925285,209.0,176.0,0.5604889,210.0,260.0,0.8865849,150.0,260.0,0.77705646,220.0,359.0,0.91933036,146.0,359.0,0.8774488,225.0,443.0,0.708636,138.0,449.0,0.8527952,4,no_pose
no_pose/4_flipped.jpg,156.0,54.0,0.61941135,166.0,47.0,0.72041553,147.0,46.0,0.51178455,178.0,58.0,0.89276373,136.0,57.0,0.8455939,204.0,113.0,0.94399667,108.0,108.0,0.95787716,209.0,180.0,0.7507798,99.0,174.0,0.7463019,141.0,183.0,0.4897011,175.0,182.0,0.3635473,185.0,261.0,0.8911236,127.0,262.0,0.88616467,194.0,359.0,0.88057137,117.0,360.0,0.9118327,201.0,451.0,0.88821894,113.0,445.0,0.8511374,4,no_pose
no_pose/5.jpg,581.0,211.0,0.7291964,592.0,198.0,0.87490606,569.0,202.0,0.6647321,616.0,203.0,0.4784241,562.0,212.0,0.3930872,634.0,272.0,0.6874207,583.0,285.0,0.5737745,676.0,363.0,0.5905453,579.0,372.0,0.26882246,618.0,433.0,0.38514128,567.0,431.0,0.24974759,613.0,462.0,0.5026592,562.0,459.0,0.72665775,616.0,599.0,0.53832304,545.0,591.0,0.71626616,619.0,734.0,0.6721636,521.0,725.0,0.5665717,4,no_pose
no_pose/5_flipped.jpg,654.0,211.0,0.743367,664.0,201.0,0.786847,641.0,198.0,0.6044004,666.0,209.0,0.30868196,612.0,202.0,0.4163502,644.0,284.0,0.41295487,597.0,275.0,0.5928596,651.0,376.0,0.30805492,554.0,362.0,0.5097008,662.0,432.0,0.4055828,609.0,429.0,0.42337623,669.0,456.0,0.57024395,621.0,460.0,0.52794945,684.0,590.0,0.54230034,608.0,594.0,0.44091806,709.0,727.0,0.7504921,610.0,734.0,0.6782152,4,no_pose
no_pose/6.jpg,414.0,79.0,0.78297806,412.0,65.0,0.530599,396.0,64.0,0.7458358,386.0,72.0,0.5378219,350.0,76.0,0.73178124,419.0,170.0,0.90025485,304.0,167.0,0.9053643,424.0,296.0,0.5794482,302.0,287.0,0.8746049,448.0,414.0,0.68234646,413.0,323.0,0.5590228,407.0,394.0,0.82415473,347.0,392.0,0.699206,392.0,566.0,0.6575465,332.0,566.0,0.8292414,368.0,736.0,0.71997845,310.0,743.0,0.6965548,4,no_pose
no_pose/6_flipped.jpg,384.0,78.0,0.7558762,401.0,66.0,0.76403916,386.0,65.0,0.62668383,444.0,77.0,0.7492846,409.0,72.0,0.45988825,493.0,167.0,0.851192,376.0,169.0,0.72404706,494.0,288.0,0.785531,377.0,304.0,0.48523346,384.0,327.0,0.35862482,350.0,409.0,0.64873075,454.0,397.0,0.6808531,387.0,393.0,0.60614663,468.0,566.0,0.85574555,409.0,571.0,0.6671442,484.0,738.0,0.6030972,427.0,734.0,0.6667617,4,no_pose
no_pose/8.jpg,552.0,276.0,0.4119772,538.0,266.0,0.19120944,549.0,269.0,0.3662011,496.0,274.0,0.48382273,534.0,279.0,0.43583176,465.0,331.0,0.78174657,545.0,330.0,0.7412642,453.0,418.0,0.49974522,551.0,415.0,0.4834618,461.0,487.0,0.6380726,568.0,487.0,0.58722115,479.0,481.0,0.52251285,528.0,480.0,0.74168015,482.0,604.0,0.6600921,524.0,612.0,0.5746783,482.0,720.0,0.6116277,517.0,735.0,0.6384485,4,no_pose
no_pose/8_flipped.jpg,687.0,277.0,0.2745574,685.0,268.0,0.30978242,706.0,266.0,0.1574707,694.0,277.0,0.6223438,742.0,274.0,0.4404992,686.0,329.0,0.65065014,769.0,336.0,0.78344417,679.0,415.0,0.6417148,773.0,427.0,0.62573016,662.0,489.0,0.70676184,765.0,494.0,0.70084536,702.0,482.0,0.5784801,749.0,483.0,0.66706467,706.0,614.0,0.60072434,747.0,606.0,0.64053345,714.0,736.0,0.5352434,749.0,722.0,0.6465551,4,no_pose
no_pose/9.jpg,395.0,147.0,0.6152191,410.0,130.0,0.65646255,381.0,130.0,0.6265056,428.0,139.0,0.7373804,357.0,138.0,0.8315507,464.0,223.0,0.90516925,326.0,220.0,0.7271509,475.0,318.0,0.82073635,320.0,324.0,0.75470173,488.0,406.0,0.8106309,312.0,408.0,0.85889065,431.0,407.0,0.85131454,360.0,407.0,0.8391378,442.0,559.0,0.88866556,372.0,560.0,0.7579911,428.0,695.0,0.71380043,368.0,690.0,0.8474553,4,no_pose
no_pose/9_flipped.jpg,404.0,143.0,0.5475882,421.0,125.0,0.71948314,391.0,127.0,0.6617216,440.0,137.0,0.6168915,367.0,137.0,0.59282637,473.0,221.0,0.85536426,338.0,220.0,0.64877516,479.0,323.0,0.71975935,320.0,318.0,0.7486868,484.0,408.0,0.83557886,307.0,404.0,0.64902306,433.0,415.0,0.76771724,367.0,414.0,0.73258287,425.0,554.0,0.77168757,354.0,554.0,0.7883493,422.0,682.0,0.773134,371.0,692.0,0.9038002,4,no_pose
shoudler_stand/1628238401_Taller_big_5.jpg,483.0,372.0,0.74331844,499.0,381.0,0.860199,499.0,379.0,0.78439033,493.0,418.0,0.79083824,494.0,415.0,0.67129695,431.0,423.0,0.85949814,431.0,412.0,0.59791505,325.0,434.0,0.8907859,333.0,421.0,0.666339,355.0,362.0,0.74148214,354.0,362.0,0.58511055,368.0,259.0,0.8083898,372.0,260.0,0.81799424,408.0,109.0,0.72628736,403.0,102.0,0.66748035,422.0,-6.0,0.480848,422.0,-6.0,0.5540906,5,shoudler_stand
shoudler_stand/1628238401_Taller_big_5_flipped.jpg,416.0,373.0,0.69645274,401.0,380.0,0.7708569,400.0,381.0,0.865512,400.0,415.0,0.7538349,401.0,419.0,0.84155613,466.0,416.0,0.72750413,464.0,425.0,0.8412909,566.0,422.0,0.73737156,568.0,432.0,0.7824423,543.0,355.0,0.47999823,544.0,359.0,0.63865745,523.0,260.0,0.84534276,524.0,264.0,0.63363147,492.0,116.0,0.6643328,489.0,118.0,0.7818206,478.0,-3.0,0.7056403,476.0,-1.0,0.675434,5,shoudler_stand
shoudler_stand/360_F_22154796_9HSjvopbTzY8kDPZHfmMzEmwEzbUoG0n.jpg,131.0,298.0,0.41132125,131.0,299.0,0.57099605,139.0,303.0,0.52906,123.0,313.0,0.4175943,141.0,314.0,0.5594616,88.0,311.0,0.60820854,138.0,310.0,0.522812,51.0,305.0,0.8295833,130.0,297.0,0.15905203,74.0,270.0,0.67475843,117.0,280.0,0.17644411,83.0,216.0,0.7239914,116.0,216.0,0.62052083,94.0,122.0,0.63625973,108.0,122.0,0.5046476,107.0,41.0,0.7036517,99.0,41.0,0.6093096,5,shoudler_stand
shoudler_stand/360_F_22154796_9HSjvopbTzY8kDPZHfmMzEmwEzbUoG0n_flipped.jpg,68.0,296.0,0.448144,62.0,301.0,0.517359,71.0,300.0,0.4971076,59.0,317.0,0.55949265,79.0,317.0,0.66356736,61.0,305.0,0.6400882,112.0,317.0,0.5514726,75.0,291.0,0.2410301,151.0,305.0,0.79664195,87.0,265.0,0.30275768,127.0,274.0,0.45066434,82.0,208.0,0.7998903,116.0,211.0,0.7731816,88.0,122.0,0.716063,110.0,121.0,0.8412438,92.0,45.0,0.61142516,100.0,44.0,0.62616515,5,shoudler_stand
shoudler_stand/76a00248fb31b7b8_fp-shoulderstand.jpg,690.0,492.0,0.655258,705.0,501.0,0.7876293,705.0,500.0,0.8242482,702.0,535.0,0.83196723,701.0,535.0,0.7444271,650.0,542.0,0.60559654,642.0,531.0,0.6114692,543.0,557.0,0.71308094,546.0,544.0,0.71256363,579.0,473.0,0.74551654,576.0,475.0,0.5645766,634.0,365.0,0.73679066,637.0,365.0,0.75789976,652.0,242.0,0.7248261,649.0,240.0,0.7596305,656.0,103.0,0.678659,656.0,104.0,0.7711203,5,shoudler_stand
shoudler_stand/76a00248fb31b7b8_fp-shoulderstand_flipped.jpg,509.0,493.0,0.7149346,494.0,500.0,0.7487673,493.0,501.0,0.79837,493.0,532.0,0.76712054,491.0,540.0,0.73133093,560.0,528.0,0.54985857,550.0,551.0,0.7085166,656.0,530.0,0.67729163,652.0,557.0,0.8681949,619.0,477.0,0.53944546,616.0,481.0,0.7228242,565.0,369.0,0.6749519,561.0,374.0,0.5682422,543.0,244.0,0.6277578,543.0,244.0,0.5337952,538.0,102.0,0.76629674,539.0,102.0,0.7372067,5,shoudler_stand
shoudler_stand/How-to-Do-Sarvangasana-Shoulder-Stand-Pose-Benefits-of-Sarvangasana-Reduce-Hairfall-Thyroid-Headache-Relief.jpg,665.0,412.0,0.7209838,679.0,420.0,0.84648645,678.0,417.0,0.6991812,677.0,454.0,0.8525529,677.0,449.0,0.66055024,634.0,468.0,0.88269264,626.0,449.0,0.7206517,547.0,478.0,0.9197119,550.0,448.0,0.39993072,568.0,411.0,0.56779045,565.0,410.0,0.50172496,593.0,330.0,0.79933137,586.0,329.0,0.77420914,609.0,190.0,0.8419218,606.0,188.0,0.82161915,599.0,74.0,0.67532504,601.0,74.0,0.82765514,5,shoudler_stand
shoudler_stand/How-to-Do-Sarvangasana-Shoulder-Stand-Pose-Benefits-of-Sarvangasana-Reduce-Hairfall-Thyroid-Headache-Relief_flipped.jpg,422.0,411.0,0.38787323,415.0,415.0,0.43551895,414.0,416.0,0.32426518,416.0,450.0,0.5190152,417.0,451.0,0.47109568,463.0,437.0,0.46026966,461.0,473.0,0.4138213,514.0,436.0,0.19437973,486.0,476.0,0.24949268,500.0,404.0,0.18304017,436.0,451.0,0.24293849,518.0,360.0,0.17303705,528.0,369.0,0.13185559,497.0,193.0,0.63783896,494.0,188.0,0.5356115,492.0,73.0,0.4450183,497.0,67.0,0.45039958,5,shoudler_stand
shoudler_stand/HowToDoShoulderStandPose.jpg,284.0,436.0,0.44087604,299.0,440.0,0.33830103,300.0,437.0,0.4172613,298.0,472.0,0.5790913,301.0,464.0,0.5788736,251.0,478.0,0.7336469,259.0,472.0,0.4783632,148.0,496.0,0.84018886,152.0,490.0,0.53694224,191.0,432.0,0.53146577,198.0,428.0,0.38055485,189.0,378.0,0.16020657,213.0,385.0,0.19448374,201.0,209.0,0.6552197,203.0,212.0,0.811128,193.0,101.0,0.7306385,195.0,101.0,0.74903643,5,shoudler_stand
shoudler_stand/HowToDoShoulderStandPose_flipped.jpg,550.0,440.0,0.5762588,535.0,446.0,0.6771124,535.0,447.0,0.5777682,536.0,477.0,0.7906076,536.0,480.0,0.82170916,597.0,480.0,0.7629722,588.0,494.0,0.80413693,680.0,475.0,0.548832,684.0,498.0,0.9199609,649.0,429.0,0.5102216,649.0,431.0,0.80257034,632.0,342.0,0.7712689,626.0,347.0,0.65615547,629.0,212.0,0.8203032,626.0,215.0,0.8166078,638.0,108.0,0.8391417,639.0,109.0,0.6865406,5,shoudler_stand
shoudler_stand/Salamba+Sarvangasana-Shoulder-Stand-Yoga-East-Kittery-ME.jpg,509.0,1669.0,0.6537586,464.0,1678.0,0.67469794,510.0,1695.0,0.75277966,429.0,1744.0,0.71772885,534.0,1782.0,0.73461527,461.0,1683.0,0.4828709,685.0,1805.0,0.86227,470.0,1676.0,0.27025664,917.0,1774.0,0.87665516,611.0,1566.0,0.19204442,782.0,1614.0,0.683657,543.0,1315.0,0.7448007,735.0,1314.0,0.77740836,608.0,852.0,0.89415634,751.0,848.0,0.6222466,675.0,424.0,0.74903524,772.0,453.0,0.6037633,5,shoudler_stand
shoudler_stand/Salamba+Sarvangasana-Shoulder-Stand-Yoga-East-Kittery-ME_flipped.jpg,837.0,1641.0,0.6149594,832.0,1674.0,0.6145711,884.0,1678.0,0.5341581,776.0,1777.0,0.6436243,901.0,1768.0,0.63331956,635.0,1778.0,0.70704913,899.0,1710.0,0.7989371,414.0,1773.0,0.76857495,887.0,1689.0,0.17778754,561.0,1612.0,0.53530467,768.0,1526.0,0.20661697,592.0,1314.0,0.8063081,781.0,1291.0,0.77917624,573.0,886.0,0.923702,717.0,851.0,0.8646775,565.0,468.0,0.61776,641.0,454.0,0.7230153,5,shoudler_stand
shoudler_stand/Sarvangasana Yoga - Shoulder Stand Yoga.jpg,203.0,260.0,0.62614536,196.0,261.0,0.64072025,194.0,265.0,0.66451323,193.0,278.0,0.6760373,192.0,286.0,0.88728374,226.0,278.0,0.722189,213.0,295.0,0.8271845,285.0,286.0,0.83867127,275.0,304.0,0.87148356,271.0,253.0,0.55521834,267.0,254.0,0.6323219,263.0,209.0,0.59909403,261.0,211.0,0.6217048,256.0,125.0,0.6982858,255.0,127.0,0.7391366,248.0,75.0,0.26909775,248.0,77.0,0.23534043,5,shoudler_stand
shoudler_stand/Sarvangasana Yoga - Shoulder Stand Yoga_flipped.jpg,396.0,260.0,0.6694499,405.0,264.0,0.8194704,403.0,263.0,0.7144939,406.0,283.0,0.76599085,406.0,279.0,0.68206215,385.0,291.0,0.80552214,377.0,278.0,0.47122064,328.0,304.0,0.78454417,316.0,284.0,0.7149503,332.0,253.0,0.77263665,329.0,253.0,0.4462396,339.0,214.0,0.7164854,335.0,212.0,0.7628076,347.0,125.0,0.66790724,345.0,125.0,0.69954026,342.0,99.0,0.3278827,344.0,93.0,0.35316458,5,shoudler_stand
shoudler_stand/Sarvangasana.jpg,369.0,259.0,0.7641752,376.0,264.0,0.71658313,377.0,262.0,0.6871334,375.0,286.0,0.8517181,377.0,282.0,0.7520435,332.0,286.0,0.82192725,352.0,278.0,0.67071295,284.0,286.0,0.85358405,325.0,267.0,0.13427779,297.0,256.0,0.39036155,308.0,244.0,0.37999076,312.0,205.0,0.7282097,321.0,204.0,0.7508931,325.0,136.0,0.67441356,325.0,137.0,0.7528235,318.0,65.0,0.40787488,319.0,66.0,0.5723243,5,shoudler_stand
shoudler_stand/Sarvangasana_flipped.jpg,230.0,260.0,0.7733426,222.0,263.0,0.7562045,223.0,265.0,0.84515065,222.0,283.0,0.7754136,224.0,286.0,0.8813923,248.0,281.0,0.79896307,267.0,285.0,0.7207663,272.0,275.0,0.24200869,318.0,288.0,0.7354952,287.0,247.0,0.4678156,295.0,251.0,0.73200715,279.0,205.0,0.68818855,289.0,205.0,0.63045263,274.0,141.0,0.78161174,273.0,142.0,0.73653257,281.0,62.0,0.79775584,282.0,62.0,0.68548656,5,shoudler_stand
shoudler_stand/Shoulder-Stand-Pose.jpg,174.0,499.0,0.80362725,161.0,495.0,0.82235694,155.0,513.0,0.79707503,164.0,511.0,0.5170584,157.0,545.0,0.66262937,226.0,521.0,0.8757568,218.0,540.0,0.701545,319.0,541.0,0.59680915,323.0,558.0,0.8760375,299.0,470.0,0.64202917,300.0,476.0,0.7120794,244.0,374.0,0.7514877,239.0,377.0,0.569654,225.0,220.0,0.8178346,219.0,219.0,0.6803236,225.0,89.0,0.7558503,218.0,86.0,0.6546452,5,shoudler_stand
shoudler_stand/Shoulder-Stand-Pose_flipped.jpg,276.0,501.0,0.58359325,293.0,513.0,0.72913694,288.0,494.0,0.8037892,287.0,545.0,0.64378536,285.0,505.0,0.51446414,233.0,539.0,0.7174906,228.0,521.0,0.703362,124.0,552.0,0.7332736,159.0,525.0,0.41458744,147.0,474.0,0.7347286,153.0,470.0,0.47899348,209.0,380.0,0.6806979,215.0,383.0,0.5890235,230.0,220.0,0.7038512,230.0,219.0,0.8121695,226.0,91.0,0.7228039,228.0,89.0,0.8084336,5,shoudler_stand
shoudler_stand/Shoulder-Stand-Sarvangasana-291203-pixahive.jpg,706.0,1645.0,0.76042885,700.0,1677.0,0.76828486,745.0,1666.0,0.6729181,656.0,1791.0,0.75165176,771.0,1769.0,0.5254042,499.0,1823.0,0.6802014,795.0,1808.0,0.5455177,206.0,1848.0,0.85417557,773.0,1726.0,0.29640427,391.0,1582.0,0.6186745,674.0,1651.0,0.20099895,477.0,1283.0,0.62023705,674.0,1273.0,0.6690271,507.0,784.0,0.66268015,652.0,787.0,0.88110936,565.0,325.0,0.739475,653.0,324.0,0.8169414,5,shoudler_stand
shoudler_stand/Shoulder-Stand-Sarvangasana-291203-pixahive_flipped.jpg,645.0,1649.0,0.65114605,602.0,1680.0,0.71326125,651.0,1680.0,0.65984136,577.0,1804.0,0.6703378,695.0,1807.0,0.83346325,550.0,1811.0,0.3199212,855.0,1814.0,0.6879501,670.0,1750.0,0.356972,1131.0,1831.0,0.8557391,722.0,1617.0,0.28704473,961.0,1602.0,0.5889567,687.0,1284.0,0.7887982,853.0,1290.0,0.5858876,693.0,807.0,0.7845324,846.0,810.0,0.67409444,711.0,356.0,0.6620368,791.0,349.0,0.5990237,5,shoudler_stand
shoudler_stand/Shoulder-stand_pideqm.jpg,245.0,292.0,0.6890304,235.0,296.0,0.68136597,235.0,297.0,0.73642784,236.0,318.0,0.8453931,237.0,321.0,0.8212199,279.0,318.0,0.80048454,274.0,326.0,0.83173203,344.0,323.0,0.55249405,346.0,336.0,0.76958466,331.0,278.0,0.6535231,331.0,281.0,0.7896706,300.0,217.0,0.770852,302.0,219.0,0.72884727,284.0,119.0,0.840398,282.0,122.0,0.72500396,284.0,37.0,0.4083536,281.0,37.0,0.49376562,5,shoudler_stand
shoudler_stand/Shoulder-stand_pideqm_flipped.jpg,453.0,291.0,0.61646664,462.0,296.0,0.79159987,462.0,295.0,0.70612705,456.0,319.0,0.6096789,457.0,319.0,0.7878897,416.0,326.0,0.690439,415.0,319.0,0.77294207,353.0,331.0,0.6453507,354.0,325.0,0.8314506,368.0,280.0,0.8035567,370.0,279.0,0.5093498,396.0,211.0,0.82736003,400.0,212.0,0.7791026,419.0,121.0,0.7372124,418.0,121.0,0.7198651,423.0,22.0,0.67280257,420.0,24.0,0.736418,5,shoudler_stand
shoudler_stand/article-migration-image-4031-7-benefits-of-shoulderstand-768x432.jpg,288.0,379.0,0.5607935,276.0,385.0,0.711302,275.0,387.0,0.7985689,278.0,416.0,0.74723077,278.0,422.0,0.7925757,336.0,411.0,0.8003137,325.0,424.0,0.8445244,414.0,419.0,0.55384105,408.0,427.0,0.73581064,381.0,356.0,0.3241036,383.0,368.0,0.7355729,364.0,282.0,0.7130139,364.0,286.0,0.6692245,358.0,154.0,0.81402266,358.0,156.0,0.7170775,358.0,51.0,0.75942945,359.0,52.0,0.684306,5,shoudler_stand
shoudler_stand/article-migration-image-4031-7-benefits-of-shoulderstand-768x432_flipped.jpg,482.0,381.0,0.4862272,493.0,391.0,0.75330913,492.0,388.0,0.55217546,487.0,423.0,0.80902374,489.0,416.0,0.74402964,441.0,423.0,0.81719846,432.0,411.0,0.66108143,352.0,427.0,0.6528502,353.0,417.0,0.75011504,386.0,369.0,0.74642146,386.0,368.0,0.5962044,404.0,281.0,0.78668594,404.0,281.0,0.66133296,411.0,155.0,0.7847544,408.0,152.0,0.8063763,407.0,47.0,0.7678708,407.0,47.0,0.66536415,5,shoudler_stand
shoudler_stand/byron-yoga-salamba-sarvangasana-940px.jpg,475.0,668.0,0.8001316,496.0,678.0,0.83252275,496.0,676.0,0.7860663,491.0,722.0,0.8144593,496.0,720.0,0.8503249,409.0,728.0,0.65504557,420.0,716.0,0.70586085,266.0,736.0,0.7692245,301.0,711.0,0.35219073,305.0,642.0,0.726146,310.0,639.0,0.59832823,353.0,494.0,0.72090316,361.0,495.0,0.7738466,347.0,308.0,0.81802773,346.0,304.0,0.7081981,327.0,135.0,0.7476864,329.0,134.0,0.6717355,5,shoudler_stand
shoudler_stand/byron-yoga-salamba-sarvangasana-940px_flipped.jpg,148.0,665.0,0.7850144,130.0,677.0,0.7677073,129.0,677.0,0.811271,129.0,723.0,0.7873021,132.0,725.0,0.8455529,209.0,707.0,0.85187024,203.0,726.0,0.814128,339.0,715.0,0.57688546,352.0,748.0,0.7978082,306.0,635.0,0.65023077,309.0,637.0,0.57213604,266.0,481.0,0.74456024,268.0,485.0,0.6235565,278.0,302.0,0.7704134,278.0,302.0,0.7301552,291.0,140.0,0.74770844,293.0,139.0,0.64405614,5,shoudler_stand
shoudler_stand/cant-focus-try-shoulderstand.jpg,853.0,558.0,0.57147646,835.0,568.0,0.71748865,834.0,568.0,0.70984346,836.0,606.0,0.58747184,834.0,611.0,0.78404784,905.0,607.0,0.7025532,894.0,632.0,0.87499803,995.0,594.0,0.48113346,1014.0,648.0,0.85016763,971.0,550.0,0.439336,968.0,555.0,0.67020047,923.0,416.0,0.78504,920.0,421.0,0.6110791,906.0,254.0,0.5749196,906.0,259.0,0.4291964,896.0,104.0,0.7311258,899.0,101.0,0.6310985,5,shoudler_stand
shoudler_stand/cant-focus-try-shoulderstand_flipped.jpg,357.0,561.0,0.3685704,368.0,564.0,0.39082122,371.0,561.0,0.49402717,368.0,606.0,0.67146146,368.0,593.0,0.43239328,298.0,618.0,0.50608444,306.0,604.0,0.35470936,188.0,649.0,0.64694345,192.0,643.0,0.462959,335.0,614.0,0.29733655,333.0,608.0,0.23845536,235.0,501.0,0.12221771,249.0,497.0,0.16708146,278.0,330.0,0.19806753,290.0,328.0,0.31969157,296.0,111.0,0.7075733,296.0,110.0,0.6469135,5,shoudler_stand
shoudler_stand/full-length-shot-woman-practicing-yoga-standing-salamba-sarvangasana-exercise-supported-shoulder-stand-pose-gradient-197518339.jpg,281.0,333.0,0.40827215,275.0,329.0,0.39452827,273.0,334.0,0.3758125,273.0,344.0,0.42797005,270.0,360.0,0.49250212,304.0,346.0,0.4966493,289.0,375.0,0.5661652,376.0,374.0,0.4225009,371.0,390.0,0.49071822,341.0,316.0,0.32054502,298.0,357.0,0.37368208,330.0,301.0,0.1739607,328.0,315.0,0.18647456,311.0,155.0,0.66079164,304.0,161.0,0.36648455,296.0,75.0,0.4436068,298.0,75.0,0.44770443,5,shoudler_stand
shoudler_stand/img-1722-1498029380.jpg,306.0,395.0,0.5763544,296.0,399.0,0.72004807,295.0,401.0,0.82953817,296.0,420.0,0.80418086,293.0,425.0,0.8114505,341.0,422.0,0.672042,324.0,433.0,0.8568291,421.0,426.0,0.91074526,381.0,439.0,0.8697926,391.0,380.0,0.5869454,377.0,382.0,0.6720903,360.0,313.0,0.5411723,352.0,315.0,0.7218512,334.0,195.0,0.76268005,331.0,195.0,0.65034044,331.0,95.0,0.74972135,330.0,93.0,0.7867579,5,shoudler_stand
shoudler_stand/img-1722-1498029380_flipped.jpg,405.0,392.0,0.6265516,416.0,397.0,0.7966825,415.0,396.0,0.6206106,416.0,423.0,0.8279711,414.0,420.0,0.7202195,387.0,429.0,0.7207324,375.0,417.0,0.69115245,327.0,439.0,0.7593314,294.0,425.0,0.9214761,335.0,378.0,0.76035154,326.0,378.0,0.58220065,366.0,312.0,0.65924984,346.0,307.0,0.82524645,383.0,197.0,0.73274416,378.0,192.0,0.7351451,380.0,95.0,0.72578037,380.0,96.0,0.7875546,5,shoudler_stand
shoudler_stand/istockphoto-1178162884-612x612.jpg,237.0,428.0,0.61978006,250.0,436.0,0.5720601,251.0,436.0,0.6439944,250.0,471.0,0.78963447,249.0,471.0,0.52452135,201.0,477.0,0.76082516,195.0,467.0,0.64223766,111.0,485.0,0.86408925,98.0,473.0,0.88072836,142.0,417.0,0.7151706,136.0,414.0,0.5672988,158.0,318.0,0.7339772,152.0,319.0,0.7232495,173.0,187.0,0.6191703,167.0,182.0,0.74002945,180.0,80.0,0.6563612,180.0,80.0,0.6699911,5,shoudler_stand
shoudler_stand/istockphoto-1178162884-612x612_flipped.jpg,168.0,433.0,0.7072532,151.0,438.0,0.6193101,150.0,439.0,0.6574967,154.0,467.0,0.6774009,153.0,473.0,0.79966503,221.0,469.0,0.67924726,203.0,482.0,0.7014642,307.0,469.0,0.76212424,300.0,486.0,0.88433975,275.0,407.0,0.43018782,270.0,415.0,0.5092753,261.0,328.0,0.66734934,252.0,333.0,0.6860893,238.0,196.0,0.68626094,234.0,197.0,0.70651543,224.0,79.0,0.860252,225.0,80.0,0.57567245,5,shoudler_stand
shoudler_stand/istockphoto-489808151-612x612.jpg,120.0,338.0,0.58210915,115.0,342.0,0.6632359,114.0,342.0,0.77099025,116.0,358.0,0.7034168,117.0,360.0,0.8538263,139.0,357.0,0.7379041,144.0,360.0,0.6602311,170.0,366.0,0.23291868,187.0,375.0,0.4412348,186.0,340.0,0.34049314,188.0,344.0,0.34093243,174.0,299.0,0.6026214,181.0,300.0,0.6589987,164.0,236.0,0.42438978,169.0,234.0,0.3001684,185.0,322.0,0.12594284,186.0,327.0,0.11635835,5,shoudler_stand
shoudler_stand/shoulder-stand-salamba-sarvangasana.jpg,412.0,417.0,0.74792945,425.0,424.0,0.8147389,425.0,423.0,0.7408612,421.0,456.0,0.7469427,422.0,455.0,0.5509865,372.0,462.0,0.7577682,369.0,453.0,0.6967732,277.0,467.0,0.8781748,285.0,457.0,0.673265,303.0,412.0,0.7002382,303.0,410.0,0.6008514,312.0,328.0,0.845134,318.0,329.0,0.7377646,349.0,196.0,0.68661165,345.0,191.0,0.80434054,363.0,86.0,0.6882249,363.0,86.0,0.76380944,5,shoudler_stand
shoudler_stand/shoulder-stand-salamba-sarvangasana_flipped.jpg,355.0,420.0,0.825459,341.0,425.0,0.8118393,340.0,427.0,0.8411885,342.0,454.0,0.71348643,342.0,458.0,0.8220031,397.0,456.0,0.7558561,395.0,464.0,0.86221194,481.0,458.0,0.6673808,486.0,470.0,0.8413521,463.0,402.0,0.49427822,464.0,407.0,0.64333916,449.0,323.0,0.83730847,450.0,326.0,0.7936335,420.0,193.0,0.6388211,419.0,195.0,0.5920322,403.0,86.0,0.67899024,402.0,86.0,0.8003602,5,shoudler_stand
shoudler_stand/sporty-fit-beautiful-young-woman-260nw-357321806.jpg,236.0,221.0,0.7086435,243.0,225.0,0.5611683,243.0,224.0,0.50935924,242.0,242.0,0.7911078,243.0,241.0,0.67160696,218.0,245.0,0.77042925,217.0,241.0,0.69334877,174.0,249.0,0.7142379,171.0,245.0,0.80864084,191.0,212.0,0.6070615,191.0,212.0,0.47869834,205.0,163.0,0.76126754,204.0,163.0,0.80626804,212.0,104.0,0.6720414,209.0,102.0,0.6237234,210.0,43.0,0.740468,209.0,44.0,0.6853082,5,shoudler_stand
shoudler_stand/sporty-fit-beautiful-young-woman-260nw-357321806_flipped.jpg,153.0,224.0,0.5014752,145.0,226.0,0.62489897,145.0,226.0,0.67924505,145.0,241.0,0.7038975,146.0,242.0,0.772819,173.0,243.0,0.7506411,171.0,248.0,0.8543078,216.0,244.0,0.7052369,214.0,249.0,0.8680353,198.0,214.0,0.4335535,198.0,215.0,0.6157888,186.0,165.0,0.83384204,184.0,168.0,0.68737316,178.0,102.0,0.7692776,177.0,102.0,0.66969085,180.0,44.0,0.69351214,181.0,43.0,0.72127295,5,shoudler_stand
shoudler_stand/supported-shoulderstand-yoga-pose.jpg,581.0,525.0,0.6703471,595.0,536.0,0.6620589,594.0,534.0,0.6195834,586.0,574.0,0.8802856,592.0,572.0,0.8001479,514.0,580.0,0.6466849,532.0,569.0,0.6802556,406.0,590.0,0.799244,473.0,540.0,0.18279304,462.0,516.0,0.8003649,461.0,508.0,0.59784096,499.0,398.0,0.7193214,516.0,398.0,0.71886826,509.0,246.0,0.7809391,517.0,247.0,0.7690343,505.0,92.0,0.7338252,517.0,95.0,0.61218834,5,shoudler_stand
shoudler_stand/supported-shoulderstand-yoga-pose_flipped.jpg,423.0,527.0,0.6304864,405.0,535.0,0.74365586,409.0,538.0,0.64646506,405.0,571.0,0.7548344,410.0,577.0,0.7793559,473.0,573.0,0.674947,478.0,581.0,0.7690003,585.0,575.0,0.49597096,587.0,591.0,0.77584857,536.0,511.0,0.48289955,541.0,522.0,0.61177945,494.0,401.0,0.7525042,504.0,406.0,0.70597434,481.0,249.0,0.81046575,483.0,249.0,0.84230244,485.0,97.0,0.7371955,491.0,97.0,0.6264494,5,shoudler_stand
shoudler_stand/two-fit-moms-perform-shoulderstand.jpg,516.0,339.0,0.6476235,507.0,346.0,0.6747471,507.0,346.0,0.5435142,511.0,368.0,0.6156175,509.0,372.0,0.71013755,551.0,369.0,0.5550449,546.0,384.0,0.8797698,606.0,362.0,0.50403607,617.0,395.0,0.8704334,589.0,332.0,0.33082673,588.0,338.0,0.7431501,560.0,254.0,0.7937335,559.0,257.0,0.54821265,550.0,156.0,0.5160818,550.0,159.0,0.49183175,545.0,66.0,0.69870496,547.0,64.0,0.5576836,5,shoudler_stand
shoudler_stand/two-fit-moms-perform-shoulderstand_flipped.jpg,218.0,341.0,0.36365855,224.0,343.0,0.4265946,226.0,341.0,0.47469714,224.0,369.0,0.6700008,224.0,361.0,0.42491728,181.0,377.0,0.51053715,185.0,368.0,0.3793637,114.0,395.0,0.6772232,117.0,391.0,0.47523975,204.0,374.0,0.2849447,195.0,370.0,0.27284533,154.0,284.0,0.17931807,150.0,301.0,0.16838612,171.0,191.0,0.19435477,176.0,184.0,0.39970902,180.0,66.0,0.7050679,181.0,66.0,0.66212654,5,shoudler_stand
traingle/2413472.jpg,451.0,360.0,0.67504317,436.0,367.0,0.6718255,434.0,376.0,0.84019977,443.0,403.0,0.82777256,445.0,419.0,0.83828074,503.0,349.0,0.83730793,519.0,482.0,0.8986862,509.0,236.0,0.7903594,541.0,585.0,0.74846447,501.0,144.0,0.86880887,556.0,675.0,0.7664078,722.0,388.0,0.79947567,718.0,424.0,0.6401931,633.0,564.0,0.6656464,806.0,567.0,0.8198565,559.0,696.0,0.8036953,910.0,699.0,0.89723206,6,traingle
traingle/2413472_flipped.jpg,747.0,362.0,0.80532277,761.0,381.0,0.7658238,760.0,364.0,0.8708943,749.0,428.0,0.6619525,756.0,387.0,0.5872804,682.0,480.0,0.79572856,696.0,340.0,0.82199967,659.0,578.0,0.86343426,691.0,231.0,0.8065327,643.0,689.0,0.78985,695.0,144.0,0.8757159,481.0,427.0,0.83191824,478.0,400.0,0.7833183,389.0,575.0,0.9589278,557.0,566.0,0.7445098,287.0,698.0,0.84606326,642.0,704.0,0.72517085,6,traingle
traingle/45-3567111-RevolvedTrianglePose-009-3456793970f5489d8ec58fec41e267e0.jpg,881.0,928.0,0.7520688,855.0,920.0,0.89064956,835.0,972.0,0.85446954,876.0,966.0,0.61928546,870.0,1071.0,0.71073276,1014.0,847.0,0.8391188,1016.0,1184.0,0.897714,1029.0,576.0,0.92219543,1040.0,1443.0,0.7397268,953.0,336.0,0.921373,1016.0,1658.0,0.68344986,1480.0,892.0,0.8557682,1497.0,980.0,0.6681048,1251.0,1316.0,0.5889183,1793.0,1313.0,0.9346455,1027.0,1649.0,0.77671266,2009.0,1661.0,0.94843763,6,traingle
traingle/45-3567111-RevolvedTrianglePose-009-3456793970f5489d8ec58fec41e267e0_flipped.jpg,1791.0,924.0,0.81708264,1830.0,966.0,0.83197147,1826.0,903.0,0.82883465,1801.0,1055.0,0.59738487,1803.0,926.0,0.8232981,1654.0,1177.0,0.76964784,1653.0,818.0,0.9021177,1630.0,1432.0,0.4930452,1632.0,567.0,0.89727724,1651.0,1659.0,0.6925265,1722.0,329.0,0.8811993,1125.0,968.0,0.9093381,1178.0,906.0,0.69483674,875.0,1322.0,0.9620369,1409.0,1339.0,0.84520984,656.0,1667.0,0.86058307,1650.0,1664.0,0.8198712,6,traingle
traingle/88989693-young-asian-woman-doing-yoga-in-parivrtta-trikonasana-or-revolved-triangle-yoga-pose-on-the-mat-isol.jpg,891.0,377.0,0.6282759,908.0,380.0,0.7879105,910.0,388.0,0.81092995,902.0,403.0,0.856047,907.0,422.0,0.73745114,838.0,374.0,0.7126434,859.0,499.0,0.71167064,844.0,251.0,0.8457897,872.0,623.0,0.8579793,860.0,141.0,0.9289019,892.0,699.0,0.85059184,640.0,471.0,0.5793057,630.0,491.0,0.70997345,768.0,602.0,0.82305086,482.0,604.0,0.9620448,884.0,726.0,0.8383094,328.0,707.0,0.8812767,6,traingle
traingle/88989693-young-asian-woman-doing-yoga-in-parivrtta-trikonasana-or-revolved-triangle-yoga-pose-on-the-mat-isol_flipped.jpg,403.0,392.0,0.68416756,385.0,399.0,0.7238537,390.0,387.0,0.85882545,393.0,428.0,0.65266645,399.0,404.0,0.84527975,443.0,506.0,0.892802,462.0,372.0,0.81872857,425.0,620.0,0.8401587,453.0,250.0,0.9685808,405.0,709.0,0.97010136,435.0,143.0,0.9153094,666.0,490.0,0.85915697,671.0,470.0,0.66152984,821.0,606.0,0.95092803,518.0,610.0,0.7719149,972.0,706.0,0.76333284,410.0,710.0,0.6197827,6,traingle
traingle/How-To-Do-Extended-Triangle-Pose.jpg,238.0,193.0,0.5753272,232.0,191.0,0.8093877,225.0,205.0,0.8384641,237.0,205.0,0.6162293,233.0,234.0,0.84879416,283.0,181.0,0.6705227,276.0,268.0,0.8418448,285.0,121.0,0.82386786,284.0,335.0,0.8956878,285.0,59.0,0.8306265,277.0,391.0,0.69665766,421.0,226.0,0.7632499,390.0,260.0,0.72419524,479.0,316.0,0.913017,334.0,337.0,0.9518901,526.0,405.0,0.82008594,276.0,405.0,0.8624279,6,traingle
traingle/How-To-Do-Extended-Triangle-Pose_flipped.jpg,509.0,194.0,0.8228761,521.0,204.0,0.87088585,520.0,195.0,0.64317936,515.0,231.0,0.90896714,515.0,214.0,0.74932534,471.0,271.0,0.82449913,466.0,187.0,0.7062574,467.0,333.0,0.76544034,464.0,117.0,0.8675582,471.0,392.0,0.6884186,463.0,58.0,0.89821255,354.0,254.0,0.8336205,330.0,223.0,0.75874245,413.0,335.0,0.79290193,271.0,320.0,0.964089,470.0,404.0,0.72932297,219.0,406.0,0.7457373,6,traingle
traingle/LW.LisaMcBrydesYogaFlow.Triangle.jpg,963.0,320.0,0.6439948,989.0,335.0,0.7043954,983.0,321.0,0.6229754,984.0,390.0,0.8000251,980.0,357.0,0.8236494,912.0,473.0,0.9315616,871.0,303.0,0.94061077,901.0,618.0,0.8920616,819.0,199.0,0.8482581,913.0,738.0,0.88541996,817.0,104.0,0.82586884,706.0,522.0,0.9102074,643.0,463.0,0.6303512,813.0,690.0,0.77142817,508.0,665.0,0.94006133,967.0,849.0,0.7612597,399.0,847.0,0.85598105,6,traingle
traingle/Reverse-Traingle-1024x768-1.jpg,389.0,331.0,0.6575134,380.0,318.0,0.6840054,371.0,345.0,0.46963188,386.0,321.0,0.64918244,375.0,372.0,0.781721,444.0,298.0,0.8704741,434.0,429.0,0.8797261,471.0,225.0,0.9522052,442.0,527.0,0.84071916,473.0,145.0,0.78746414,454.0,607.0,0.9090039,622.0,384.0,0.6801145,605.0,417.0,0.71135396,557.0,540.0,0.62414515,703.0,541.0,0.90045923,504.0,684.0,0.90436494,790.0,651.0,0.90345883,6,traingle
traingle/Reverse-Traingle-1024x768-1_flipped.jpg,635.0,329.0,0.79116535,652.0,342.0,0.85827106,645.0,322.0,0.50072837,645.0,379.0,0.65919256,633.0,331.0,0.8073874,587.0,433.0,0.8129767,577.0,313.0,0.90105087,582.0,526.0,0.6058428,551.0,227.0,0.8831318,571.0,609.0,0.83011734,546.0,144.0,0.881103,421.0,418.0,0.83860224,394.0,390.0,0.8962882,316.0,542.0,0.8452812,465.0,548.0,0.8244243,237.0,644.0,0.9368975,522.0,682.0,0.86993134,6,traingle
traingle/Revolved-Triangle-Pose-Parivrtta-Trikonasana.jpg,172.0,475.0,0.80902064,156.0,465.0,0.7097472,148.0,500.0,0.7694758,172.0,472.0,0.67479736,172.0,543.0,0.7693805,250.0,403.0,0.8632615,259.0,597.0,0.92249215,272.0,274.0,0.9461483,256.0,738.0,0.95450354,265.0,132.0,0.8977627,265.0,859.0,0.85385644,533.0,472.0,0.8088994,520.0,524.0,0.6681422,422.0,677.0,0.7473637,676.0,686.0,0.8773214,332.0,875.0,0.8069036,799.0,867.0,0.9273649,6,traingle
traingle/Revolved-Triangle-Pose-Parivrtta-Trikonasana_flipped.jpg,821.0,473.0,0.7925149,847.0,497.0,0.65029204,841.0,464.0,0.69623315,828.0,549.0,0.74497676,830.0,471.0,0.76682043,737.0,602.0,0.91746455,745.0,410.0,0.822131,746.0,736.0,0.8544402,724.0,271.0,0.91627324,735.0,860.0,0.9253565,735.0,132.0,0.87972856,470.0,520.0,0.8034747,459.0,476.0,0.66073346,576.0,680.0,0.6307887,581.0,670.0,0.7001203,204.0,865.0,0.861765,669.0,875.0,0.7985688,6,traingle
traingle/Revolved-Triangle-w-block-WEB-pose-channel-1.jpg,224.0,164.0,0.78789395,220.0,159.0,0.8033113,214.0,172.0,0.86696744,226.0,161.0,0.800858,220.0,188.0,0.9243487,258.0,140.0,0.9016769,258.0,216.0,0.9122273,271.0,97.0,0.9171644,269.0,270.0,0.9404354,268.0,49.0,0.9138181,270.0,312.0,0.8210942,349.0,187.0,0.84315825,342.0,208.0,0.61515844,308.0,268.0,0.826962,400.0,274.0,0.90657324,269.0,347.0,0.9051191,461.0,338.0,0.9140344,6,traingle
traingle/Revolved-Triangle-w-block-WEB-pose-channel-1_flipped.jpg,505.0,162.0,0.8199642,515.0,169.0,0.8256677,511.0,158.0,0.88422877,512.0,188.0,0.8741473,506.0,163.0,0.8198585,473.0,215.0,0.771074,472.0,144.0,0.90184593,459.0,266.0,0.7858426,458.0,95.0,0.9346375,460.0,316.0,0.8608571,462.0,48.0,0.9133313,387.0,203.0,0.72264373,380.0,189.0,0.89451396,326.0,276.0,0.88173056,419.0,268.0,0.89146173,266.0,339.0,0.863761,461.0,348.0,0.88885415,6,traingle
traingle/Triangle-Pose-Utthita-trikonasana-Esther-Ekhart.jpg,701.0,397.0,0.7966082,731.0,412.0,0.85636836,720.0,394.0,0.7424139,731.0,466.0,0.8639823,719.0,423.0,0.7171549,656.0,554.0,0.73086685,613.0,388.0,0.71356094,662.0,689.0,0.9210011,609.0,254.0,0.87840563,671.0,807.0,0.8220085,631.0,136.0,0.9436745,435.0,578.0,0.79031825,368.0,524.0,0.89887476,551.0,726.0,0.8981021,252.0,701.0,0.90113205,680.0,852.0,0.87433195,146.0,852.0,0.9517845,6,traingle
traingle/Triangle-Pose-Utthita-trikonasana-Esther-Ekhart_flipped.jpg,296.0,392.0,0.8041655,280.0,393.0,0.8318013,270.0,410.0,0.9120221,283.0,426.0,0.75779295,274.0,468.0,0.880912,382.0,385.0,0.85728973,340.0,551.0,0.8491142,388.0,254.0,0.8909813,335.0,691.0,0.75487906,370.0,137.0,0.9130926,323.0,808.0,0.83583164,633.0,523.0,0.8428845,558.0,583.0,0.6701078,747.0,702.0,0.9592248,446.0,726.0,0.9230398,856.0,855.0,0.9552339,309.0,860.0,0.87683827,6,traingle
traingle/Triangle-Yoga-Pose-61102-pixahive_flipped.jpg,1560.0,760.0,0.8480849,1588.0,778.0,0.8833372,1582.0,767.0,0.7987972,1578.0,846.0,0.81270146,1580.0,817.0,0.832342,1501.0,960.0,0.6346917,1455.0,743.0,0.75383705,1533.0,1149.0,0.97254837,1412.0,572.0,0.8120282,1578.0,1305.0,0.97046167,1410.0,528.0,0.15469523,1307.0,1029.0,0.94221735,1195.0,974.0,0.7409293,1455.0,1262.0,0.853439,1044.0,1253.0,0.88090354,1634.0,1475.0,0.93685824,915.0,1482.0,0.94955,6,traingle
traingle/depositphotos_99904470-stock-photo-young-blonde-woman-staying-triangle.jpg,421.0,185.0,0.877774,433.0,193.0,0.86227506,432.0,184.0,0.7722042,433.0,219.0,0.88612574,431.0,201.0,0.62593615,400.0,261.0,0.78320843,385.0,174.0,0.9170605,392.0,328.0,0.8880457,373.0,112.0,0.90106523,401.0,382.0,0.808527,377.0,53.0,0.90563864,300.0,265.0,0.7747949,263.0,238.0,0.8210011,352.0,345.0,0.68358195,213.0,330.0,0.9326571,409.0,412.0,0.80964875,174.0,414.0,0.885023,6,traingle
traingle/depositphotos_99904470-stock-photo-young-blonde-woman-staying-triangle_flipped.jpg,178.0,184.0,0.863821,169.0,185.0,0.6359292,165.0,193.0,0.8337861,171.0,201.0,0.69855535,168.0,220.0,0.7860607,212.0,174.0,0.7164662,202.0,261.0,0.77550894,226.0,114.0,0.9119392,210.0,327.0,0.86672425,225.0,53.0,0.9337758,200.0,379.0,0.81220996,338.0,239.0,0.72226995,302.0,266.0,0.72372067,389.0,333.0,0.9675352,249.0,346.0,0.8399586,424.0,414.0,0.86828333,188.0,414.0,0.86822885,6,traingle
traingle/extended-triangle-yoga-pose-1-905x603.jpg,475.0,263.0,0.85545075,483.0,278.0,0.6674031,486.0,271.0,0.746756,471.0,308.0,0.88592017,480.0,296.0,0.64366174,440.0,342.0,0.831077,446.0,251.0,0.74109805,445.0,410.0,0.80917424,444.0,170.0,0.9226423,464.0,476.0,0.7874845,468.0,108.0,0.8359151,322.0,305.0,0.8259179,291.0,269.0,0.9191016,388.0,395.0,0.9106007,236.0,376.0,0.9314528,463.0,476.0,0.79419523,179.0,473.0,0.8811065,6,traingle
traingle/extended-triangle-yoga-pose-1-905x603_flipped.jpg,425.0,268.0,0.812173,416.0,276.0,0.70089114,417.0,281.0,0.62862295,424.0,301.0,0.57266235,428.0,310.0,0.871163,463.0,257.0,0.8621172,466.0,339.0,0.80077124,461.0,173.0,0.885787,459.0,413.0,0.9133695,436.0,109.0,0.9434758,440.0,478.0,0.84959185,614.0,268.0,0.7641107,581.0,307.0,0.8782541,669.0,372.0,0.7988193,515.0,395.0,0.8872948,724.0,471.0,0.78953713,442.0,478.0,0.87577623,6,traingle
traingle/f0330204-800px-wm.jpg,507.0,198.0,0.79166096,524.0,201.0,0.8437305,519.0,196.0,0.8926664,530.0,233.0,0.8536826,525.0,217.0,0.6703365,499.0,287.0,0.88222337,454.0,214.0,0.90187234,514.0,365.0,0.97964936,436.0,141.0,0.8716103,541.0,431.0,0.6894499,426.0,72.0,0.80507416,385.0,336.0,0.89160275,339.0,308.0,0.7286923,474.0,403.0,0.60623914,249.0,398.0,0.960822,573.0,486.0,0.9113795,168.0,481.0,0.96659195,6,traingle
traingle/f0330204-800px-wm_flipped.jpg,290.0,198.0,0.7189778,279.0,196.0,0.87561613,273.0,205.0,0.5303602,277.0,214.0,0.7274967,267.0,239.0,0.86891615,342.0,212.0,0.9518364,300.0,290.0,0.95739126,363.0,139.0,0.8683344,284.0,365.0,0.9473287,375.0,71.0,0.7283861,256.0,430.0,0.8023868,463.0,311.0,0.9331764,414.0,338.0,0.89798313,550.0,400.0,0.9070496,334.0,403.0,0.9408413,632.0,483.0,0.9132588,225.0,490.0,0.92098993,6,traingle
traingle/man-performing-yoga-gym-260nw-491388772.jpg,134.0,109.0,0.8354925,130.0,109.0,0.7992294,128.0,114.0,0.88686174,132.0,117.0,0.65900123,132.0,129.0,0.835274,159.0,103.0,0.68816245,149.0,154.0,0.8944951,162.0,68.0,0.92344666,155.0,195.0,0.95731544,158.0,50.0,0.20569256,151.0,230.0,0.9514052,221.0,156.0,0.77757114,197.0,166.0,0.94387645,264.0,201.0,0.88564813,148.0,183.0,0.8577937,300.0,235.0,0.86280257,149.0,236.0,0.84335124,6,traingle
traingle/man-performing-yoga-gym-260nw-491388772_flipped.jpg,257.0,110.0,0.79728574,263.0,115.0,0.89708483,261.0,111.0,0.8146493,260.0,130.0,0.8414911,259.0,119.0,0.7934329,240.0,157.0,0.64242345,231.0,106.0,0.68601364,235.0,194.0,0.87971586,228.0,67.0,0.9342345,241.0,234.0,0.8945489,229.0,53.0,0.10671659,192.0,167.0,0.88242847,169.0,157.0,0.7683531,243.0,182.0,0.7530257,125.0,203.0,0.9269444,244.0,241.0,0.75876653,89.0,235.0,0.8428767,6,traingle
traingle/navbharat-times.jpg,435.0,227.0,0.79439676,449.0,236.0,0.8762013,443.0,225.0,0.7392788,446.0,264.0,0.82325584,441.0,237.0,0.6775971,401.0,305.0,0.7917888,402.0,208.0,0.8773855,397.0,384.0,0.9198716,405.0,136.0,0.95118517,402.0,439.0,0.6435882,425.0,69.0,0.8361536,294.0,301.0,0.82557416,266.0,272.0,0.62442434,369.0,383.0,0.8292773,191.0,373.0,0.92215,452.0,462.0,0.8376994,118.0,479.0,0.9350158,6,traingle
traingle/navbharat-times_flipped.jpg,244.0,225.0,0.77059877,236.0,225.0,0.6744633,231.0,236.0,0.78416836,240.0,240.0,0.7594462,233.0,265.0,0.77165043,280.0,214.0,0.7407699,276.0,311.0,0.8828699,275.0,135.0,0.9065395,282.0,387.0,0.92308307,255.0,68.0,0.90532315,278.0,451.0,0.7651637,419.0,269.0,0.7898093,385.0,303.0,0.7952936,491.0,375.0,0.93353,314.0,381.0,0.84855515,559.0,473.0,0.8772148,229.0,461.0,0.8651619,6,traingle
traingle/offset_876963_flipped.jpg,393.0,201.0,0.70671296,402.0,205.0,0.837526,401.0,202.0,0.85502136,404.0,225.0,0.8593241,404.0,219.0,0.79152536,388.0,267.0,0.8720367,370.0,204.0,0.9703909,394.0,321.0,0.85204065,369.0,155.0,0.7626579,407.0,372.0,0.7865314,374.0,126.0,0.17975886,322.0,282.0,0.9303559,293.0,260.0,0.65133166,364.0,339.0,0.82798535,255.0,323.0,0.93561935,412.0,387.0,0.8318193,216.0,373.0,0.78825915,6,traingle
traingle/revolved-triangle-yoga-pose.jpg,348.0,339.0,0.73963463,337.0,350.0,0.8056603,338.0,365.0,0.78624964,350.0,381.0,0.5816314,362.0,403.0,0.7247353,398.0,300.0,0.89966196,434.0,425.0,0.83501816,407.0,186.0,0.8516729,468.0,517.0,0.7768374,390.0,98.0,0.88667405,478.0,603.0,0.78482896,604.0,285.0,0.8757552,616.0,327.0,0.6846583,542.0,469.0,0.69282067,726.0,465.0,0.87303317,484.0,610.0,0.7488934,820.0,597.0,0.8641364,6,traingle
traingle/revolved-triangle-yoga-pose_flipped.jpg,650.0,347.0,0.83100945,658.0,370.0,0.7338681,664.0,353.0,0.84626937,634.0,401.0,0.84457123,652.0,373.0,0.7342068,568.0,423.0,0.8106109,605.0,312.0,0.783986,530.0,515.0,0.8176886,597.0,188.0,0.8635115,516.0,610.0,0.77623236,608.0,100.0,0.8723624,383.0,323.0,0.78827477,390.0,286.0,0.89184225,273.0,466.0,0.8741774,451.0,464.0,0.64001405,173.0,590.0,0.9384664,517.0,612.0,0.73870844,6,traingle
traingle/sddefault.jpg,415.0,245.0,0.62469834,422.0,252.0,0.8381589,422.0,246.0,0.6065945,419.0,270.0,0.86059034,420.0,259.0,0.77519214,394.0,294.0,0.90847224,391.0,232.0,0.9205581,403.0,342.0,0.95467216,393.0,183.0,0.9426803,415.0,381.0,0.6657132,403.0,135.0,0.8830742,322.0,288.0,0.76561564,304.0,265.0,0.83215886,365.0,343.0,0.86588985,255.0,331.0,0.9544125,417.0,396.0,0.81903696,218.0,400.0,0.79139215,6,traingle
traingle/sddefault_flipped.jpg,222.0,244.0,0.81765443,217.0,246.0,0.8617795,216.0,252.0,0.5454696,222.0,257.0,0.78962255,221.0,271.0,0.738816,250.0,233.0,0.66106546,245.0,294.0,0.9003452,246.0,182.0,0.86951935,237.0,342.0,0.98609394,237.0,134.0,0.8920652,224.0,381.0,0.88339,339.0,266.0,0.90600914,317.0,289.0,0.78883594,384.0,331.0,0.8047302,274.0,345.0,0.89156824,420.0,397.0,0.7243351,224.0,395.0,0.81960714,6,traingle
traingle/triangle-pose-5-535x355-1_flipped.jpg,317.0,128.0,0.7952879,323.0,131.0,0.87786406,323.0,130.0,0.8638149,322.0,147.0,0.82843316,323.0,143.0,0.87334466,304.0,178.0,0.73104763,291.0,129.0,0.7284963,302.0,213.0,0.866359,293.0,90.0,0.8765594,306.0,241.0,0.8830677,298.0,69.0,0.10704492,258.0,188.0,0.9209246,233.0,173.0,0.83851534,289.0,232.0,0.8212176,211.0,228.0,0.9008311,313.0,274.0,0.91734755,197.0,276.0,0.84936774,6,traingle
traingle/triangle6s.jpg,719.0,1188.0,0.6513243,673.0,1173.0,0.6727339,653.0,1231.0,0.7653301,671.0,1251.0,0.58037585,666.0,1380.0,0.8591858,949.0,1088.0,0.86053294,863.0,1567.0,0.77018505,1033.0,787.0,0.8322159,826.0,1912.0,0.8424671,1069.0,461.0,0.83726037,742.0,2226.0,0.54590386,1569.0,1320.0,0.75750566,1359.0,1502.0,0.5950954,1835.0,1794.0,0.8542136,1130.0,1902.0,0.8636363,1985.0,2245.0,0.8068219,839.0,2234.0,0.831248,6,traingle
traingle/triangle6s_flipped.jpg,1827.0,1193.0,0.8150896,1890.0,1231.0,0.8143494,1876.0,1180.0,0.74801826,1894.0,1373.0,0.77416915,1869.0,1246.0,0.6773312,1696.0,1589.0,0.8781556,1629.0,1092.0,0.7644266,1721.0,1923.0,0.85012895,1515.0,788.0,0.91662407,1812.0,2234.0,0.78587043,1486.0,461.0,0.75517786,1195.0,1488.0,0.67427075,1005.0,1310.0,0.7418767,1421.0,1889.0,0.9223944,711.0,1800.0,0.8965323,1733.0,2232.0,0.72146297,569.0,2226.0,0.9310857,6,traingle
traingle/triangle_9445.jpg,501.0,193.0,0.7799037,510.0,206.0,0.88661057,509.0,201.0,0.679806,498.0,234.0,0.81122106,500.0,226.0,0.75665414,449.0,278.0,0.7069685,438.0,183.0,0.9186199,453.0,357.0,0.91685337,419.0,117.0,0.8967756,459.0,426.0,0.804536,425.0,58.0,0.9109985,337.0,284.0,0.9033256,291.0,256.0,0.6008662,418.0,371.0,0.8223094,230.0,359.0,0.8358593,509.0,450.0,0.8967136,174.0,437.0,0.753918,6,traingle
traingle/triangle_9445_flipped.jpg,199.0,192.0,0.8255985,193.0,201.0,0.6184694,191.0,204.0,0.7693883,201.0,225.0,0.82809615,201.0,232.0,0.7649578,260.0,186.0,0.7148648,249.0,282.0,0.8692764,276.0,118.0,0.93068755,246.0,359.0,0.6864391,275.0,56.0,0.84952825,239.0,421.0,0.7942357,409.0,254.0,0.86965686,362.0,283.0,0.89368236,470.0,362.0,0.95717543,279.0,367.0,0.66300803,529.0,439.0,0.90514463,192.0,452.0,0.89961046,6,traingle
tree/1.jpg,502.0,83.0,0.6774263,512.0,76.0,0.80503386,492.0,76.0,0.628081,525.0,88.0,0.8083662,480.0,87.0,0.8811196,551.0,144.0,0.9191383,452.0,137.0,0.9572015,578.0,206.0,0.924363,424.0,204.0,0.8705772,513.0,182.0,0.85086596,488.0,182.0,0.75723404,520.0,279.0,0.9568161,462.0,276.0,0.9169879,500.0,401.0,0.9070254,381.0,364.0,0.9016601,483.0,514.0,0.8801601,480.0,329.0,0.6794582,7,tree
tree/1_flipped.jpg,495.0,84.0,0.7649839,506.0,75.0,0.75907135,485.0,76.0,0.8900923,519.0,86.0,0.91053164,475.0,88.0,0.8554548,544.0,137.0,0.9602123,448.0,145.0,0.94722366,574.0,203.0,0.9024474,423.0,205.0,0.77914125,509.0,182.0,0.65830934,488.0,182.0,0.64865553,538.0,274.0,0.9037484,476.0,283.0,0.9254755,621.0,366.0,0.7839797,503.0,401.0,0.81581676,517.0,332.0,0.71927875,515.0,517.0,0.8904474,7,tree
tree/2.jpg,988.0,129.0,0.8488034,1007.0,111.0,0.80006814,966.0,110.0,0.9161726,1029.0,124.0,0.8046533,941.0,125.0,0.8629883,1079.0,239.0,0.9430735,896.0,244.0,0.9581988,1138.0,375.0,0.83988667,827.0,375.0,0.783829,1010.0,351.0,0.6336729,956.0,349.0,0.74980927,1019.0,512.0,0.911633,911.0,500.0,0.9488134,987.0,754.0,0.77359056,725.0,633.0,0.92590755,951.0,963.0,0.91699237,926.0,685.0,0.9057085,7,tree
tree/2_flipped.jpg,609.0,129.0,0.5363828,629.0,111.0,0.8969871,590.0,113.0,0.86101556,654.0,127.0,0.61294353,566.0,129.0,0.6829288,702.0,248.0,0.9506755,517.0,243.0,0.90870714,766.0,374.0,0.6692648,455.0,376.0,0.91710657,645.0,352.0,0.692693,586.0,349.0,0.76573193,681.0,501.0,0.9381037,575.0,506.0,0.8990996,876.0,637.0,0.9326733,615.0,746.0,0.8575156,674.0,677.0,0.77732754,643.0,958.0,0.94856715,7,tree
tree/3.jpg,1230.0,372.0,0.5751028,1262.0,334.0,0.49427176,1204.0,335.0,0.598177,1309.0,350.0,0.8953403,1166.0,357.0,0.8719227,1398.0,519.0,0.9466803,1075.0,514.0,0.8605479,1428.0,766.0,0.6321243,1025.0,742.0,0.81113565,1267.0,587.0,0.80720794,1198.0,584.0,0.48374635,1298.0,1007.0,0.84817225,1109.0,982.0,0.90096545,1268.0,1373.0,0.9006506,826.0,1185.0,0.77507615,1203.0,1694.0,0.7947119,1183.0,1138.0,0.7187235,7,tree
tree/3_flipped.jpg,806.0,372.0,0.5660969,837.0,340.0,0.5628657,773.0,337.0,0.57571316,877.0,355.0,0.88839054,732.0,358.0,0.86555016,964.0,513.0,0.9531264,641.0,523.0,0.7967105,1020.0,739.0,0.6816503,609.0,765.0,0.8510117,841.0,591.0,0.76624227,776.0,596.0,0.7080286,931.0,979.0,0.9328785,737.0,1002.0,0.9106427,1215.0,1185.0,0.8466691,775.0,1357.0,0.86084604,860.0,1135.0,0.8333278,842.0,1700.0,0.925365,7,tree
tree/4.jpg,154.0,49.0,0.6665729,157.0,46.0,0.72121525,151.0,47.0,0.82128596,161.0,48.0,0.6688684,148.0,49.0,0.790393,166.0,59.0,0.7615718,143.0,59.0,0.78542197,166.0,35.0,0.8800948,140.0,36.0,0.8453874,157.0,18.0,0.692644,149.0,18.0,0.6706618,165.0,103.0,0.8561615,149.0,105.0,0.8574697,191.0,116.0,0.9158318,154.0,145.0,0.7513942,166.0,127.0,0.7996375,162.0,179.0,0.9261286,7,tree
tree/4_flipped.jpg,164.0,50.0,0.8013247,166.0,47.0,0.8297671,161.0,47.0,0.8083817,170.0,48.0,0.7978339,158.0,49.0,0.856686,175.0,59.0,0.68352044,152.0,60.0,0.92878115,178.0,36.0,0.8626344,152.0,35.0,0.8564274,168.0,21.0,0.75568324,162.0,21.0,0.60362935,167.0,105.0,0.840765,151.0,103.0,0.8801356,163.0,143.0,0.8289279,125.0,117.0,0.78594327,155.0,177.0,0.88946474,153.0,125.0,0.8117647,7,tree
tree/5.jpg,596.0,169.0,0.72363114,604.0,162.0,0.7757416,588.0,161.0,0.7393353,613.0,168.0,0.84500206,577.0,168.0,0.8194139,627.0,203.0,0.9040823,559.0,203.0,0.8862448,623.0,129.0,0.89187187,564.0,129.0,0.8387421,609.0,97.0,0.40321735,580.0,96.0,0.39926785,628.0,330.0,0.9252406,576.0,336.0,0.83571315,717.0,398.0,0.8251647,589.0,458.0,0.88272107,618.0,389.0,0.71424675,607.0,551.0,0.93207246,7,tree
tree/5_flipped.jpg,604.0,171.0,0.72523516,613.0,163.0,0.7005843,595.0,164.0,0.85623604,622.0,169.0,0.8476409,586.0,171.0,0.8677301,637.0,208.0,0.8271196,567.0,208.0,0.9384177,634.0,128.0,0.8365172,575.0,133.0,0.8118291,619.0,100.0,0.46746805,586.0,99.0,0.3452493,621.0,344.0,0.89011073,568.0,334.0,0.888061,608.0,456.0,0.86566746,481.0,400.0,0.90350324,592.0,549.0,0.92815846,582.0,389.0,0.7822348,7,tree
tree/6.jpg,213.0,170.0,0.5999137,223.0,163.0,0.79584575,207.0,162.0,0.7753905,240.0,168.0,0.83341193,204.0,168.0,0.7567706,255.0,207.0,0.91733176,189.0,208.0,0.8676171,245.0,135.0,0.81865513,189.0,145.0,0.7812489,227.0,101.0,0.5230324,205.0,94.0,0.57791734,254.0,334.0,0.9408886,203.0,342.0,0.81402874,336.0,388.0,0.8820386,234.0,442.0,0.7217238,244.0,379.0,0.75375235,244.0,539.0,0.90012413,7,tree
tree/6_flipped.jpg,186.0,171.0,0.6615169,193.0,164.0,0.79064596,176.0,164.0,0.71805406,195.0,170.0,0.7246581,161.0,171.0,0.7470804,207.0,209.0,0.8956436,142.0,209.0,0.87364125,207.0,139.0,0.7778694,154.0,137.0,0.6657921,186.0,96.0,0.42970154,168.0,101.0,0.50309765,190.0,343.0,0.89282167,141.0,336.0,0.88108003,169.0,444.0,0.8720936,61.0,385.0,0.74702424,154.0,536.0,0.89170307,149.0,379.0,0.65388215,7,tree
tree/7.jpg,496.0,83.0,0.5816053,506.0,75.0,0.7978904,486.0,75.0,0.8542493,519.0,86.0,0.8962722,474.0,87.0,0.86676514,544.0,137.0,0.9581708,447.0,145.0,0.94963384,574.0,203.0,0.9027216,423.0,205.0,0.7303601,509.0,182.0,0.67390186,487.0,182.0,0.65145636,536.0,276.0,0.95266277,475.0,282.0,0.928471,621.0,366.0,0.7595812,503.0,400.0,0.80883133,517.0,331.0,0.7162389,515.0,518.0,0.86807376,7,tree
tree/7_flipped.jpg,503.0,83.0,0.83325076,513.0,75.0,0.8382952,493.0,74.0,0.80189705,525.0,88.0,0.73320425,480.0,86.0,0.8070451,550.0,142.0,0.87211096,452.0,138.0,0.9533778,577.0,205.0,0.9421302,425.0,204.0,0.8693649,514.0,182.0,0.6273062,490.0,183.0,0.7437593,518.0,279.0,0.86118656,461.0,276.0,0.90869683,500.0,401.0,0.8983321,380.0,364.0,0.8888882,483.0,514.0,0.8777464,478.0,329.0,0.6679947,7,tree
tree/8.jpg,609.0,129.0,0.54586875,629.0,111.0,0.8591625,590.0,113.0,0.8301837,654.0,127.0,0.6544113,566.0,129.0,0.71774316,701.0,248.0,0.95524585,517.0,243.0,0.9194181,766.0,373.0,0.7277929,456.0,376.0,0.8975126,646.0,352.0,0.6959407,583.0,350.0,0.758381,680.0,502.0,0.9373426,574.0,506.0,0.87546706,875.0,634.0,0.94435775,614.0,747.0,0.86965525,675.0,680.0,0.8373209,643.0,962.0,0.9055962,7,tree
tree/8_flipped.jpg,989.0,129.0,0.84416056,1007.0,111.0,0.7902899,967.0,110.0,0.9271375,1029.0,123.0,0.7812468,940.0,125.0,0.8718051,1079.0,239.0,0.9400959,896.0,244.0,0.9606412,1137.0,377.0,0.92712677,827.0,375.0,0.7443286,1011.0,351.0,0.78258544,955.0,349.0,0.7299608,1018.0,512.0,0.9010825,910.0,501.0,0.9479177,987.0,753.0,0.7980921,724.0,635.0,0.9342031,952.0,964.0,0.92462814,926.0,686.0,0.9089499,7,tree
tree/9.jpg,809.0,367.0,0.55880105,841.0,334.0,0.79094476,773.0,335.0,0.62229073,879.0,353.0,0.90769887,734.0,356.0,0.90157735,969.0,519.0,0.70720875,641.0,525.0,0.82314456,1021.0,742.0,0.6507817,609.0,768.0,0.7907985,841.0,582.0,0.73356354,776.0,591.0,0.6741199,933.0,980.0,0.93667567,735.0,1003.0,0.913477,1215.0,1187.0,0.7985704,777.0,1371.0,0.89584094,861.0,1134.0,0.80533826,842.0,1697.0,0.93431455,7,tree
tree/9_flipped.jpg,1233.0,367.0,0.5163721,1264.0,332.0,0.66545045,1203.0,334.0,0.4973546,1307.0,349.0,0.89762306,1168.0,355.0,0.8860879,1398.0,519.0,0.9429092,1077.0,514.0,0.7581886,1432.0,760.0,0.8233199,1022.0,742.0,0.8087066,1268.0,583.0,0.80999726,1205.0,587.0,0.5763749,1299.0,1006.0,0.84710485,1112.0,980.0,0.9036895,1270.0,1376.0,0.941455,828.0,1184.0,0.7996409,1201.0,1688.0,0.88269997,1185.0,1137.0,0.72299355,7,tree
tree/girl1_tree086.jpg,141.0,28.0,0.6143749,147.0,24.0,0.8169057,137.0,24.0,0.7020729,156.0,32.0,0.7123496,133.0,30.0,0.8638312,167.0,61.0,0.78788614,120.0,64.0,0.9560467,188.0,93.0,0.7410184,102.0,101.0,0.7733516,149.0,82.0,0.854354,132.0,82.0,0.73374,157.0,137.0,0.86679846,124.0,134.0,0.8505348,149.0,212.0,0.8354808,68.0,173.0,0.8265037,145.0,275.0,0.8174418,133.0,166.0,0.88677824,7,tree
tree/girl1_tree086_flipped.jpg,158.0,28.0,0.78843737,162.0,24.0,0.7996723,152.0,24.0,0.898833,165.0,31.0,0.726429,143.0,32.0,0.87504613,178.0,65.0,0.9429179,132.0,62.0,0.9066702,197.0,101.0,0.7286134,111.0,93.0,0.9088924,166.0,81.0,0.7729157,151.0,82.0,0.7016291,173.0,133.0,0.92502755,141.0,136.0,0.94445926,231.0,173.0,0.75360256,150.0,212.0,0.8428225,168.0,166.0,0.51167965,154.0,273.0,0.56440496,7,tree
tree/girl1_tree087.jpg,139.0,28.0,0.57571733,146.0,24.0,0.8661064,136.0,24.0,0.69896245,155.0,32.0,0.8116875,133.0,30.0,0.8772029,166.0,60.0,0.7830335,120.0,63.0,0.94556147,186.0,93.0,0.7143835,102.0,101.0,0.69328624,144.0,78.0,0.87831414,130.0,80.0,0.7466337,157.0,135.0,0.9068363,123.0,133.0,0.8247624,149.0,212.0,0.88550496,67.0,173.0,0.8604469,145.0,275.0,0.818245,131.0,166.0,0.8729639,7,tree
tree/girl1_tree087_flipped.jpg,159.0,28.0,0.754245,163.0,24.0,0.6866328,153.0,25.0,0.84483093,165.0,30.0,0.8877059,143.0,32.0,0.789509,180.0,64.0,0.9271022,133.0,63.0,0.9261973,197.0,101.0,0.78677166,113.0,94.0,0.5859741,167.0,79.0,0.84620786,154.0,80.0,0.6709284,173.0,133.0,0.9373553,142.0,136.0,0.942325,233.0,173.0,0.88078177,150.0,213.0,0.90537727,169.0,164.0,0.4682337,153.0,271.0,0.6108778,7,tree
tree/girl1_tree088.jpg,139.0,28.0,0.6170843,146.0,25.0,0.8411508,136.0,24.0,0.70705295,155.0,33.0,0.7357768,133.0,31.0,0.86148816,165.0,60.0,0.9399749,119.0,63.0,0.9399663,183.0,91.0,0.81838214,103.0,100.0,0.626444,141.0,75.0,0.8336544,130.0,76.0,0.69827867,154.0,137.0,0.88475066,123.0,133.0,0.8383361,149.0,212.0,0.82855016,67.0,173.0,0.8724475,144.0,275.0,0.71580863,131.0,166.0,0.8600745,7,tree
tree/girl1_tree088_flipped.jpg,160.0,27.0,0.7952371,164.0,24.0,0.7455755,153.0,24.0,0.8163647,167.0,29.0,0.85120785,145.0,32.0,0.7839379,181.0,63.0,0.83339316,135.0,61.0,0.9451918,197.0,101.0,0.6971101,117.0,91.0,0.7902683,169.0,74.0,0.8864099,157.0,75.0,0.4755051,173.0,133.0,0.8492997,143.0,136.0,0.94330686,233.0,173.0,0.86697775,151.0,213.0,0.9177512,170.0,164.0,0.56576973,154.0,271.0,0.2637571,7,tree
tree/girl1_tree089.jpg,139.0,28.0,0.59783506,145.0,24.0,0.873294,135.0,24.0,0.7039394,154.0,32.0,0.78745216,132.0,30.0,0.8649164,164.0,60.0,0.93545276,119.0,63.0,0.92013323,179.0,91.0,0.9013446,103.0,100.0,0.7073596,140.0,74.0,0.7987394,131.0,75.0,0.59176856,154.0,137.0,0.93782824,123.0,135.0,0.9387117,148.0,212.0,0.9076675,67.0,174.0,0.8790656,143.0,274.0,0.7468013,130.0,167.0,0.857901,7,tree
tree/girl1_tree089_flipped.jpg,160.0,28.0,0.79078346,164.0,24.0,0.7548535,153.0,25.0,0.8855002,167.0,30.0,0.70174,144.0,32.0,0.87434256,181.0,64.0,0.8982942,135.0,62.0,0.9505416,197.0,100.0,0.79800653,120.0,91.0,0.82935125,169.0,74.0,0.8523516,159.0,74.0,0.48406008,175.0,133.0,0.94066215,144.0,136.0,0.93223447,233.0,173.0,0.8555367,152.0,214.0,0.9044241,169.0,165.0,0.53462106,155.0,273.0,0.31373885,7,tree
tree/girl1_tree090.jpg,137.0,29.0,0.6882553,144.0,25.0,0.895776,134.0,24.0,0.832524,154.0,33.0,0.886155,131.0,30.0,0.6560395,164.0,60.0,0.8399935,118.0,64.0,0.7985203,178.0,91.0,0.91391444,102.0,101.0,0.74245745,138.0,73.0,0.79572046,129.0,75.0,0.5683291,154.0,136.0,0.8882489,122.0,134.0,0.8576702,147.0,213.0,0.73655653,65.0,174.0,0.9088613,143.0,276.0,0.83505034,129.0,167.0,0.8317448,7,tree
tree/girl1_tree090_flipped.jpg,161.0,28.0,0.8417847,164.0,24.0,0.8240193,154.0,25.0,0.81117445,169.0,30.0,0.7076934,145.0,32.0,0.83080256,182.0,64.0,0.9330145,136.0,61.0,0.9523398,198.0,101.0,0.77803695,122.0,90.0,0.825775,171.0,73.0,0.79813766,161.0,73.0,0.3875532,175.0,134.0,0.84189075,144.0,136.0,0.9163594,233.0,174.0,0.765139,153.0,214.0,0.9197611,171.0,165.0,0.5276682,155.0,273.0,0.51321036,7,tree
tree/girl1_tree094.jpg,135.0,30.0,0.68743825,141.0,27.0,0.8763232,132.0,26.0,0.7770161,152.0,33.0,0.79441506,132.0,31.0,0.752205,162.0,61.0,0.9110121,116.0,66.0,0.8205303,174.0,91.0,0.698992,100.0,103.0,0.6985259,135.0,74.0,0.7834361,126.0,76.0,0.6041735,150.0,138.0,0.8845349,119.0,136.0,0.84233946,144.0,214.0,0.83780175,64.0,176.0,0.8979555,142.0,276.0,0.82124305,126.0,169.0,0.87486386,7,tree
tree/girl1_tree094_flipped.jpg,164.0,30.0,0.84914535,167.0,25.0,0.79976404,157.0,26.0,0.7882427,169.0,30.0,0.8558125,147.0,32.0,0.82156837,184.0,65.0,0.8417373,138.0,62.0,0.9334913,200.0,104.0,0.72383785,127.0,91.0,0.83700573,175.0,75.0,0.77396,165.0,75.0,0.36354563,177.0,135.0,0.7923507,147.0,137.0,0.89246565,237.0,175.0,0.9140712,155.0,215.0,0.824149,173.0,166.0,0.49932912,158.0,277.0,0.40797323,7,tree
tree/girl1_tree096.jpg,133.0,30.0,0.7039801,140.0,27.0,0.87254816,131.0,26.0,0.7953218,151.0,33.0,0.7962537,131.0,31.0,0.76704067,160.0,62.0,0.92178756,117.0,65.0,0.83632153,172.0,92.0,0.78361386,99.0,103.0,0.8984639,133.0,74.0,0.7996482,125.0,76.0,0.59565324,149.0,137.0,0.90816545,117.0,135.0,0.8913806,143.0,214.0,0.7672966,62.0,175.0,0.8870106,140.0,276.0,0.8677727,127.0,170.0,0.8469438,7,tree
tree/girl1_tree096_flipped.jpg,166.0,31.0,0.8437332,169.0,26.0,0.8030452,160.0,27.0,0.6997254,169.0,30.0,0.8657591,149.0,33.0,0.84147847,185.0,67.0,0.7645767,140.0,63.0,0.91638255,201.0,105.0,0.7376698,127.0,93.0,0.7156919,181.0,77.0,0.67036396,168.0,75.0,0.4348502,179.0,135.0,0.7852052,148.0,138.0,0.915696,237.0,175.0,0.92032635,157.0,213.0,0.86838937,174.0,167.0,0.51213694,160.0,276.0,0.71063125,7,tree
tree/girl1_tree099.jpg,131.0,32.0,0.639236,137.0,28.0,0.8692785,129.0,28.0,0.8009621,149.0,34.0,0.819774,129.0,32.0,0.7425376,159.0,62.0,0.91677916,115.0,66.0,0.8551498,168.0,92.0,0.7781767,98.0,104.0,0.7033006,131.0,76.0,0.7903826,123.0,77.0,0.48195466,146.0,138.0,0.88759494,115.0,137.0,0.8659226,141.0,215.0,0.8278947,61.0,177.0,0.90237343,138.0,278.0,0.8262298,124.0,169.0,0.8672193,7,tree
tree/girl1_tree099_flipped.jpg,168.0,32.0,0.8316262,171.0,28.0,0.7215134,161.0,28.0,0.85729814,171.0,32.0,0.8210788,150.0,34.0,0.741035,188.0,69.0,0.8216615,141.0,64.0,0.93163705,203.0,107.0,0.88974893,130.0,93.0,0.8622061,182.0,79.0,0.73017,169.0,76.0,0.518209,181.0,136.0,0.93113816,150.0,138.0,0.9249033,237.0,176.0,0.808601,159.0,215.0,0.9055753,175.0,169.0,0.6581807,161.0,275.0,0.68460554,7,tree
tree/girl1_tree100.jpg,130.0,33.0,0.7434982,136.0,28.0,0.8715229,127.0,28.0,0.8330205,148.0,35.0,0.73079586,128.0,33.0,0.8141649,157.0,63.0,0.7268374,114.0,67.0,0.7563132,167.0,93.0,0.8023163,96.0,104.0,0.88878995,129.0,77.0,0.7880052,116.0,81.0,0.38206518,146.0,139.0,0.94328284,114.0,138.0,0.84878516,139.0,214.0,0.9201906,63.0,177.0,0.8807934,137.0,279.0,0.82709914,122.0,170.0,0.88116837,7,tree
tree/girl1_tree100_flipped.jpg,169.0,33.0,0.83616775,171.0,28.0,0.7835562,162.0,28.0,0.7807156,172.0,32.0,0.84047306,151.0,35.0,0.80359054,188.0,70.0,0.8097515,142.0,64.0,0.9191648,203.0,106.0,0.6771061,131.0,93.0,0.8464957,181.0,78.0,0.67914295,171.0,77.0,0.52968055,182.0,137.0,0.9334739,151.0,139.0,0.9215806,239.0,175.0,0.9094731,159.0,216.0,0.918064,176.0,169.0,0.6245871,162.0,275.0,0.74463344,7,tree
tree/girl1_tree101.jpg,129.0,34.0,0.6007376,136.0,29.0,0.8724095,127.0,29.0,0.86566687,148.0,35.0,0.6270522,128.0,33.0,0.7002237,157.0,64.0,0.8549793,115.0,68.0,0.63258517,166.0,94.0,0.7206265,97.0,105.0,0.8715974,129.0,77.0,0.7848038,118.0,81.0,0.36386696,145.0,140.0,0.8820851,114.0,139.0,0.7839997,139.0,215.0,0.83865815,63.0,177.0,0.84967947,135.0,278.0,0.6816697,121.0,170.0,0.8479045,7,tree
tree/girl1_tree101_flipped.jpg,170.0,33.0,0.6863141,172.0,28.0,0.7158414,163.0,29.0,0.5865663,173.0,33.0,0.64240897,152.0,35.0,0.88972443,188.0,69.0,0.89919716,142.0,65.0,0.93964237,204.0,107.0,0.8801514,133.0,94.0,0.64977133,183.0,78.0,0.66915476,172.0,77.0,0.45531666,182.0,136.0,0.80391204,152.0,139.0,0.9023494,238.0,176.0,0.84284663,161.0,217.0,0.77115375,177.0,169.0,0.64296436,163.0,278.0,0.70606035,7,tree
tree/girl1_tree102.jpg,129.0,34.0,0.61006767,135.0,29.0,0.8671529,126.0,30.0,0.86875206,147.0,35.0,0.7483243,128.0,33.0,0.72865474,156.0,63.0,0.85574085,115.0,67.0,0.74647224,165.0,94.0,0.674474,97.0,104.0,0.7228321,129.0,77.0,0.77318543,120.0,79.0,0.3811448,145.0,139.0,0.92004216,114.0,139.0,0.87449396,138.0,215.0,0.70879626,62.0,177.0,0.8891009,135.0,278.0,0.78926116,121.0,171.0,0.85710573,7,tree
tree/girl1_tree102_flipped.jpg,170.0,34.0,0.6365241,173.0,29.0,0.669896,163.0,29.0,0.54392445,173.0,34.0,0.61845195,152.0,36.0,0.8201622,188.0,70.0,0.88229233,144.0,65.0,0.90202606,204.0,107.0,0.86454225,134.0,94.0,0.66739094,185.0,80.0,0.73018897,172.0,78.0,0.6294743,183.0,136.0,0.93432134,153.0,139.0,0.91522163,238.0,177.0,0.7948336,161.0,216.0,0.88815266,178.0,169.0,0.6860246,164.0,275.0,0.6064367,7,tree
tree/girl1_tree106.jpg,126.0,37.0,0.775437,132.0,32.0,0.88161826,124.0,32.0,0.8697041,145.0,37.0,0.8720851,126.0,35.0,0.72347397,154.0,66.0,0.90276045,114.0,69.0,0.8021592,160.0,94.0,0.8446703,94.0,108.0,0.69837564,125.0,79.0,0.7268381,114.0,83.0,0.45605665,141.0,140.0,0.8236041,111.0,139.0,0.9131989,136.0,215.0,0.75515556,60.0,176.0,0.8778173,132.0,278.0,0.8036232,118.0,172.0,0.8615,7,tree
tree/girl1_tree106_flipped.jpg,173.0,37.0,0.57227534,176.0,32.0,0.5838705,167.0,32.0,0.73222196,175.0,36.0,0.7026218,154.0,38.0,0.7286184,188.0,74.0,0.6247909,145.0,67.0,0.91760284,206.0,110.0,0.850657,138.0,95.0,0.86655265,189.0,84.0,0.71356237,177.0,81.0,0.5959644,185.0,139.0,0.9441592,156.0,141.0,0.9301246,239.0,178.0,0.9262055,163.0,216.0,0.9036789,180.0,172.0,0.61979747,166.0,276.0,0.6413826,7,tree
tree/girl1_tree108.jpg,125.0,39.0,0.82800525,131.0,34.0,0.80533004,123.0,34.0,0.8522506,144.0,39.0,0.88211143,125.0,37.0,0.7116748,153.0,67.0,0.89408606,114.0,70.0,0.8465913,159.0,95.0,0.85158664,94.0,109.0,0.7050388,123.0,80.0,0.76092786,113.0,83.0,0.44272882,141.0,141.0,0.9447639,111.0,140.0,0.90129095,135.0,215.0,0.7699847,61.0,176.0,0.8443104,132.0,278.0,0.8276235,117.0,172.0,0.86038476,7,tree
tree/girl1_tree108_flipped.jpg,174.0,38.0,0.6695881,177.0,33.0,0.69766665,167.0,33.0,0.55883706,176.0,37.0,0.47960258,155.0,39.0,0.79513115,188.0,75.0,0.6074996,146.0,68.0,0.8931202,207.0,110.0,0.603807,140.0,96.0,0.88718814,190.0,86.0,0.5281241,178.0,82.0,0.6508808,187.0,139.0,0.9067559,157.0,141.0,0.88488793,237.0,179.0,0.8516383,164.0,217.0,0.8485819,181.0,171.0,0.54495484,167.0,279.0,0.747089,7,tree
tree/girl1_tree114.jpg,122.0,43.0,0.7463836,129.0,38.0,0.73568094,120.0,38.0,0.6069871,141.0,43.0,0.6636356,123.0,41.0,0.77818376,151.0,70.0,0.87560165,114.0,71.0,0.80919296,152.0,94.0,0.7889714,91.0,107.0,0.8318501,121.0,78.0,0.7714544,114.0,80.0,0.5904468,139.0,144.0,0.9058209,110.0,142.0,0.8730072,131.0,217.0,0.8593304,61.0,179.0,0.9233883,130.0,278.0,0.59985095,117.0,176.0,0.8720112,7,tree
tree/girl1_tree114_flipped.jpg,177.0,43.0,0.8029573,179.0,38.0,0.84331167,170.0,38.0,0.8799208,176.0,41.0,0.7504615,157.0,43.0,0.79514796,188.0,75.0,0.80295527,149.0,71.0,0.8575078,209.0,108.0,0.7289368,147.0,95.0,0.83685905,187.0,79.0,0.6634404,182.0,77.0,0.5821705,188.0,142.0,0.9256886,160.0,144.0,0.92706925,237.0,179.0,0.9318894,167.0,218.0,0.7892678,180.0,174.0,0.6780088,168.0,278.0,0.78209525,7,tree
tree/girl1_tree115.jpg,122.0,43.0,0.7317548,128.0,38.0,0.748792,120.0,39.0,0.60082203,141.0,43.0,0.6683612,124.0,41.0,0.52965504,152.0,70.0,0.8942143,113.0,72.0,0.8204471,148.0,91.0,0.7839547,90.0,104.0,0.8302072,119.0,76.0,0.76804537,114.0,77.0,0.5930313,139.0,143.0,0.9461093,109.0,143.0,0.8969936,131.0,217.0,0.9545303,63.0,180.0,0.86236334,129.0,280.0,0.84638447,116.0,175.0,0.8882516,7,tree
tree/girl1_tree115_flipped.jpg,177.0,43.0,0.8041353,178.0,39.0,0.7388877,171.0,38.0,0.7638241,175.0,42.0,0.71117145,158.0,43.0,0.5746149,186.0,75.0,0.8077514,149.0,71.0,0.83629453,210.0,106.0,0.68670154,149.0,92.0,0.6084589,187.0,76.0,0.55750823,181.0,76.0,0.69520974,188.0,142.0,0.8706863,160.0,144.0,0.9034271,236.0,181.0,0.8432868,167.0,217.0,0.8375603,182.0,174.0,0.69734216,169.0,279.0,0.881409,7,tree
tree/girl1_tree118.jpg,121.0,45.0,0.7690326,127.0,41.0,0.9182602,121.0,41.0,0.8659607,140.0,47.0,0.58728766,123.0,44.0,0.6606024,152.0,71.0,0.6670213,111.0,73.0,0.82269514,143.0,79.0,0.4843231,88.0,96.0,0.8918031,116.0,66.0,0.48797527,112.0,66.0,0.61779106,140.0,145.0,0.8628545,112.0,144.0,0.93119365,131.0,216.0,0.8251713,64.0,179.0,0.86020803,129.0,279.0,0.90269625,117.0,174.0,0.81987226,7,tree
tree/girl1_tree118_flipped.jpg,178.0,45.0,0.7196571,179.0,40.0,0.79395014,171.0,41.0,0.8765991,175.0,43.0,0.5576776,159.0,48.0,0.7799919,189.0,73.0,0.72230786,148.0,70.0,0.8105225,211.0,97.0,0.87833554,153.0,83.0,0.7518293,186.0,66.0,0.7222353,183.0,66.0,0.63155425,188.0,143.0,0.82784057,160.0,146.0,0.82920605,234.0,180.0,0.9105424,169.0,217.0,0.5976927,182.0,176.0,0.6270756,169.0,282.0,0.8577403,7,tree
tree/girl1_tree119.jpg,122.0,46.0,0.7286365,129.0,43.0,0.8875233,120.0,41.0,0.8702106,140.0,49.0,0.82926285,121.0,46.0,0.6698493,152.0,72.0,0.8064412,111.0,73.0,0.77420354,142.0,76.0,0.5776901,88.0,93.0,0.7975133,117.0,63.0,0.67044115,113.0,64.0,0.6137808,140.0,146.0,0.71657324,112.0,144.0,0.76672137,132.0,216.0,0.75226986,65.0,181.0,0.8829999,130.0,280.0,0.884551,117.0,175.0,0.86218435,7,tree
tree/girl1_tree119_flipped.jpg,177.0,46.0,0.73303103,178.0,41.0,0.78392124,171.0,42.0,0.8676205,176.0,45.0,0.63873315,159.0,49.0,0.7919105,189.0,73.0,0.82096124,148.0,71.0,0.8498225,211.0,93.0,0.83972037,156.0,80.0,0.692124,187.0,63.0,0.7100955,184.0,62.0,0.6783074,188.0,144.0,0.8321028,160.0,146.0,0.8368558,233.0,180.0,0.8986681,168.0,218.0,0.65019023,184.0,175.0,0.6583793,169.0,282.0,0.82635087,7,tree
tree/girl1_tree121.jpg,124.0,47.0,0.637673,129.0,44.0,0.7821281,121.0,44.0,0.64785624,140.0,51.0,0.8058741,121.0,48.0,0.6450542,150.0,72.0,0.7192036,115.0,75.0,0.83294386,134.0,69.0,0.31439316,88.0,84.0,0.6681441,115.0,54.0,0.6684414,110.0,56.0,0.56358314,138.0,145.0,0.85704136,111.0,144.0,0.86871266,131.0,216.0,0.7922818,65.0,179.0,0.86080515,129.0,279.0,0.88652754,117.0,176.0,0.8478423,7,tree
tree/girl1_tree121_flipped.jpg,176.0,47.0,0.7407838,178.0,43.0,0.75635886,171.0,43.0,0.7857298,173.0,47.0,0.5985655,158.0,49.0,0.70240504,186.0,76.0,0.84507954,148.0,72.0,0.80559975,211.0,84.0,0.89060706,160.0,72.0,0.614046,189.0,56.0,0.59753245,184.0,52.0,0.62532115,188.0,144.0,0.7445267,161.0,146.0,0.8639795,233.0,181.0,0.87868124,168.0,217.0,0.82940805,183.0,177.0,0.6480539,169.0,281.0,0.8077031,7,tree
tree/girl1_tree122.jpg,125.0,49.0,0.622619,131.0,45.0,0.56450033,123.0,44.0,0.7662078,142.0,52.0,0.80492723,122.0,49.0,0.5754295,150.0,72.0,0.65857303,117.0,76.0,0.81344754,132.0,66.0,0.4365756,88.0,80.0,0.8514406,115.0,49.0,0.7308456,111.0,51.0,0.61068916,139.0,146.0,0.8742894,113.0,145.0,0.91500896,131.0,216.0,0.8786854,68.0,180.0,0.85416454,129.0,279.0,0.86908114,117.0,176.0,0.8078299,7,tree
tree/girl1_tree122_flipped.jpg,174.0,49.0,0.6749997,176.0,43.0,0.6452352,170.0,44.0,0.6027521,173.0,48.0,0.45574814,157.0,49.0,0.715469,185.0,75.0,0.8352723,148.0,71.0,0.8531473,210.0,78.0,0.85603666,164.0,68.0,0.73368937,187.0,52.0,0.577319,183.0,49.0,0.7570454,187.0,145.0,0.8082515,160.0,146.0,0.7973468,232.0,180.0,0.8782058,168.0,217.0,0.7916703,183.0,176.0,0.65511817,169.0,282.0,0.78772616,7,tree
tree/girl1_tree124.jpg,125.0,54.0,0.65082705,130.0,50.0,0.5781417,123.0,49.0,0.5552281,140.0,55.0,0.79540694,124.0,51.0,0.56877065,149.0,72.0,0.7435219,120.0,75.0,0.9062084,132.0,63.0,0.645871,90.0,73.0,0.92109174,116.0,42.0,0.796019,112.0,43.0,0.5663527,140.0,148.0,0.85744655,116.0,147.0,0.84752053,131.0,217.0,0.86741984,71.0,181.0,0.76643306,130.0,280.0,0.950527,118.0,177.0,0.7419532,7,tree
tree/girl1_tree124_flipped.jpg,174.0,54.0,0.5682564,174.0,48.0,0.6335892,168.0,49.0,0.62394893,173.0,50.0,0.569698,157.0,52.0,0.61477566,185.0,76.0,0.84812474,148.0,72.0,0.91619927,211.0,72.0,0.75757337,166.0,63.0,0.6203741,187.0,45.0,0.5923203,182.0,42.0,0.8407278,187.0,146.0,0.80496883,160.0,147.0,0.8931061,229.0,183.0,0.73952246,170.0,218.0,0.8083228,182.0,176.0,0.6496351,169.0,281.0,0.8133959,7,tree
tree/girl1_tree125.jpg,122.0,57.0,0.5154629,127.0,52.0,0.50912845,122.0,50.0,0.7000369,139.0,56.0,0.75058734,125.0,52.0,0.6002805,148.0,72.0,0.7612132,121.0,75.0,0.77536255,131.0,61.0,0.46900418,90.0,70.0,0.87893265,115.0,41.0,0.86506605,113.0,41.0,0.48577735,138.0,149.0,0.856735,117.0,148.0,0.92161995,131.0,218.0,0.7741035,72.0,182.0,0.81070805,129.0,280.0,0.94797873,118.0,178.0,0.7789033,7,tree
tree/girl1_tree125_flipped.jpg,173.0,54.0,0.50069153,174.0,49.0,0.61353517,167.0,49.0,0.6555189,174.0,52.0,0.5408164,157.0,53.0,0.6361458,184.0,75.0,0.8584255,148.0,71.0,0.9044409,211.0,69.0,0.84026575,167.0,59.0,0.6290194,187.0,40.0,0.5824926,182.0,38.0,0.8905169,187.0,146.0,0.7888441,160.0,146.0,0.8939099,228.0,182.0,0.8370641,169.0,217.0,0.84878665,181.0,177.0,0.6783608,169.0,280.0,0.90392315,7,tree
tree/girl1_tree126.jpg,125.0,59.0,0.59437376,129.0,54.0,0.5284674,124.0,52.0,0.58971334,141.0,57.0,0.71036667,125.0,52.0,0.7253814,149.0,73.0,0.8559927,121.0,75.0,0.8569426,131.0,59.0,0.5405149,91.0,67.0,0.89302343,116.0,39.0,0.89147556,112.0,39.0,0.5702938,139.0,150.0,0.89544326,115.0,149.0,0.88875157,131.0,219.0,0.81160975,72.0,181.0,0.8316886,130.0,281.0,0.9425509,119.0,178.0,0.7894452,7,tree
tree/girl1_tree126_flipped.jpg,173.0,53.0,0.5130262,174.0,48.0,0.62320876,168.0,48.0,0.58479583,172.0,52.0,0.6253142,158.0,53.0,0.66483605,183.0,75.0,0.79345745,148.0,72.0,0.8862619,209.0,67.0,0.93494785,168.0,57.0,0.57091874,186.0,39.0,0.59380305,182.0,36.0,0.84106565,186.0,147.0,0.9113256,160.0,147.0,0.8798033,227.0,182.0,0.9256888,168.0,218.0,0.8521242,181.0,176.0,0.6333548,169.0,281.0,0.85886455,7,tree
tree/girl1_tree127.jpg,122.0,60.0,0.53441715,128.0,54.0,0.50474304,123.0,52.0,0.77616763,140.0,58.0,0.650267,127.0,53.0,0.624614,150.0,74.0,0.86721444,121.0,76.0,0.76044995,131.0,57.0,0.5636504,91.0,64.0,0.9328248,116.0,37.0,0.8322019,113.0,37.0,0.6166358,139.0,151.0,0.8779331,117.0,150.0,0.94528,131.0,219.0,0.78388995,73.0,182.0,0.80616295,130.0,281.0,0.9435687,120.0,179.0,0.8461984,7,tree
tree/girl1_tree127_flipped.jpg,173.0,54.0,0.6416929,173.0,48.0,0.7475091,168.0,49.0,0.62730694,172.0,51.0,0.52205306,157.0,54.0,0.8313296,183.0,75.0,0.81272143,148.0,73.0,0.8830478,208.0,64.0,0.9161461,167.0,56.0,0.57156426,186.0,36.0,0.6104948,180.0,35.0,0.8768024,185.0,148.0,0.8248673,160.0,148.0,0.90888685,226.0,182.0,0.915045,169.0,218.0,0.8246939,180.0,178.0,0.6662165,169.0,280.0,0.8766397,7,tree
tree/girl1_tree128.jpg,125.0,56.0,0.5305448,130.0,51.0,0.39262697,124.0,51.0,0.7246628,142.0,57.0,0.645067,128.0,56.0,0.56034815,150.0,76.0,0.8105943,122.0,78.0,0.864677,135.0,56.0,0.6162361,93.0,61.0,0.93986994,119.0,33.0,0.6897432,114.0,34.0,0.5681213,138.0,150.0,0.91324264,116.0,150.0,0.8851464,132.0,217.0,0.8090254,74.0,182.0,0.84984237,131.0,279.0,0.8245822,119.0,176.0,0.82484794,7,tree
tree/girl1_tree128_flipped.jpg,172.0,54.0,0.61428523,171.0,49.0,0.57933736,166.0,50.0,0.6931105,170.0,52.0,0.66282165,156.0,55.0,0.7777219,182.0,76.0,0.7948393,150.0,75.0,0.57118535,207.0,61.0,0.8126304,165.0,54.0,0.35508204,185.0,33.0,0.5801743,179.0,32.0,0.8052176,185.0,148.0,0.9040977,159.0,149.0,0.8988699,224.0,182.0,0.9323649,168.0,218.0,0.68778336,180.0,178.0,0.6940218,168.0,280.0,0.87175345,7,tree
tree/girl1_tree132.jpg,126.0,58.0,0.7822914,131.0,53.0,0.7161311,125.0,53.0,0.84851056,144.0,56.0,0.78459895,131.0,55.0,0.69753945,151.0,78.0,0.6450574,123.0,78.0,0.83582383,143.0,39.0,0.6813485,101.0,51.0,0.89844483,128.0,21.0,0.8227692,122.0,22.0,0.7202645,140.0,150.0,0.91397196,118.0,149.0,0.8884614,134.0,218.0,0.6885086,79.0,182.0,0.7505413,132.0,278.0,0.7270224,122.0,179.0,0.84780407,7,tree
tree/girl1_tree132_flipped.jpg,171.0,56.0,0.7153567,172.0,51.0,0.80368286,167.0,51.0,0.67837274,171.0,54.0,0.6358932,157.0,54.0,0.76295334,175.0,77.0,0.848889,149.0,76.0,0.8867254,197.0,50.0,0.7683166,155.0,41.0,0.74083364,179.0,23.0,0.53519887,170.0,22.0,0.8470461,182.0,148.0,0.9178196,157.0,149.0,0.90064037,220.0,183.0,0.8393446,167.0,218.0,0.8362059,177.0,175.0,0.68555754,165.0,279.0,0.8833581,7,tree
tree/girl1_tree133.jpg,127.0,58.0,0.77961564,132.0,53.0,0.746119,125.0,53.0,0.7140825,145.0,56.0,0.71780336,131.0,56.0,0.6023247,151.0,78.0,0.8326228,125.0,79.0,0.82058203,143.0,36.0,0.7458043,106.0,48.0,0.8248643,130.0,20.0,0.7877945,123.0,20.0,0.82492054,141.0,150.0,0.8803676,119.0,149.0,0.8793966,133.0,216.0,0.8379147,79.0,183.0,0.8780768,133.0,277.0,0.84476763,122.0,178.0,0.76945275,7,tree
tree/girl1_tree133_flipped.jpg,171.0,58.0,0.7340256,172.0,53.0,0.65888715,166.0,53.0,0.6257229,170.0,56.0,0.7082335,156.0,56.0,0.7531003,175.0,78.0,0.74807036,150.0,77.0,0.7132981,194.0,49.0,0.92361397,154.0,39.0,0.8261218,176.0,21.0,0.51090217,168.0,19.0,0.7333479,182.0,148.0,0.9158366,157.0,149.0,0.91408545,219.0,183.0,0.82289153,166.0,217.0,0.8425738,177.0,176.0,0.71189696,165.0,279.0,0.8799672,7,tree
tree/girl1_tree134.jpg,127.0,59.0,0.7285948,133.0,55.0,0.858461,126.0,54.0,0.76076597,145.0,58.0,0.85565424,132.0,57.0,0.65610534,151.0,78.0,0.7872721,126.0,79.0,0.79096526,144.0,36.0,0.798865,110.0,48.0,0.9392119,131.0,20.0,0.6391926,125.0,19.0,0.80023026,141.0,150.0,0.7737347,121.0,150.0,0.8415394,134.0,216.0,0.9121124,80.0,182.0,0.8368061,133.0,278.0,0.81493264,123.0,180.0,0.8593236,7,tree
tree/girl1_tree134_flipped.jpg,170.0,59.0,0.61435723,171.0,54.0,0.74116826,165.0,55.0,0.6284529,169.0,56.0,0.74884707,156.0,57.0,0.47193134,173.0,78.0,0.6972681,150.0,77.0,0.7427557,191.0,48.0,0.78314495,153.0,40.0,0.79126084,174.0,18.0,0.56280637,166.0,18.0,0.75231045,180.0,148.0,0.92575586,156.0,148.0,0.91877687,217.0,183.0,0.82359535,165.0,217.0,0.78764707,177.0,177.0,0.7318756,164.0,278.0,0.87300694,7,tree
tree/girl1_tree137.jpg,131.0,61.0,0.6757505,136.0,57.0,0.8008222,130.0,57.0,0.6532246,149.0,60.0,0.8071071,135.0,60.0,0.70319116,154.0,81.0,0.63837755,132.0,82.0,0.8261186,147.0,38.0,0.7704492,120.0,46.0,0.9384442,141.0,23.0,0.6150581,131.0,19.0,0.5721468,143.0,151.0,0.7969689,125.0,150.0,0.89128727,136.0,217.0,0.8212826,87.0,182.0,0.7771447,136.0,276.0,0.8851553,125.0,179.0,0.76117146,7,tree
tree/girl1_tree137_flipped.jpg,166.0,59.0,0.636144,167.0,56.0,0.64796805,161.0,56.0,0.7228371,164.0,59.0,0.69715255,153.0,60.0,0.67025745,170.0,80.0,0.8462703,147.0,78.0,0.90391576,180.0,45.0,0.6823114,150.0,39.0,0.53891236,167.0,18.0,0.69385403,157.0,20.0,0.7365439,178.0,148.0,0.920901,155.0,149.0,0.92272353,213.0,184.0,0.9030055,163.0,217.0,0.8044928,174.0,176.0,0.6994153,163.0,276.0,0.83511525,7,tree
tree/girl1_tree139.jpg,131.0,63.0,0.6554066,137.0,58.0,0.7424483,131.0,58.0,0.70595574,149.0,61.0,0.7483472,135.0,61.0,0.7529463,154.0,81.0,0.8703593,133.0,83.0,0.75305235,149.0,41.0,0.71301913,126.0,45.0,0.8797132,144.0,24.0,0.55757076,135.0,23.0,0.5013056,146.0,151.0,0.9206989,127.0,151.0,0.94349176,138.0,218.0,0.6201582,90.0,183.0,0.7390201,137.0,278.0,0.8475373,128.0,180.0,0.8031892,7,tree
tree/girl1_tree139_flipped.jpg,167.0,61.0,0.6266085,166.0,57.0,0.7066611,161.0,57.0,0.65579665,162.0,60.0,0.6448444,151.0,61.0,0.70271933,168.0,80.0,0.82144654,145.0,79.0,0.9010022,173.0,46.0,0.86490595,148.0,41.0,0.5826831,162.0,21.0,0.64892685,154.0,19.0,0.73176605,176.0,149.0,0.9172469,154.0,149.0,0.9176832,211.0,184.0,0.8984356,161.0,218.0,0.84596616,173.0,177.0,0.7019969,161.0,276.0,0.8419428,7,tree
tree/girl1_tree140.jpg,134.0,63.0,0.60540056,138.0,59.0,0.64814615,134.0,58.0,0.60825896,152.0,61.0,0.77416337,139.0,61.0,0.7131779,155.0,80.0,0.85277855,132.0,81.0,0.7509943,150.0,41.0,0.58807236,128.0,46.0,0.8579767,144.0,23.0,0.64546615,136.0,22.0,0.4270454,145.0,150.0,0.9296223,126.0,151.0,0.9413312,138.0,217.0,0.9334106,90.0,183.0,0.81312037,138.0,276.0,0.84516305,128.0,181.0,0.77991664,7,tree
tree/girl1_tree140_flipped.jpg,166.0,63.0,0.75359845,166.0,59.0,0.78742963,160.0,59.0,0.70838463,161.0,61.0,0.5710428,151.0,62.0,0.7289432,167.0,81.0,0.80911326,144.0,80.0,0.66244346,171.0,46.0,0.67906874,148.0,42.0,0.670768,162.0,22.0,0.7046982,154.0,19.0,0.7245567,175.0,150.0,0.91432333,153.0,150.0,0.9133259,210.0,185.0,0.898854,161.0,218.0,0.66125023,171.0,178.0,0.7008785,161.0,277.0,0.89427066,7,tree
tree/girl1_tree142.jpg,136.0,64.0,0.61240137,141.0,59.0,0.55552745,135.0,60.0,0.7056362,153.0,63.0,0.7581305,140.0,63.0,0.5065123,157.0,81.0,0.86170167,134.0,83.0,0.7335812,151.0,44.0,0.6070325,131.0,48.0,0.8369413,145.0,25.0,0.6086552,137.0,21.0,0.33490768,147.0,151.0,0.9337138,128.0,152.0,0.93943745,140.0,217.0,0.93818116,92.0,184.0,0.8116585,140.0,276.0,0.82888633,130.0,181.0,0.7480382,7,tree
tree/girl1_tree142_flipped.jpg,164.0,64.0,0.7473892,164.0,60.0,0.7011534,159.0,60.0,0.70060444,159.0,62.0,0.71433145,149.0,63.0,0.76179326,164.0,83.0,0.815376,142.0,81.0,0.9027533,169.0,47.0,0.7661355,147.0,46.0,0.63005215,161.0,24.0,0.56018496,153.0,25.0,0.56544805,173.0,150.0,0.91069645,152.0,151.0,0.92006254,206.0,185.0,0.8762383,159.0,218.0,0.7782839,169.0,177.0,0.6845205,159.0,277.0,0.90790796,7,tree
tree/girl1_tree145.jpg,138.0,67.0,0.5756965,142.0,63.0,0.8013412,136.0,63.0,0.4870396,155.0,65.0,0.8112039,140.0,65.0,0.7053158,159.0,84.0,0.82870805,137.0,86.0,0.6876309,153.0,46.0,0.56443524,135.0,48.0,0.7594315,149.0,30.0,0.6059574,142.0,29.0,0.468649,149.0,153.0,0.7879969,131.0,153.0,0.87921345,142.0,218.0,0.8043541,98.0,184.0,0.72564363,143.0,275.0,0.8583919,133.0,181.0,0.73647106,7,tree
tree/girl1_tree145_flipped.jpg,162.0,66.0,0.65793955,161.0,62.0,0.68503404,157.0,62.0,0.64361805,155.0,64.0,0.6139389,146.0,65.0,0.7571368,162.0,84.0,0.8742735,140.0,82.0,0.89359707,165.0,48.0,0.84522873,145.0,47.0,0.6575842,158.0,28.0,0.6569443,150.0,26.0,0.6108155,169.0,151.0,0.9116256,150.0,152.0,0.9169916,202.0,185.0,0.6793589,157.0,219.0,0.8106994,165.0,179.0,0.74364936,156.0,276.0,0.89030755,7,tree
tree/girl2_tree085.jpg,126.0,36.0,0.2266604,118.0,31.0,0.18384719,128.0,31.0,0.25429064,107.0,36.0,0.4538099,130.0,35.0,0.58878726,98.0,67.0,0.7779847,138.0,66.0,0.6795696,87.0,97.0,0.59656817,158.0,99.0,0.7317556,102.0,77.0,0.2499696,158.0,76.0,0.4694251,108.0,138.0,0.6225654,138.0,134.0,0.54474384,118.0,202.0,0.83018273,192.0,165.0,0.8646428,123.0,265.0,0.3575025,133.0,162.0,0.38292366,7,tree
tree/girl2_tree086.jpg,125.0,38.0,0.27074683,119.0,32.0,0.19136308,127.0,31.0,0.43751955,106.0,37.0,0.59513485,127.0,36.0,0.6688484,98.0,68.0,0.79690313,136.0,66.0,0.6269356,88.0,97.0,0.69239527,156.0,99.0,0.66120636,103.0,76.0,0.18388146,155.0,74.0,0.4827723,107.0,138.0,0.5442147,135.0,133.0,0.5590958,117.0,202.0,0.7730763,191.0,166.0,0.8668654,121.0,264.0,0.23092952,129.0,161.0,0.41552946,7,tree
tree/girl2_tree086_flipped.jpg,176.0,35.0,0.5008865,174.0,30.0,0.6741189,180.0,29.0,0.6070684,172.0,34.0,0.7426305,188.0,33.0,0.702863,164.0,65.0,0.90370077,203.0,67.0,0.8006027,142.0,99.0,0.8562391,210.0,98.0,0.8949883,145.0,73.0,0.72080874,200.0,84.0,0.22535102,167.0,130.0,0.8471638,191.0,135.0,0.6234354,107.0,165.0,0.9177166,184.0,203.0,0.7820892,171.0,165.0,0.6543875,174.0,171.0,0.15611382,7,tree
tree/girl2_tree091.jpg,123.0,40.0,0.38468325,117.0,35.0,0.16166876,122.0,35.0,0.47119454,100.0,38.0,0.35691544,116.0,37.0,0.43300858,92.0,70.0,0.7001115,126.0,66.0,0.6703502,94.0,99.0,0.7217505,146.0,100.0,0.6782634,117.0,75.0,0.10450342,147.0,72.0,0.7107869,99.0,137.0,0.6999042,125.0,132.0,0.68712485,111.0,200.0,0.85331535,181.0,167.0,0.7974772,114.0,262.0,0.34809008,118.0,164.0,0.59514505,7,tree
tree/girl2_tree091_flipped.jpg,176.0,41.0,0.58665335,177.0,36.0,0.4023596,179.0,37.0,0.5999679,184.0,38.0,0.7220546,191.0,38.0,0.6214225,174.0,67.0,0.72540134,208.0,70.0,0.58603287,152.0,100.0,0.8022793,204.0,101.0,0.8309944,153.0,71.0,0.7190218,187.0,92.0,0.1438477,174.0,132.0,0.73814833,198.0,137.0,0.7597444,118.0,167.0,0.8620305,188.0,201.0,0.8137699,180.0,166.0,0.57759035,184.0,263.0,0.5873791,7,tree
tree/girl2_tree092.jpg,122.0,40.0,0.3789198,115.0,36.0,0.19693144,121.0,35.0,0.4616449,99.0,39.0,0.39207205,115.0,38.0,0.4258763,91.0,70.0,0.68409574,124.0,67.0,0.6359961,94.0,99.0,0.72546756,144.0,101.0,0.67911816,125.0,75.0,0.17177483,146.0,73.0,0.7029892,99.0,135.0,0.7338402,124.0,132.0,0.69012856,110.0,201.0,0.8388776,180.0,167.0,0.6651115,112.0,262.0,0.36691257,117.0,164.0,0.58009225,7,tree
tree/girl2_tree092_flipped.jpg,177.0,42.0,0.59791076,178.0,37.0,0.4148867,180.0,38.0,0.55055773,184.0,39.0,0.7347042,192.0,39.0,0.66454804,175.0,67.0,0.7963069,209.0,71.0,0.55082196,153.0,101.0,0.6601593,204.0,102.0,0.81669235,154.0,73.0,0.7849629,185.0,92.0,0.16904026,176.0,132.0,0.7749999,200.0,137.0,0.79372036,120.0,167.0,0.8580356,190.0,203.0,0.817836,181.0,166.0,0.5917992,185.0,262.0,0.5648626,7,tree
tree/girl2_tree094.jpg,119.0,42.0,0.46724686,113.0,38.0,0.35836172,119.0,38.0,0.56157565,99.0,40.0,0.5801217,115.0,39.0,0.6785053,88.0,73.0,0.7862938,121.0,68.0,0.76863754,98.0,102.0,0.57835066,143.0,102.0,0.75066614,126.0,75.0,0.30895674,144.0,75.0,0.7201379,98.0,136.0,0.8449727,121.0,134.0,0.7349657,108.0,203.0,0.88648415,177.0,167.0,0.85084844,112.0,262.0,0.6773895,113.0,166.0,0.6084262,7,tree
tree/girl2_tree094_flipped.jpg,178.0,45.0,0.6364751,180.0,39.0,0.51157284,181.0,39.0,0.6016878,187.0,41.0,0.7806189,193.0,41.0,0.6640929,178.0,68.0,0.8439069,210.0,72.0,0.6387533,156.0,102.0,0.6964377,202.0,104.0,0.67535645,156.0,73.0,0.85749197,186.0,98.0,0.21856113,178.0,132.0,0.6673553,201.0,138.0,0.65404594,124.0,168.0,0.8189604,191.0,202.0,0.76491433,184.0,167.0,0.50828594,187.0,261.0,0.66805583,7,tree
tree/girl2_tree095.jpg,120.0,43.0,0.35233665,113.0,39.0,0.22227418,117.0,40.0,0.48162332,97.0,43.0,0.45806313,113.0,41.0,0.5384034,88.0,74.0,0.8566649,119.0,68.0,0.7166812,96.0,101.0,0.32366556,140.0,102.0,0.5069495,126.0,75.0,0.14791474,143.0,74.0,0.676075,97.0,136.0,0.68134665,120.0,132.0,0.66771585,107.0,200.0,0.8441696,174.0,167.0,0.79972947,111.0,257.0,0.14684275,112.0,164.0,0.556422,7,tree
tree/girl2_tree096.jpg,119.0,45.0,0.45472637,114.0,40.0,0.19286673,117.0,41.0,0.44646585,98.0,43.0,0.31135732,113.0,43.0,0.58615446,88.0,74.0,0.6205788,119.0,69.0,0.7351866,100.0,100.0,0.2739908,141.0,103.0,0.5379964,130.0,75.0,0.1742478,144.0,75.0,0.6729213,97.0,136.0,0.71553993,120.0,133.0,0.70397043,108.0,202.0,0.7658145,173.0,169.0,0.81118244,110.0,261.0,0.4596019,113.0,165.0,0.45390603,7,tree
tree/girl2_tree096_flipped.jpg,179.0,47.0,0.5803344,181.0,42.0,0.69053423,183.0,42.0,0.60368586,189.0,43.0,0.6144395,195.0,44.0,0.5716565,180.0,70.0,0.6765844,210.0,74.0,0.8865665,158.0,103.0,0.7223458,197.0,105.0,0.6339122,156.0,74.0,0.8026154,178.0,79.0,0.28332174,179.0,133.0,0.84713936,202.0,139.0,0.768041,128.0,167.0,0.841329,191.0,201.0,0.7967922,186.0,169.0,0.41505396,188.0,261.0,0.71660095,7,tree
tree/girl2_tree097.jpg,119.0,44.0,0.3217998,112.0,41.0,0.21377131,117.0,40.0,0.54800886,96.0,44.0,0.3053589,112.0,42.0,0.5596987,88.0,75.0,0.7246281,118.0,70.0,0.72485054,102.0,101.0,0.19398183,139.0,103.0,0.48621464,138.0,75.0,0.14161137,143.0,75.0,0.6652739,97.0,136.0,0.7113923,119.0,132.0,0.68148756,107.0,200.0,0.75693744,171.0,168.0,0.79518944,109.0,259.0,0.45280963,111.0,166.0,0.47147918,7,tree
tree/girl2_tree097_flipped.jpg,181.0,47.0,0.6260872,181.0,42.0,0.43969917,184.0,42.0,0.60744214,187.0,43.0,0.70742595,195.0,44.0,0.6850748,181.0,69.0,0.85263777,210.0,74.0,0.78530806,159.0,103.0,0.7591451,196.0,103.0,0.46428344,157.0,75.0,0.8940832,177.0,77.0,0.31371254,180.0,133.0,0.7594407,201.0,139.0,0.7486364,129.0,167.0,0.76576924,192.0,200.0,0.79550034,189.0,172.0,0.31553254,188.0,261.0,0.71102667,7,tree
tree/girl2_tree099.jpg,119.0,46.0,0.39045727,113.0,42.0,0.16833177,117.0,42.0,0.42618448,96.0,45.0,0.36117083,112.0,44.0,0.56841063,89.0,75.0,0.7708503,116.0,70.0,0.65540457,105.0,101.0,0.21054201,139.0,103.0,0.44244444,138.0,77.0,0.1526427,143.0,76.0,0.67449117,97.0,137.0,0.6772669,118.0,134.0,0.69772303,108.0,200.0,0.86798865,168.0,168.0,0.7473204,110.0,259.0,0.5289695,110.0,164.0,0.48225343,7,tree
tree/girl2_tree099_flipped.jpg,180.0,48.0,0.622932,182.0,43.0,0.39112365,183.0,44.0,0.5361867,188.0,45.0,0.74635315,194.0,46.0,0.5995511,183.0,71.0,0.7778488,208.0,76.0,0.6916897,160.0,104.0,0.7715903,194.0,102.0,0.29028752,157.0,76.0,0.84319913,176.0,80.0,0.44385147,182.0,133.0,0.75897765,201.0,139.0,0.7108195,132.0,167.0,0.79297745,189.0,200.0,0.8559419,192.0,173.0,0.4333469,188.0,259.0,0.83077264,7,tree
tree/girl2_tree100.jpg,118.0,47.0,0.37750635,112.0,44.0,0.23515718,117.0,44.0,0.5152543,97.0,48.0,0.42410332,111.0,46.0,0.40552506,90.0,76.0,0.79165524,116.0,71.0,0.6268575,106.0,104.0,0.14688721,137.0,104.0,0.46222752,138.0,77.0,0.17621888,142.0,77.0,0.71942115,98.0,138.0,0.6684041,118.0,134.0,0.66546357,109.0,200.0,0.72768193,166.0,168.0,0.48521098,111.0,261.0,0.4064518,108.0,165.0,0.4601589,7,tree
tree/girl2_tree100_flipped.jpg,180.0,50.0,0.6130682,182.0,45.0,0.43388405,183.0,45.0,0.5765283,189.0,47.0,0.5394347,194.0,48.0,0.5484737,183.0,72.0,0.7335019,208.0,78.0,0.9143935,160.0,105.0,0.74382246,192.0,102.0,0.34350246,156.0,77.0,0.8494773,177.0,80.0,0.31964132,180.0,135.0,0.72927964,200.0,140.0,0.68200326,133.0,168.0,0.81648636,187.0,199.0,0.8086238,189.0,167.0,0.5350232,186.0,260.0,0.43120226,7,tree
tree/girl2_tree101.jpg,118.0,48.0,0.4300153,112.0,45.0,0.27258345,116.0,44.0,0.5273559,96.0,48.0,0.36997288,111.0,46.0,0.4898085,91.0,76.0,0.83837646,116.0,71.0,0.61964285,108.0,102.0,0.15263498,137.0,104.0,0.5071955,139.0,79.0,0.1927394,142.0,79.0,0.7325748,98.0,138.0,0.5359776,118.0,135.0,0.6984227,110.0,200.0,0.7329255,165.0,169.0,0.63523346,112.0,261.0,0.53124803,109.0,166.0,0.4786219,7,tree
tree/girl2_tree101_flipped.jpg,180.0,51.0,0.6470251,183.0,46.0,0.5691117,183.0,46.0,0.60503256,191.0,48.0,0.52403593,194.0,48.0,0.5080081,184.0,72.0,0.707518,206.0,78.0,0.5394466,161.0,106.0,0.7757324,191.0,104.0,0.3490067,157.0,78.0,0.71837956,176.0,82.0,0.37083519,180.0,135.0,0.770309,200.0,141.0,0.67374367,133.0,168.0,0.8442708,189.0,203.0,0.871245,193.0,173.0,0.38720265,187.0,259.0,0.80985063,7,tree
tree/girl2_tree102.jpg,119.0,50.0,0.28913924,112.0,47.0,0.24283977,117.0,46.0,0.4609993,97.0,50.0,0.36739808,112.0,48.0,0.47641957,93.0,77.0,0.73843956,116.0,72.0,0.6334991,112.0,102.0,0.114841275,138.0,106.0,0.34967497,139.0,81.0,0.23591326,143.0,81.0,0.5788171,99.0,140.0,0.65006995,119.0,136.0,0.6386287,111.0,200.0,0.73676836,165.0,169.0,0.6634097,113.0,258.0,0.2857283,111.0,165.0,0.4453618,7,tree
tree/girl2_tree102_flipped.jpg,181.0,52.0,0.55946684,182.0,47.0,0.5660554,183.0,48.0,0.6089079,191.0,49.0,0.62580407,193.0,50.0,0.50179636,184.0,73.0,0.5958516,207.0,79.0,0.926659,161.0,106.0,0.75925595,190.0,106.0,0.40179297,156.0,79.0,0.7214538,176.0,83.0,0.36459514,180.0,135.0,0.70521796,200.0,141.0,0.73296094,134.0,167.0,0.8266932,187.0,201.0,0.8792742,192.0,172.0,0.49452996,187.0,260.0,0.8092791,7,tree
tree/girl2_tree103.jpg,120.0,48.0,0.40063924,114.0,45.0,0.27077243,118.0,45.0,0.50589716,98.0,50.0,0.36788964,112.0,48.0,0.50015414,94.0,77.0,0.6583958,116.0,71.0,0.47908264,110.0,105.0,0.15136129,137.0,106.0,0.54908776,140.0,81.0,0.17892143,144.0,80.0,0.6572635,100.0,140.0,0.5465497,119.0,137.0,0.5766026,112.0,201.0,0.7599537,165.0,170.0,0.77099574,113.0,262.0,0.629302,109.0,166.0,0.5365465,7,tree
tree/girl2_tree103_flipped.jpg,180.0,53.0,0.60286,182.0,48.0,0.5660587,182.0,48.0,0.51658154,191.0,50.0,0.5251985,192.0,50.0,0.6351968,183.0,73.0,0.83426994,206.0,80.0,0.92024684,161.0,106.0,0.7499014,189.0,106.0,0.36832747,156.0,79.0,0.8888153,176.0,84.0,0.3371295,180.0,136.0,0.69336426,199.0,141.0,0.6809484,135.0,168.0,0.799119,186.0,200.0,0.8653888,188.0,166.0,0.5098498,186.0,260.0,0.8105964,7,tree
tree/girl2_tree104.jpg,120.0,49.0,0.43970165,116.0,45.0,0.3101665,119.0,46.0,0.50829995,101.0,49.0,0.37293723,112.0,48.0,0.45265743,96.0,77.0,0.6855284,116.0,72.0,0.63143057,115.0,105.0,0.14255695,137.0,106.0,0.57108486,141.0,81.0,0.20554793,144.0,81.0,0.74415994,102.0,140.0,0.66111076,119.0,138.0,0.6938596,114.0,201.0,0.81167305,165.0,170.0,0.7767805,115.0,262.0,0.66342425,109.0,168.0,0.59701765,7,tree
tree/girl2_tree104_flipped.jpg,178.0,55.0,0.59094095,181.0,50.0,0.55315155,181.0,50.0,0.5744277,188.0,51.0,0.68371475,191.0,52.0,0.48064563,183.0,75.0,0.8209664,203.0,81.0,0.8913211,160.0,107.0,0.76883566,187.0,106.0,0.35157856,155.0,81.0,0.9044946,175.0,84.0,0.30595967,179.0,136.0,0.7219597,196.0,141.0,0.64170897,134.0,168.0,0.8501574,184.0,199.0,0.8976559,190.0,171.0,0.4178035,184.0,258.0,0.73258513,7,tree
tree/girl2_tree105.jpg,121.0,49.0,0.35758933,115.0,46.0,0.23086728,120.0,46.0,0.32587534,101.0,49.0,0.32488,114.0,49.0,0.50130343,97.0,78.0,0.7072215,117.0,73.0,0.65608716,109.0,103.0,0.18640447,139.0,107.0,0.49319226,119.0,73.0,0.1848818,145.0,82.0,0.7011924,104.0,140.0,0.7223189,120.0,137.0,0.72497773,115.0,203.0,0.7645893,164.0,169.0,0.72162235,116.0,260.0,0.60717845,112.0,167.0,0.5055835,7,tree
tree/girl2_tree105_flipped.jpg,177.0,56.0,0.63785243,179.0,50.0,0.59705055,179.0,51.0,0.6138903,187.0,51.0,0.59453666,188.0,52.0,0.45204696,182.0,75.0,0.80136883,202.0,81.0,0.8910955,160.0,107.0,0.77437735,186.0,109.0,0.3563584,154.0,82.0,0.82495254,174.0,87.0,0.36680752,179.0,136.0,0.74461985,195.0,142.0,0.5850452,135.0,168.0,0.8862141,183.0,200.0,0.8945202,187.0,167.0,0.48021287,183.0,258.0,0.8123585,7,tree
tree/girl2_tree107.jpg,124.0,54.0,0.47300106,120.0,49.0,0.27462482,122.0,50.0,0.43584725,105.0,54.0,0.27012032,116.0,53.0,0.51653934,100.0,79.0,0.5727379,120.0,75.0,0.5539237,116.0,104.0,0.115937285,141.0,108.0,0.47745177,140.0,83.0,0.117437534,148.0,84.0,0.645071,109.0,140.0,0.65965575,123.0,138.0,0.6940876,118.0,201.0,0.7887776,165.0,170.0,0.78135157,120.0,260.0,0.6930032,115.0,167.0,0.530879,7,tree
tree/girl2_tree107_flipped.jpg,173.0,57.0,0.40883768,176.0,52.0,0.4762821,174.0,52.0,0.35433888,184.0,53.0,0.62659574,184.0,53.0,0.43329164,180.0,76.0,0.6267841,196.0,81.0,0.61494005,158.0,108.0,0.68948764,187.0,111.0,0.2972018,152.0,84.0,0.623325,173.0,88.0,0.24879938,178.0,137.0,0.5757302,189.0,141.0,0.57708263,135.0,168.0,0.77688855,179.0,199.0,0.7409463,185.0,166.0,0.6251364,179.0,258.0,0.7534188,7,tree
tree/girl2_tree108.jpg,127.0,56.0,0.45052794,123.0,52.0,0.3321945,125.0,52.0,0.57440543,108.0,56.0,0.34861198,119.0,54.0,0.55638385,105.0,81.0,0.67069423,122.0,76.0,0.55234325,112.0,107.0,0.20026763,142.0,109.0,0.6123563,145.0,84.0,0.17471275,149.0,85.0,0.6779412,109.0,141.0,0.54069823,124.0,139.0,0.71500266,120.0,201.0,0.81045175,166.0,170.0,0.86025274,121.0,257.0,0.5549613,115.0,167.0,0.49041894,7,tree
tree/girl2_tree108_flipped.jpg,171.0,59.0,0.50815046,173.0,54.0,0.47108424,173.0,54.0,0.44093156,182.0,56.0,0.5806889,184.0,56.0,0.31589612,179.0,78.0,0.5651436,196.0,82.0,0.6286668,157.0,109.0,0.7274549,190.0,112.0,0.42621225,151.0,86.0,0.80886596,171.0,89.0,0.23548701,175.0,139.0,0.8121276,190.0,142.0,0.6937649,135.0,168.0,0.79860723,178.0,200.0,0.8472904,183.0,167.0,0.49052855,177.0,258.0,0.75367653,7,tree
tree/girl2_tree109.jpg,129.0,55.0,0.40804785,124.0,52.0,0.25754738,127.0,52.0,0.47266477,109.0,57.0,0.32522547,121.0,55.0,0.4526877,107.0,81.0,0.64710504,124.0,77.0,0.4910861,141.0,107.0,0.32569212,143.0,109.0,0.44701612,148.0,85.0,0.20636497,151.0,85.0,0.67303383,112.0,142.0,0.6136664,125.0,139.0,0.67186,123.0,200.0,0.74628115,167.0,170.0,0.5463068,125.0,258.0,0.4374506,117.0,168.0,0.48950976,7,tree
tree/girl2_tree109_flipped.jpg,171.0,59.0,0.5350357,172.0,55.0,0.60329807,173.0,55.0,0.5543887,177.0,56.0,0.64107496,184.0,57.0,0.5620465,175.0,78.0,0.7339502,195.0,83.0,0.86656183,155.0,109.0,0.6613847,182.0,110.0,0.27120036,149.0,86.0,0.8664997,170.0,90.0,0.23350932,175.0,138.0,0.64604706,186.0,141.0,0.58019775,133.0,169.0,0.85441655,175.0,199.0,0.9118068,188.0,173.0,0.57048553,176.0,252.0,0.5147902,7,tree
tree/girl2_tree110.jpg,134.0,58.0,0.3987475,130.0,55.0,0.25698107,132.0,55.0,0.47228864,114.0,57.0,0.25666934,124.0,56.0,0.48640922,110.0,82.0,0.47499555,125.0,79.0,0.5263269,143.0,107.0,0.34626436,145.0,109.0,0.49615407,151.0,85.0,0.23259985,153.0,86.0,0.63434553,115.0,141.0,0.57958186,127.0,139.0,0.66259587,125.0,200.0,0.76468253,167.0,171.0,0.7511492,125.0,253.0,0.20256016,119.0,168.0,0.4526024,7,tree
tree/girl2_tree111.jpg,133.0,59.0,0.45663807,129.0,55.0,0.2891708,132.0,55.0,0.41017735,113.0,58.0,0.2601921,124.0,57.0,0.4794172,111.0,83.0,0.7281045,126.0,79.0,0.6178125,128.0,106.0,0.11895581,146.0,111.0,0.585788,149.0,83.0,0.14097263,155.0,85.0,0.45303622,117.0,141.0,0.6639096,130.0,139.0,0.6975759,127.0,200.0,0.70501757,169.0,171.0,0.72320366,129.0,256.0,0.499774,122.0,168.0,0.45542312,7,tree
tree/girl2_tree111_flipped.jpg,168.0,58.0,0.5034958,171.0,53.0,0.6037792,169.0,53.0,0.68990207,180.0,57.0,0.6510876,177.0,57.0,0.38042665,175.0,80.0,0.7167434,185.0,84.0,0.675607,153.0,111.0,0.58315086,175.0,113.0,0.28733745,147.0,88.0,0.7929647,150.0,88.0,0.33246768,171.0,138.0,0.75509346,178.0,141.0,0.6052947,130.0,170.0,0.8573056,170.0,199.0,0.83618367,179.0,168.0,0.56157714,172.0,251.0,0.60653174,7,tree
tree/girl2_tree116.jpg,139.0,65.0,0.37482142,135.0,61.0,0.3631937,138.0,61.0,0.3945104,123.0,65.0,0.29088134,130.0,63.0,0.5094668,122.0,86.0,0.64404106,131.0,85.0,0.6351503,146.0,99.0,0.15418418,158.0,106.0,0.49997377,153.0,79.0,0.43153366,155.0,79.0,0.40503106,125.0,144.0,0.6941392,136.0,142.0,0.6933663,136.0,200.0,0.6714545,171.0,173.0,0.76535803,136.0,252.0,0.41507974,130.0,169.0,0.48484886,7,tree
tree/girl2_tree116_flipped.jpg,162.0,67.0,0.53945935,164.0,62.0,0.58210254,164.0,63.0,0.5340668,169.0,63.0,0.54933316,173.0,65.0,0.47104996,168.0,84.0,0.7782326,181.0,87.0,0.61988884,143.0,106.0,0.7285418,170.0,105.0,0.13719769,146.0,82.0,0.7000425,148.0,81.0,0.4350094,166.0,142.0,0.77498513,175.0,145.0,0.5321644,129.0,172.0,0.84406656,163.0,201.0,0.9205041,174.0,168.0,0.61321026,164.0,251.0,0.5645894,7,tree
tree/girl2_tree117.jpg,140.0,60.0,0.3192394,135.0,57.0,0.2437188,138.0,57.0,0.45315352,120.0,61.0,0.3475383,131.0,60.0,0.38124475,120.0,85.0,0.58553123,131.0,85.0,0.5117202,156.0,102.0,0.22086185,159.0,104.0,0.57548535,152.0,78.0,0.36280203,155.0,77.0,0.45490327,126.0,144.0,0.53443706,137.0,141.0,0.49713525,137.0,199.0,0.70337176,171.0,172.0,0.53852403,137.0,250.0,0.239508,128.0,169.0,0.5006687,7,tree
tree/girl2_tree117_flipped.jpg,162.0,63.0,0.52311045,164.0,59.0,0.40810457,164.0,59.0,0.40459618,170.0,62.0,0.43420938,174.0,62.0,0.4557619,169.0,85.0,0.5979416,182.0,87.0,0.7295625,140.0,104.0,0.5947412,166.0,109.0,0.26546964,145.0,80.0,0.5781827,146.0,80.0,0.48165122,164.0,141.0,0.78857005,172.0,144.0,0.7088876,129.0,173.0,0.75539213,162.0,201.0,0.9462993,174.0,168.0,0.64206374,163.0,251.0,0.52733946,7,tree
tree/girl2_tree119_flipped.jpg,157.0,65.0,0.42368,160.0,61.0,0.5086483,159.0,61.0,0.46247488,169.0,63.0,0.5275997,172.0,64.0,0.427333,171.0,85.0,0.6264133,177.0,87.0,0.7096538,137.0,99.0,0.61652136,167.0,95.0,0.13657328,147.0,76.0,0.5220388,148.0,76.0,0.34654355,162.0,142.0,0.8094156,170.0,147.0,0.69609267,130.0,172.0,0.83279014,162.0,201.0,0.88069975,171.0,166.0,0.6203183,161.0,256.0,0.84506434,7,tree
tree/girl2_tree120.jpg,140.0,62.0,0.52722967,137.0,59.0,0.4391488,138.0,59.0,0.6379088,126.0,61.0,0.5437403,130.0,61.0,0.6615881,120.0,86.0,0.73098123,134.0,82.0,0.6060451,133.0,108.0,0.17023848,162.0,97.0,0.6979078,144.0,86.0,0.16918026,151.0,75.0,0.59415233,130.0,144.0,0.8042378,136.0,143.0,0.7009331,137.0,201.0,0.8744219,171.0,174.0,0.86129093,138.0,257.0,0.78955376,129.0,171.0,0.5482576,7,tree
tree/girl2_tree120_flipped.jpg,160.0,63.0,0.53433806,162.0,60.0,0.5034039,162.0,61.0,0.4247642,171.0,63.0,0.61811984,172.0,64.0,0.58475506,173.0,85.0,0.7576488,172.0,86.0,0.5955347,138.0,95.0,0.55127454,140.0,95.0,0.35608602,148.0,74.0,0.48186463,147.0,75.0,0.3831255,165.0,142.0,0.49905792,167.0,145.0,0.7245915,129.0,173.0,0.824537,159.0,202.0,0.9210122,173.0,169.0,0.6240362,161.0,252.0,0.64241153,7,tree
tree/girl2_tree121.jpg,141.0,61.0,0.45423847,137.0,58.0,0.42473063,138.0,59.0,0.5613671,124.0,63.0,0.31282783,131.0,61.0,0.6129101,123.0,87.0,0.6410552,132.0,85.0,0.48782805,139.0,106.0,0.10903785,162.0,94.0,0.5618101,152.0,78.0,0.17205027,153.0,76.0,0.21765147,130.0,145.0,0.71043754,137.0,144.0,0.6232914,138.0,202.0,0.78931177,169.0,175.0,0.8152228,139.0,257.0,0.6251812,129.0,171.0,0.5384605,7,tree
tree/girl2_tree121_flipped.jpg,160.0,64.0,0.44416437,163.0,60.0,0.58357775,163.0,60.0,0.5595598,171.0,63.0,0.67176974,173.0,65.0,0.435526,173.0,84.0,0.6627611,176.0,87.0,0.54105115,138.0,93.0,0.5457978,139.0,93.0,0.3338614,147.0,75.0,0.45100892,148.0,78.0,0.22447954,165.0,142.0,0.60138524,168.0,146.0,0.5908812,131.0,173.0,0.9143137,161.0,203.0,0.9006877,175.0,171.0,0.5791464,161.0,257.0,0.79729927,7,tree
tree/girl2_tree122_flipped.jpg,164.0,63.0,0.50611526,167.0,60.0,0.5898788,165.0,60.0,0.593143,176.0,64.0,0.68786025,174.0,64.0,0.388015,174.0,85.0,0.7424271,175.0,87.0,0.676812,137.0,92.0,0.5727566,156.0,105.0,0.18934895,148.0,78.0,0.35098702,147.0,78.0,0.38500288,165.0,144.0,0.6741353,170.0,148.0,0.6432719,131.0,174.0,0.82929564,161.0,204.0,0.897851,177.0,174.0,0.50207365,162.0,257.0,0.8857035,7,tree
tree/girl2_tree123.jpg,139.0,65.0,0.46986517,135.0,61.0,0.5649054,136.0,61.0,0.67424953,127.0,64.0,0.58777606,130.0,63.0,0.6441774,122.0,87.0,0.82065845,130.0,83.0,0.6809679,131.0,92.0,0.17071797,162.0,88.0,0.75347507,149.0,79.0,0.19868977,150.0,72.0,0.53955615,130.0,146.0,0.8139652,138.0,145.0,0.7314034,139.0,203.0,0.84956145,168.0,176.0,0.8875096,138.0,258.0,0.6416274,127.0,172.0,0.7003963,7,tree
tree/girl2_tree123_flipped.jpg,163.0,67.0,0.45979142,166.0,64.0,0.46710837,166.0,64.0,0.5038034,174.0,65.0,0.5955292,174.0,66.0,0.619894,173.0,86.0,0.5612506,178.0,88.0,0.6552559,136.0,88.0,0.47967646,160.0,95.0,0.10990165,147.0,78.0,0.37242278,147.0,80.0,0.45855153,164.0,146.0,0.63146096,169.0,151.0,0.5949656,132.0,176.0,0.7756696,161.0,204.0,0.9533092,176.0,169.0,0.46253043,162.0,257.0,0.9062818,7,tree
tree/girl2_tree124.jpg,137.0,63.0,0.4906457,133.0,60.0,0.38153765,134.0,61.0,0.5679614,122.0,63.0,0.30031544,129.0,63.0,0.6202281,122.0,88.0,0.56126666,131.0,86.0,0.6637291,145.0,86.0,0.1596322,162.0,85.0,0.5948417,150.0,69.0,0.29489285,152.0,71.0,0.1652391,131.0,148.0,0.6104253,138.0,145.0,0.65745854,139.0,204.0,0.81331795,167.0,177.0,0.7223989,138.0,258.0,0.47130036,127.0,173.0,0.59237176,7,tree
tree/girl2_tree124_flipped.jpg,163.0,67.0,0.5101947,165.0,63.0,0.49088007,166.0,64.0,0.5270091,172.0,66.0,0.69290537,173.0,67.0,0.57008004,173.0,85.0,0.66791344,179.0,87.0,0.73840827,136.0,85.0,0.6652881,165.0,90.0,0.13038418,144.0,77.0,0.33102003,144.0,78.0,0.4535009,163.0,145.0,0.8430916,167.0,148.0,0.7814894,133.0,176.0,0.82166344,160.0,204.0,0.9395524,178.0,173.0,0.45405355,161.0,257.0,0.83192176,7,tree
tree/girl2_tree125.jpg,137.0,65.0,0.34844777,134.0,61.0,0.39505345,135.0,61.0,0.60004437,124.0,65.0,0.3621677,128.0,64.0,0.6468264,122.0,87.0,0.45278245,129.0,85.0,0.6196306,145.0,84.0,0.19459836,161.0,83.0,0.5675689,155.0,76.0,0.356713,158.0,78.0,0.25553125,130.0,148.0,0.6928093,137.0,146.0,0.7325772,138.0,205.0,0.7514383,165.0,178.0,0.6645762,138.0,258.0,0.46261758,124.0,174.0,0.51090044,7,tree
tree/girl2_tree125_flipped.jpg,162.0,69.0,0.57147956,164.0,64.0,0.59206384,164.0,65.0,0.6098126,173.0,65.0,0.52566785,173.0,66.0,0.5258362,174.0,85.0,0.70794,180.0,87.0,0.7703572,138.0,83.0,0.6988774,171.0,91.0,0.1808116,143.0,80.0,0.48712668,143.0,79.0,0.47434717,165.0,144.0,0.7274381,169.0,148.0,0.6185955,134.0,178.0,0.7879891,161.0,205.0,0.8583005,177.0,170.0,0.6260925,162.0,258.0,0.85747945,7,tree
tree/girl2_tree126.jpg,138.0,65.0,0.4222618,134.0,62.0,0.3071194,135.0,62.0,0.33946246,124.0,64.0,0.24680278,127.0,64.0,0.5916062,121.0,87.0,0.6908182,128.0,84.0,0.477505,129.0,91.0,0.14714627,155.0,83.0,0.47655767,154.0,80.0,0.20378818,161.0,78.0,0.43040657,129.0,148.0,0.60750794,137.0,146.0,0.63500786,138.0,204.0,0.8018446,164.0,180.0,0.66424656,137.0,258.0,0.65300566,124.0,173.0,0.5079229,7,tree
tree/girl2_tree126_flipped.jpg,162.0,67.0,0.53660625,165.0,63.0,0.53241056,165.0,64.0,0.46911258,174.0,65.0,0.48774853,175.0,66.0,0.41416395,174.0,85.0,0.48197925,182.0,89.0,0.5877627,141.0,81.0,0.42900625,176.0,108.0,0.2785246,141.0,79.0,0.427235,143.0,82.0,0.29229257,167.0,145.0,0.60556567,172.0,149.0,0.5429798,136.0,178.0,0.7435175,162.0,205.0,0.8113282,176.0,171.0,0.62658304,162.0,258.0,0.83099127,7,tree
tree/girl2_tree128.jpg,136.0,66.0,0.4297428,132.0,62.0,0.39444777,133.0,62.0,0.4289753,122.0,66.0,0.28940034,123.0,65.0,0.4699338,122.0,89.0,0.6591369,125.0,83.0,0.61149716,140.0,103.0,0.14559233,152.0,76.0,0.46660843,159.0,85.0,0.253881,159.0,79.0,0.31503847,129.0,150.0,0.62169075,134.0,147.0,0.7154727,137.0,206.0,0.7623427,160.0,183.0,0.4849977,136.0,260.0,0.6484909,122.0,175.0,0.53732514,7,tree
tree/girl2_tree128_flipped.jpg,164.0,68.0,0.6079473,167.0,64.0,0.5837431,166.0,64.0,0.5124047,176.0,66.0,0.47424123,175.0,66.0,0.47519243,177.0,86.0,0.6946665,178.0,89.0,0.75292933,159.0,82.0,0.45566195,161.0,88.0,0.19468437,145.0,78.0,0.529368,143.0,82.0,0.45398614,168.0,146.0,0.79613465,170.0,149.0,0.66141224,137.0,181.0,0.8093155,163.0,208.0,0.80566686,176.0,172.0,0.68112886,163.0,258.0,0.8740293,7,tree
tree/girl2_tree133.jpg,130.0,66.0,0.41708907,127.0,63.0,0.62271476,127.0,63.0,0.5839817,120.0,68.0,0.36757436,118.0,68.0,0.42855224,123.0,87.0,0.6301359,119.0,87.0,0.711739,140.0,61.0,0.3009431,138.0,60.0,0.6251117,164.0,64.0,0.48975548,165.0,62.0,0.36586955,128.0,153.0,0.7904715,130.0,151.0,0.70673215,134.0,208.0,0.767858,155.0,188.0,0.66632724,133.0,263.0,0.6476159,119.0,178.0,0.61533856,7,tree
tree/girl2_tree133_flipped.jpg,169.0,70.0,0.5055989,172.0,67.0,0.660856,172.0,67.0,0.6197086,181.0,70.0,0.7183429,179.0,70.0,0.6325418,181.0,88.0,0.86391544,181.0,89.0,0.8746997,161.0,62.0,0.68551505,168.0,73.0,0.12558274,136.0,62.0,0.39570323,135.0,62.0,0.55716515,170.0,150.0,0.65024793,172.0,152.0,0.83941543,144.0,188.0,0.5220503,165.0,211.0,0.92894745,181.0,176.0,0.823694,166.0,262.0,0.820114,7,tree
tree/girl2_tree134.jpg,129.0,69.0,0.3799053,127.0,66.0,0.5845233,125.0,67.0,0.4837822,121.0,70.0,0.3133548,118.0,71.0,0.4243401,122.0,90.0,0.7470491,118.0,90.0,0.67409277,136.0,61.0,0.2873362,135.0,61.0,0.5386581,160.0,59.0,0.47836196,162.0,57.0,0.32219467,127.0,153.0,0.7952256,129.0,151.0,0.75187457,134.0,208.0,0.5853807,153.0,189.0,0.6160277,133.0,263.0,0.54627013,119.0,179.0,0.5798584,7,tree
tree/girl2_tree134_flipped.jpg,169.0,71.0,0.47050545,172.0,68.0,0.5506053,172.0,67.0,0.40702042,181.0,71.0,0.5822047,180.0,71.0,0.6828823,181.0,91.0,0.7164298,180.0,91.0,0.8691915,165.0,62.0,0.6982614,164.0,62.0,0.49198085,137.0,57.0,0.41932026,138.0,57.0,0.67585266,170.0,151.0,0.7806225,173.0,153.0,0.6518946,145.0,189.0,0.62262857,165.0,212.0,0.8714547,181.0,177.0,0.828179,166.0,264.0,0.80598176,7,tree
tree/girl2_tree135.jpg,134.0,71.0,0.49129894,130.0,68.0,0.57076466,130.0,68.0,0.45054486,122.0,71.0,0.47577703,121.0,72.0,0.4754352,121.0,91.0,0.73460346,118.0,91.0,0.79262817,133.0,62.0,0.37545058,133.0,60.0,0.7877983,159.0,51.0,0.4186105,161.0,49.0,0.59320164,127.0,153.0,0.827221,129.0,151.0,0.75682366,134.0,209.0,0.74112195,153.0,190.0,0.7050929,133.0,265.0,0.5467535,120.0,180.0,0.68189836,7,tree
tree/girl2_tree135_flipped.jpg,168.0,71.0,0.41114277,171.0,67.0,0.40169108,172.0,68.0,0.426761,180.0,71.0,0.5610515,181.0,71.0,0.7585872,182.0,91.0,0.7056875,180.0,91.0,0.8482885,166.0,59.0,0.6040007,166.0,59.0,0.63068134,141.0,49.0,0.45251903,142.0,49.0,0.6969482,171.0,152.0,0.8327135,172.0,154.0,0.5641167,147.0,191.0,0.4557847,166.0,212.0,0.91378325,182.0,179.0,0.8096825,168.0,264.0,0.72884345,7,tree
tree/girl2_tree136.jpg,133.0,71.0,0.37265033,130.0,68.0,0.614506,130.0,68.0,0.43308935,122.0,71.0,0.43516704,119.0,72.0,0.46456453,123.0,92.0,0.7483016,118.0,92.0,0.65355945,131.0,60.0,0.33526474,132.0,59.0,0.7680752,155.0,45.0,0.24689125,157.0,44.0,0.60878175,128.0,153.0,0.83536875,129.0,152.0,0.8127505,134.0,210.0,0.8442644,152.0,191.0,0.65371513,133.0,265.0,0.45583144,120.0,181.0,0.66814864,7,tree
tree/girl2_tree136_flipped.jpg,167.0,72.0,0.4797547,170.0,68.0,0.55703473,171.0,69.0,0.5113926,180.0,72.0,0.7266177,181.0,72.0,0.7479105,182.0,92.0,0.64117634,180.0,92.0,0.8315328,168.0,58.0,0.66910744,168.0,59.0,0.62434196,146.0,44.0,0.5160749,147.0,44.0,0.6976999,171.0,153.0,0.85076565,173.0,155.0,0.58224815,147.0,191.0,0.5686108,165.0,213.0,0.91585076,182.0,179.0,0.80308044,167.0,264.0,0.7294972,7,tree
tree/girl2_tree137.jpg,135.0,71.0,0.5317503,131.0,68.0,0.57108706,131.0,68.0,0.5826474,122.0,71.0,0.52838147,120.0,73.0,0.6909802,124.0,93.0,0.735397,118.0,95.0,0.719762,130.0,60.0,0.29960158,129.0,58.0,0.49205548,148.0,41.0,0.18750915,147.0,41.0,0.3469252,129.0,154.0,0.82638687,129.0,153.0,0.80973744,135.0,212.0,0.8603334,152.0,191.0,0.6276466,133.0,266.0,0.47709095,120.0,181.0,0.6551012,7,tree
tree/girl2_tree137_flipped.jpg,165.0,74.0,0.5838161,169.0,69.0,0.5570919,169.0,69.0,0.5732385,179.0,73.0,0.6284609,179.0,73.0,0.6523411,180.0,93.0,0.8048294,179.0,93.0,0.8438294,169.0,57.0,0.62113345,169.0,58.0,0.5764426,151.0,39.0,0.4715068,151.0,39.0,0.56885135,170.0,153.0,0.84627175,172.0,156.0,0.6121566,148.0,193.0,0.40051162,165.0,214.0,0.8722581,181.0,179.0,0.8043973,167.0,265.0,0.73214614,7,tree
tree/girl2_tree139.jpg,137.0,72.0,0.4208339,134.0,70.0,0.6295997,134.0,69.0,0.41298872,124.0,73.0,0.537471,124.0,73.0,0.4270339,124.0,94.0,0.78394824,120.0,94.0,0.8371967,129.0,59.0,0.2315702,128.0,57.0,0.54673827,137.0,42.0,0.2592653,137.0,42.0,0.42118067,130.0,156.0,0.84739256,130.0,156.0,0.8492784,135.0,214.0,0.83114743,149.0,195.0,0.4002229,133.0,268.0,0.48178187,120.0,183.0,0.5344647,7,tree
tree/girl2_tree139_flipped.jpg,163.0,75.0,0.535459,166.0,70.0,0.5727439,166.0,70.0,0.41457894,177.0,73.0,0.6731503,177.0,73.0,0.48183924,179.0,94.0,0.8337036,178.0,94.0,0.8097785,172.0,59.0,0.61632544,171.0,58.0,0.32261598,165.0,42.0,0.25131953,163.0,43.0,0.39922342,169.0,154.0,0.68984294,171.0,157.0,0.78227603,148.0,194.0,0.49383867,164.0,215.0,0.91358715,180.0,180.0,0.7500128,166.0,267.0,0.8893196,7,tree
tree/girl2_tree140.jpg,138.0,72.0,0.5213963,134.0,69.0,0.5588248,134.0,69.0,0.56221485,124.0,73.0,0.56905687,123.0,74.0,0.61274004,126.0,95.0,0.7690539,121.0,95.0,0.86027586,130.0,61.0,0.21351646,130.0,58.0,0.46214503,136.0,44.0,0.34280917,136.0,45.0,0.4777637,131.0,157.0,0.8402453,131.0,156.0,0.83113945,137.0,214.0,0.7836286,150.0,195.0,0.47259334,134.0,268.0,0.5498581,121.0,183.0,0.6105705,7,tree
tree/girl2_tree140_flipped.jpg,161.0,76.0,0.49533132,165.0,71.0,0.35368592,164.0,71.0,0.48525086,175.0,74.0,0.7175089,175.0,74.0,0.74285454,178.0,95.0,0.79705435,177.0,95.0,0.7910529,170.0,59.0,0.57121336,170.0,61.0,0.18592285,165.0,44.0,0.33178678,165.0,45.0,0.32562608,169.0,155.0,0.7002821,170.0,157.0,0.7485074,148.0,195.0,0.47588852,162.0,216.0,0.8761842,178.0,180.0,0.7781991,165.0,267.0,0.8775231,7,tree
tree/girl2_tree141.jpg,140.0,73.0,0.5023855,136.0,70.0,0.58738816,136.0,70.0,0.605759,126.0,74.0,0.6366627,125.0,74.0,0.5886166,128.0,95.0,0.7534585,123.0,95.0,0.8616104,132.0,61.0,0.20310226,131.0,57.0,0.71562856,138.0,45.0,0.35590202,137.0,45.0,0.4469903,133.0,157.0,0.84645265,133.0,156.0,0.82964563,138.0,215.0,0.76959795,149.0,199.0,0.3489637,135.0,268.0,0.5194014,123.0,183.0,0.6131138,7,tree
tree/girl2_tree141_flipped.jpg,160.0,77.0,0.5155636,163.0,72.0,0.44293007,163.0,72.0,0.513679,174.0,75.0,0.7283379,173.0,75.0,0.71004355,176.0,96.0,0.69597733,176.0,96.0,0.77418107,169.0,60.0,0.57773936,169.0,62.0,0.20956542,164.0,45.0,0.38980705,165.0,49.0,0.36915034,167.0,156.0,0.6761153,169.0,158.0,0.7691242,148.0,196.0,0.45169583,161.0,217.0,0.91172385,178.0,182.0,0.73430496,164.0,269.0,0.8536297,7,tree
tree/girl2_tree144.jpg,146.0,74.0,0.43339914,142.0,72.0,0.57379806,142.0,71.0,0.4689321,133.0,76.0,0.6858242,132.0,75.0,0.64023525,133.0,97.0,0.74722326,129.0,97.0,0.7663825,137.0,70.0,0.16214469,136.0,60.0,0.5385686,140.0,51.0,0.1699748,142.0,47.0,0.5984534,138.0,159.0,0.8380149,136.0,159.0,0.8568047,144.0,215.0,0.4800619,148.0,210.0,0.35294318,139.0,270.0,0.31025377,139.0,270.0,0.50989103,7,tree
tree/girl2_tree144_flipped.jpg,154.0,78.0,0.5869205,157.0,73.0,0.5854267,157.0,73.0,0.56359553,168.0,75.0,0.7223301,167.0,75.0,0.6583885,171.0,96.0,0.6770698,170.0,97.0,0.76806617,163.0,59.0,0.4933685,162.0,59.0,0.43197975,159.0,46.0,0.24414144,159.0,50.0,0.25630125,164.0,157.0,0.77205837,163.0,159.0,0.81643057,149.0,201.0,0.33570603,157.0,216.0,0.7691665,173.0,185.0,0.6962394,162.0,268.0,0.6472281,7,tree
tree/girl2_tree145.jpg,148.0,74.0,0.43042144,144.0,72.0,0.53012544,144.0,71.0,0.4947436,135.0,75.0,0.5996416,133.0,75.0,0.5254307,135.0,97.0,0.59343696,131.0,97.0,0.76939476,139.0,63.0,0.18040651,138.0,61.0,0.5927638,144.0,48.0,0.19645761,143.0,48.0,0.30697227,141.0,159.0,0.80183125,138.0,159.0,0.839738,148.0,206.0,0.20064946,146.0,216.0,0.6347089,127.0,187.0,0.37456617,140.0,270.0,0.47601664,7,tree
tree/girl2_tree145_flipped.jpg,151.0,78.0,0.5769398,155.0,74.0,0.51340884,154.0,74.0,0.4699792,165.0,76.0,0.44269434,165.0,76.0,0.66411936,168.0,97.0,0.7112647,168.0,98.0,0.75555396,161.0,60.0,0.56835824,160.0,60.0,0.4122259,156.0,46.0,0.24249312,158.0,50.0,0.21533065,162.0,160.0,0.8621787,161.0,160.0,0.82182395,152.0,212.0,0.57262456,156.0,215.0,0.48664156,160.0,269.0,0.38681877,173.0,186.0,0.45155194,7,tree
tree/girl2_tree146.jpg,149.0,76.0,0.5143525,146.0,72.0,0.5654197,146.0,72.0,0.52379024,136.0,76.0,0.5283793,135.0,76.0,0.55001765,137.0,97.0,0.5790615,132.0,97.0,0.7909771,141.0,61.0,0.21218614,141.0,58.0,0.5889237,145.0,50.0,0.21451075,144.0,48.0,0.19365446,142.0,159.0,0.8826343,140.0,159.0,0.80032665,149.0,204.0,0.19913861,148.0,217.0,0.56637365,129.0,186.0,0.47659177,141.0,271.0,0.6342336,7,tree
tree/girl2_tree146_flipped.jpg,148.0,78.0,0.51334596,152.0,73.0,0.611555,151.0,73.0,0.5163605,162.0,75.0,0.5809255,162.0,76.0,0.6199841,166.0,97.0,0.73624563,165.0,98.0,0.7450808,158.0,61.0,0.5508232,158.0,60.0,0.4250216,154.0,47.0,0.2728694,153.0,47.0,0.35017326,159.0,160.0,0.88098717,159.0,160.0,0.84486103,150.0,213.0,0.5461105,153.0,214.0,0.52424955,159.0,271.0,0.41591316,171.0,187.0,0.5915183,7,tree
tree/girl2_tree147.jpg,152.0,76.0,0.44286743,148.0,74.0,0.65004647,148.0,73.0,0.5778812,139.0,76.0,0.6637032,138.0,76.0,0.6944356,139.0,98.0,0.68262386,135.0,98.0,0.8332988,143.0,61.0,0.33193496,142.0,59.0,0.5601928,149.0,46.0,0.23793983,148.0,46.0,0.34946772,144.0,159.0,0.72778034,142.0,160.0,0.8818907,150.0,202.0,0.19259685,149.0,217.0,0.7181208,130.0,187.0,0.5771768,142.0,271.0,0.8331473,7,tree
tree/girl2_tree147_flipped.jpg,147.0,78.0,0.5802647,151.0,73.0,0.5859976,150.0,73.0,0.5547478,162.0,76.0,0.50457275,162.0,76.0,0.41753393,165.0,98.0,0.6494691,164.0,98.0,0.7724588,156.0,60.0,0.5374086,155.0,59.0,0.41826966,150.0,44.0,0.2793717,150.0,43.0,0.30833295,156.0,161.0,0.8594428,157.0,160.0,0.7348318,149.0,217.0,0.7107029,150.0,214.0,0.5156678,157.0,271.0,0.6353934,169.0,187.0,0.73001647,7,tree
tree/girl2_tree148.jpg,155.0,77.0,0.5184258,152.0,73.0,0.51685894,152.0,73.0,0.6242,142.0,75.0,0.31937686,143.0,75.0,0.3325744,140.0,97.0,0.72314155,136.0,97.0,0.7487995,145.0,62.0,0.27686742,144.0,62.0,0.52686465,151.0,47.0,0.133235,151.0,42.0,0.34776327,147.0,161.0,0.6908195,144.0,162.0,0.81632084,151.0,204.0,0.1365767,150.0,218.0,0.70571524,131.0,187.0,0.48686495,144.0,273.0,0.81952405,7,tree
tree/girl2_tree148_flipped.jpg,145.0,78.0,0.563708,148.0,73.0,0.51468444,148.0,73.0,0.4917871,160.0,76.0,0.7287674,159.0,75.0,0.6154081,162.0,97.0,0.71926755,161.0,98.0,0.77141947,154.0,60.0,0.6123238,153.0,59.0,0.41898102,148.0,44.0,0.21720336,147.0,45.0,0.33303237,155.0,162.0,0.8618844,155.0,161.0,0.7226907,148.0,218.0,0.820591,151.0,200.0,0.16549566,156.0,272.0,0.802613,168.0,186.0,0.7278775,7,tree
tree/girl2_tree149.jpg,156.0,77.0,0.44169775,153.0,74.0,0.6574558,152.0,74.0,0.56793135,143.0,76.0,0.62839234,142.0,76.0,0.6202327,143.0,97.0,0.6244179,138.0,97.0,0.81521595,149.0,61.0,0.3078563,147.0,59.0,0.50731266,154.0,46.0,0.14960162,152.0,47.0,0.25084493,150.0,161.0,0.7882819,146.0,162.0,0.84822255,152.0,207.0,0.13698503,153.0,220.0,0.6741189,133.0,188.0,0.5741875,145.0,273.0,0.7691958,7,tree
tree/girl2_tree149_flipped.jpg,143.0,78.0,0.5144328,147.0,74.0,0.59713924,146.0,74.0,0.62493396,158.0,76.0,0.7221998,157.0,77.0,0.6793208,161.0,98.0,0.81460524,158.0,99.0,0.7857864,152.0,61.0,0.5897521,150.0,62.0,0.47388095,146.0,44.0,0.24786036,145.0,44.0,0.3321447,152.0,162.0,0.70140666,152.0,162.0,0.7184619,147.0,218.0,0.6662967,149.0,206.0,0.30411687,155.0,273.0,0.79624724,168.0,189.0,0.62828094,7,tree
tree/girl2_tree150.jpg,159.0,75.0,0.4935286,155.0,73.0,0.5894363,155.0,72.0,0.52728176,146.0,76.0,0.5838258,144.0,76.0,0.5784097,145.0,98.0,0.608569,140.0,98.0,0.8029836,151.0,64.0,0.21331179,149.0,60.0,0.57609034,157.0,44.0,0.23824324,155.0,44.0,0.2893078,151.0,161.0,0.8635849,148.0,163.0,0.85072815,155.0,208.0,0.18154313,153.0,220.0,0.7213409,134.0,189.0,0.54557,146.0,274.0,0.7863488,7,tree
tree/girl2_tree150_flipped.jpg,140.0,79.0,0.5990325,144.0,74.0,0.5504731,143.0,74.0,0.46909443,155.0,76.0,0.6554816,155.0,76.0,0.65934426,159.0,98.0,0.5733126,157.0,98.0,0.7683383,150.0,61.0,0.661301,149.0,61.0,0.3934485,143.0,42.0,0.22829108,142.0,45.0,0.4747563,150.0,163.0,0.8690598,150.0,162.0,0.66503584,146.0,220.0,0.5831548,149.0,201.0,0.23233391,155.0,274.0,0.85776407,166.0,190.0,0.6561083,7,tree
tree/girl2_tree151.jpg,161.0,76.0,0.49190426,158.0,73.0,0.6481708,157.0,73.0,0.63181317,147.0,75.0,0.5148686,147.0,76.0,0.5863574,146.0,98.0,0.5992237,142.0,97.0,0.7603204,153.0,63.0,0.31073993,151.0,61.0,0.5468901,159.0,45.0,0.2741236,157.0,45.0,0.23171274,153.0,162.0,0.75679433,150.0,165.0,0.7494441,156.0,213.0,0.1889267,154.0,221.0,0.640916,136.0,189.0,0.49140498,146.0,275.0,0.85344297,7,tree
tree/girl2_tree151_flipped.jpg,139.0,77.0,0.5195159,142.0,73.0,0.70166934,141.0,72.0,0.6593851,154.0,75.0,0.71567047,153.0,75.0,0.6478392,156.0,98.0,0.7431973,155.0,98.0,0.7791456,148.0,62.0,0.59582245,146.0,60.0,0.38306996,141.0,44.0,0.2758213,140.0,44.0,0.41196817,149.0,163.0,0.7001766,148.0,162.0,0.68360645,144.0,219.0,0.6888165,146.0,207.0,0.28393117,153.0,274.0,0.8421941,164.0,189.0,0.646963,7,tree
tree/girl2_tree157.jpg,172.0,76.0,0.53279537,169.0,73.0,0.48744535,168.0,73.0,0.5833643,161.0,75.0,0.4413648,159.0,76.0,0.42682824,162.0,98.0,0.5873021,153.0,98.0,0.6619172,168.0,65.0,0.35745972,165.0,62.0,0.52001363,173.0,41.0,0.25022122,170.0,40.0,0.17134956,167.0,166.0,0.67656803,158.0,163.0,0.7690773,164.0,223.0,0.7901844,158.0,220.0,0.1681287,153.0,276.0,0.5449232,152.0,277.0,0.38313693,7,tree
tree/girl2_tree157_flipped.jpg,128.0,77.0,0.39506358,131.0,72.0,0.49808282,131.0,72.0,0.47430715,141.0,73.0,0.6250605,141.0,74.0,0.6739111,147.0,95.0,0.77010554,141.0,97.0,0.66578186,135.0,61.0,0.3963425,133.0,62.0,0.28105968,128.0,42.0,0.3648031,125.0,41.0,0.60034597,139.0,161.0,0.72270215,135.0,163.0,0.8399289,146.0,215.0,0.11951721,138.0,222.0,0.70089525,160.0,190.0,0.35805342,148.0,275.0,0.7125542,7,tree
tree/girl2_tree158.jpg,172.0,75.0,0.53438103,170.0,72.0,0.5677999,168.0,72.0,0.54866314,163.0,75.0,0.446195,157.0,75.0,0.5591568,165.0,98.0,0.5954648,153.0,98.0,0.7642664,171.0,66.0,0.34396178,165.0,64.0,0.33944562,173.0,51.0,0.10627407,171.0,44.0,0.13413276,169.0,165.0,0.72839737,158.0,162.0,0.83964145,164.0,224.0,0.6980607,158.0,218.0,0.14593112,153.0,276.0,0.6454779,153.0,277.0,0.43411747,7,tree
tree/girl2_tree158_flipped.jpg,127.0,77.0,0.5495846,131.0,72.0,0.49691838,129.0,72.0,0.45090035,141.0,73.0,0.62772495,141.0,73.0,0.6532191,147.0,94.0,0.7505998,137.0,96.0,0.7622094,135.0,59.0,0.60665447,130.0,60.0,0.39563757,129.0,40.0,0.15727282,131.0,49.0,0.10448872,139.0,162.0,0.78826,132.0,164.0,0.76941204,150.0,206.0,0.30803844,138.0,223.0,0.79763466,160.0,191.0,0.53433466,147.0,275.0,0.85733306,7,tree
tree/girl2_tree161_flipped.jpg,123.0,76.0,0.37594792,127.0,73.0,0.569854,126.0,73.0,0.53691185,138.0,74.0,0.6060735,136.0,74.0,0.602532,144.0,95.0,0.6559471,129.0,97.0,0.62188125,136.0,60.0,0.6896315,123.0,63.0,0.5233612,123.0,42.0,0.397649,115.0,41.0,0.60154504,138.0,160.0,0.74761236,127.0,164.0,0.870262,150.0,203.0,0.2884391,135.0,223.0,0.836238,159.0,190.0,0.47405663,145.0,276.0,0.8299848,7,tree
tree/girl2_tree162.jpg,174.0,75.0,0.4132135,174.0,73.0,0.573562,169.0,73.0,0.5126877,170.0,75.0,0.53559,159.0,77.0,0.5419532,170.0,98.0,0.49557364,157.0,99.0,0.8197414,180.0,67.0,0.43331373,165.0,63.0,0.46344876,184.0,43.0,0.24240232,171.0,43.0,0.360583,173.0,165.0,0.88067377,160.0,161.0,0.86581457,167.0,225.0,0.79175884,149.0,203.0,0.1615949,156.0,277.0,0.77575415,142.0,190.0,0.49639764,7,tree
tree/girl2_tree162_flipped.jpg,121.0,75.0,0.39012608,125.0,71.0,0.5312451,123.0,71.0,0.43616402,136.0,73.0,0.65214276,134.0,73.0,0.67658037,143.0,94.0,0.71939623,127.0,97.0,0.7815037,135.0,57.0,0.64931333,120.0,62.0,0.46381274,124.0,38.0,0.4147992,110.0,36.0,0.47350428,137.0,159.0,0.78044844,126.0,163.0,0.6739011,151.0,203.0,0.22484338,134.0,224.0,0.88899904,158.0,190.0,0.45499277,144.0,276.0,0.8054967,7,tree
tree/girl2_tree163_flipped.jpg,120.0,76.0,0.4374732,123.0,72.0,0.5264752,122.0,72.0,0.53292155,135.0,73.0,0.48034263,134.0,73.0,0.5090147,142.0,95.0,0.63111854,126.0,97.0,0.6473032,135.0,60.0,0.7314269,119.0,63.0,0.4214574,125.0,40.0,0.40978935,105.0,37.0,0.5887703,137.0,160.0,0.7474134,125.0,164.0,0.8059716,152.0,203.0,0.20959301,133.0,226.0,0.8182692,157.0,191.0,0.48531243,143.0,276.0,0.8958695,7,tree
tree/girl2_tree164.jpg,177.0,78.0,0.4801808,177.0,74.0,0.5412375,173.0,74.0,0.45793495,171.0,76.0,0.3685847,163.0,76.0,0.4911262,172.0,99.0,0.61936367,158.0,98.0,0.7998594,185.0,66.0,0.5602828,164.0,62.0,0.5367532,190.0,42.0,0.16470353,172.0,41.0,0.36781016,175.0,166.0,0.8772986,162.0,161.0,0.87330014,168.0,224.0,0.862196,146.0,202.0,0.15457514,156.0,276.0,0.85716605,144.0,189.0,0.5835704,7,tree
tree/girl2_tree164_flipped.jpg,118.0,76.0,0.4061748,121.0,72.0,0.5592999,121.0,72.0,0.6021898,133.0,74.0,0.5211415,132.0,73.0,0.50468457,141.0,94.0,0.5847033,125.0,97.0,0.6872833,135.0,60.0,0.70017886,114.0,63.0,0.47883815,125.0,41.0,0.44144422,102.0,41.0,0.7227088,137.0,160.0,0.76888514,125.0,164.0,0.8897959,153.0,202.0,0.23675269,133.0,226.0,0.8751846,158.0,193.0,0.3858753,144.0,278.0,0.8449556,7,tree
tree/girl2_tree165.jpg,177.0,73.0,0.41818354,178.0,71.0,0.5755314,172.0,71.0,0.55177915,176.0,75.0,0.44113782,161.0,75.0,0.33452156,175.0,99.0,0.38330445,159.0,99.0,0.68346065,187.0,65.0,0.58561146,165.0,61.0,0.41924918,195.0,44.0,0.27203986,169.0,44.0,0.23545237,176.0,167.0,0.7991404,162.0,161.0,0.89388037,168.0,225.0,0.87668896,145.0,202.0,0.19873172,156.0,277.0,0.84072185,143.0,193.0,0.62180793,7,tree
tree/girl2_tree165_flipped.jpg,117.0,79.0,0.46341243,121.0,74.0,0.4581004,119.0,75.0,0.55861425,133.0,75.0,0.66925055,129.0,76.0,0.6576952,141.0,95.0,0.70415163,123.0,98.0,0.77577436,135.0,59.0,0.6694271,112.0,63.0,0.5690503,125.0,39.0,0.5076102,100.0,35.0,0.76567376,137.0,161.0,0.8645695,123.0,165.0,0.76932603,155.0,202.0,0.47601968,133.0,227.0,0.71214235,159.0,192.0,0.38771394,143.0,277.0,0.91287565,7,tree
tree/girl2_tree168.jpg,181.0,75.0,0.547695,182.0,71.0,0.54298854,177.0,71.0,0.4806131,176.0,74.0,0.5728142,166.0,74.0,0.63385224,179.0,99.0,0.8144624,160.0,98.0,0.90882456,191.0,66.0,0.66151774,159.0,64.0,0.5936995,196.0,45.0,0.5052069,165.0,45.0,0.4601743,179.0,165.0,0.87468886,162.0,159.0,0.9126229,169.0,226.0,0.818681,142.0,201.0,0.5182202,157.0,279.0,0.8762685,142.0,193.0,0.64058435,7,tree
tree/girl2_tree168_flipped.jpg,116.0,77.0,0.36603132,119.0,73.0,0.5640477,117.0,73.0,0.43353245,130.0,75.0,0.76914126,125.0,75.0,0.65860736,139.0,97.0,0.80870837,121.0,97.0,0.7911267,138.0,62.0,0.76917684,110.0,67.0,0.65684104,131.0,44.0,0.5206524,101.0,40.0,0.74137664,137.0,161.0,0.8910441,121.0,166.0,0.80356026,158.0,203.0,0.38845843,132.0,228.0,0.88063425,160.0,193.0,0.5044049,142.0,278.0,0.8741558,7,tree
tree/girl2_tree169.jpg,181.0,76.0,0.5596515,180.0,73.0,0.58201015,176.0,73.0,0.5784812,175.0,76.0,0.48708278,166.0,76.0,0.63790095,179.0,100.0,0.78226,159.0,99.0,0.8961514,191.0,67.0,0.6015858,159.0,61.0,0.62511694,195.0,46.0,0.38496637,165.0,47.0,0.25776485,178.0,167.0,0.8809236,161.0,162.0,0.8908863,169.0,226.0,0.79958737,140.0,204.0,0.4622101,158.0,281.0,0.6973004,141.0,195.0,0.4546015,7,tree
tree/girl2_tree169_flipped.jpg,115.0,80.0,0.48601657,118.0,75.0,0.62102926,116.0,76.0,0.47606668,129.0,75.0,0.7269165,125.0,75.0,0.63592076,139.0,98.0,0.8959743,120.0,97.0,0.66149914,138.0,59.0,0.73382735,110.0,66.0,0.51931214,134.0,44.0,0.31511712,101.0,39.0,0.6851634,138.0,162.0,0.9277174,121.0,168.0,0.8583397,161.0,205.0,0.5618062,132.0,229.0,0.88780344,161.0,193.0,0.3477239,142.0,280.0,0.8949039,7,tree
tree/girl2_tree171.jpg,180.0,74.0,0.5071721,180.0,71.0,0.43831497,175.0,71.0,0.3992338,177.0,75.0,0.42097545,165.0,75.0,0.5725765,180.0,99.0,0.6607071,159.0,99.0,0.8671721,191.0,66.0,0.58515406,158.0,63.0,0.297234,194.0,44.0,0.33875465,161.0,44.0,0.2823147,179.0,167.0,0.9212329,161.0,160.0,0.8839316,168.0,228.0,0.74631447,137.0,204.0,0.61887956,157.0,281.0,0.9154927,141.0,193.0,0.5439912,7,tree
tree/girl2_tree171_flipped.jpg,116.0,79.0,0.45338485,119.0,76.0,0.569724,116.0,76.0,0.5416889,130.0,76.0,0.7496966,123.0,76.0,0.55838263,138.0,98.0,0.82006484,119.0,97.0,0.8247733,139.0,60.0,0.51032084,108.0,68.0,0.5008803,138.0,45.0,0.3465675,102.0,40.0,0.7762945,138.0,162.0,0.9340385,120.0,168.0,0.79957825,164.0,206.0,0.7520422,132.0,230.0,0.8364286,161.0,195.0,0.45076898,143.0,280.0,0.92473704,7,tree
tree/girl2_tree172.jpg,178.0,74.0,0.4278868,179.0,71.0,0.53063047,173.0,71.0,0.5412408,177.0,74.0,0.31386316,164.0,75.0,0.60324335,179.0,100.0,0.43056417,159.0,100.0,0.7696649,192.0,65.0,0.5685768,158.0,65.0,0.28955814,196.0,43.0,0.25208804,160.0,48.0,0.24145406,179.0,170.0,0.8247088,160.0,163.0,0.7526469,169.0,228.0,0.5583463,136.0,206.0,0.42793205,157.0,281.0,0.8138182,142.0,193.0,0.4329476,7,tree
tree/girl2_tree172_flipped.jpg,117.0,77.0,0.4994233,121.0,73.0,0.5051082,116.0,74.0,0.5938102,132.0,74.0,0.7176763,123.0,75.0,0.49302864,138.0,98.0,0.82120496,118.0,96.0,0.8320347,139.0,62.0,0.5242612,108.0,66.0,0.6321384,136.0,47.0,0.2558412,100.0,39.0,0.65820384,139.0,162.0,0.9438537,120.0,169.0,0.8843375,165.0,207.0,0.6778329,132.0,231.0,0.8563691,161.0,191.0,0.27913585,143.0,281.0,0.91743714,7,tree
tree/girl2_tree173.jpg,178.0,74.0,0.45682776,179.0,70.0,0.45505568,173.0,70.0,0.5472493,178.0,73.0,0.37408864,165.0,74.0,0.61113423,180.0,100.0,0.48696858,159.0,100.0,0.7303581,192.0,67.0,0.58889294,159.0,68.0,0.26447156,198.0,42.0,0.30634466,163.0,51.0,0.12941514,179.0,171.0,0.6429827,160.0,163.0,0.881966,168.0,228.0,0.8408812,135.0,205.0,0.6019714,157.0,282.0,0.87178326,140.0,193.0,0.46324697,7,tree
tree/girl2_tree173_flipped.jpg,115.0,76.0,0.4178137,119.0,72.0,0.5406474,115.0,72.0,0.6502458,131.0,72.0,0.49996987,123.0,73.0,0.42389935,138.0,98.0,0.8461567,119.0,96.0,0.6765171,140.0,63.0,0.40447405,107.0,65.0,0.6731664,137.0,47.0,0.25824863,97.0,35.0,0.80563235,139.0,162.0,0.9427608,119.0,169.0,0.85969967,166.0,207.0,0.7094728,132.0,232.0,0.8743984,162.0,190.0,0.28551048,142.0,281.0,0.85073805,7,tree
tree/girl2_tree176.jpg,176.0,77.0,0.6054127,177.0,73.0,0.56420386,172.0,73.0,0.60610557,173.0,77.0,0.4969595,164.0,78.0,0.61999565,182.0,99.0,0.76690006,157.0,102.0,0.7306284,194.0,67.0,0.5942394,156.0,63.0,0.4568924,199.0,42.0,0.4919294,159.0,42.0,0.27588522,178.0,170.0,0.8772973,159.0,164.0,0.9185894,167.0,230.0,0.8776873,132.0,206.0,0.6919714,157.0,282.0,0.89610326,137.0,193.0,0.48000485,7,tree
tree/girl2_tree176_flipped.jpg,118.0,76.0,0.5092057,123.0,72.0,0.5570137,118.0,72.0,0.6248802,134.0,73.0,0.57557213,122.0,74.0,0.60308933,141.0,95.0,0.75678825,116.0,93.0,0.7252718,140.0,59.0,0.57024664,107.0,68.0,0.57611537,138.0,46.0,0.25613758,100.0,42.0,0.5012369,139.0,163.0,0.84081054,120.0,170.0,0.87005675,168.0,207.0,0.7017753,132.0,232.0,0.90999913,164.0,191.0,0.37123463,143.0,283.0,0.8997468,7,tree
tree/girl2_tree178.jpg,178.0,74.0,0.486989,178.0,71.0,0.6304751,174.0,71.0,0.38681215,174.0,74.0,0.5103701,165.0,75.0,0.58416593,181.0,98.0,0.5453228,158.0,99.0,0.80152917,193.0,71.0,0.6324674,157.0,59.0,0.48154542,199.0,47.0,0.46372178,159.0,43.0,0.297365,178.0,169.0,0.9178864,159.0,163.0,0.8587242,167.0,230.0,0.85983,132.0,206.0,0.6151412,157.0,282.0,0.92431426,137.0,194.0,0.44392857,7,tree
tree/girl2_tree178_flipped.jpg,118.0,78.0,0.52274275,124.0,74.0,0.6498977,118.0,74.0,0.5414274,134.0,76.0,0.68607503,121.0,76.0,0.61017895,142.0,97.0,0.8491566,117.0,97.0,0.59786546,141.0,59.0,0.4466054,104.0,60.0,0.61744046,138.0,46.0,0.3063455,98.0,39.0,0.48116678,141.0,163.0,0.934759,121.0,170.0,0.84572744,169.0,208.0,0.6296496,133.0,234.0,0.80443084,166.0,194.0,0.5184353,144.0,284.0,0.84368634,7,tree
tree/girl2_tree179.jpg,179.0,76.0,0.4245233,179.0,73.0,0.6180953,175.0,73.0,0.54894876,177.0,75.0,0.42428753,165.0,75.0,0.6145673,181.0,98.0,0.60758746,159.0,97.0,0.7275797,194.0,70.0,0.44770202,158.0,60.0,0.45884708,199.0,51.0,0.26152217,180.0,59.0,0.2232197,178.0,170.0,0.8666343,159.0,164.0,0.8258996,167.0,232.0,0.7974061,131.0,207.0,0.6031358,156.0,283.0,0.89757526,136.0,194.0,0.4047134,7,tree
tree/girl2_tree179_flipped.jpg,117.0,79.0,0.50138223,122.0,74.0,0.44974676,117.0,75.0,0.6163416,134.0,75.0,0.69544625,123.0,76.0,0.43284374,143.0,96.0,0.8075001,118.0,97.0,0.5805713,141.0,59.0,0.5270838,107.0,68.0,0.526362,138.0,45.0,0.31140584,94.0,39.0,0.68625855,141.0,162.0,0.93065614,121.0,169.0,0.88509184,169.0,206.0,0.56207794,133.0,233.0,0.8805261,167.0,193.0,0.5320226,144.0,283.0,0.90978587,7,tree
tree/girl3_tree087.jpg,139.0,91.0,0.6174947,143.0,86.0,0.68591666,134.0,87.0,0.7070324,149.0,82.0,0.6529312,127.0,83.0,0.73793924,157.0,101.0,0.81094956,119.0,102.0,0.8307375,179.0,132.0,0.77027583,105.0,135.0,0.7450319,152.0,134.0,0.5720042,126.0,135.0,0.54723346,152.0,154.0,0.7695366,125.0,151.0,0.84225833,151.0,190.0,0.298032,83.0,184.0,0.7859541,144.0,219.0,0.70049983,132.0,175.0,0.5222044,7,tree
tree/girl3_tree088.jpg,139.0,89.0,0.5180435,143.0,85.0,0.5254066,134.0,85.0,0.70461506,149.0,81.0,0.470374,128.0,82.0,0.57795733,157.0,100.0,0.85216725,119.0,100.0,0.8177508,177.0,132.0,0.72485685,107.0,133.0,0.8046911,151.0,132.0,0.5806861,125.0,133.0,0.47063178,151.0,153.0,0.6840185,123.0,150.0,0.6590165,149.0,188.0,0.41560683,82.0,182.0,0.7254658,144.0,218.0,0.637542,131.0,173.0,0.27142408,7,tree
tree/girl3_tree088_flipped.jpg,161.0,90.0,0.5566988,166.0,85.0,0.54598904,156.0,85.0,0.6231774,173.0,81.0,0.5314707,150.0,81.0,0.65797687,181.0,100.0,0.82546544,142.0,99.0,0.6392346,193.0,134.0,0.63682365,121.0,133.0,0.65369534,173.0,133.0,0.4313067,147.0,132.0,0.4662793,175.0,151.0,0.7574503,148.0,155.0,0.72061706,219.0,183.0,0.77011275,150.0,193.0,0.44200328,167.0,174.0,0.11828159,156.0,217.0,0.7306212,7,tree
tree/girl3_tree089.jpg,140.0,90.0,0.6329571,144.0,85.0,0.56407726,135.0,85.0,0.6152381,151.0,82.0,0.55161023,128.0,82.0,0.6497354,158.0,100.0,0.84483683,121.0,100.0,0.780993,178.0,133.0,0.7119202,107.0,133.0,0.74342144,150.0,131.0,0.50196064,124.0,132.0,0.53839636,152.0,153.0,0.74811745,125.0,150.0,0.75406754,149.0,187.0,0.3597105,84.0,181.0,0.7585597,145.0,218.0,0.69556856,133.0,173.0,0.4337436,7,tree
tree/girl3_tree090.jpg,140.0,89.0,0.6153486,145.0,85.0,0.50757265,135.0,85.0,0.64157814,151.0,80.0,0.46718812,129.0,81.0,0.6098369,160.0,99.0,0.60918117,121.0,99.0,0.7454699,177.0,132.0,0.6926644,109.0,132.0,0.74463856,149.0,128.0,0.59809303,126.0,130.0,0.5005634,153.0,151.0,0.6524823,127.0,149.0,0.83223736,150.0,185.0,0.3682997,84.0,180.0,0.76839256,146.0,216.0,0.62453425,134.0,173.0,0.44724205,7,tree
tree/girl3_tree090_flipped.jpg,160.0,89.0,0.5790421,165.0,84.0,0.721124,155.0,84.0,0.6766075,172.0,80.0,0.51173586,148.0,80.0,0.71185005,179.0,99.0,0.8434412,141.0,99.0,0.79958576,191.0,133.0,0.67476815,122.0,134.0,0.6671738,173.0,130.0,0.44565794,150.0,128.0,0.33684444,173.0,150.0,0.8060737,146.0,153.0,0.6558324,216.0,180.0,0.7809102,149.0,190.0,0.671978,166.0,173.0,0.2663656,155.0,216.0,0.73164165,7,tree
tree/girl3_tree092.jpg,140.0,88.0,0.6040144,145.0,84.0,0.5287647,136.0,84.0,0.609105,152.0,79.0,0.60232925,130.0,80.0,0.5392633,161.0,98.0,0.76042175,122.0,97.0,0.73553205,177.0,132.0,0.75051695,109.0,132.0,0.7535798,149.0,128.0,0.5696014,125.0,129.0,0.47128794,153.0,152.0,0.74563587,126.0,148.0,0.7402005,150.0,187.0,0.40007618,85.0,178.0,0.75447536,146.0,217.0,0.6455852,133.0,172.0,0.3289935,7,tree
tree/girl3_tree092_flipped.jpg,159.0,87.0,0.58715844,164.0,82.0,0.76197726,154.0,82.0,0.639351,171.0,79.0,0.60120714,147.0,79.0,0.51936746,179.0,98.0,0.81824374,140.0,98.0,0.85132504,190.0,132.0,0.6780335,122.0,133.0,0.7107834,171.0,129.0,0.41264623,150.0,128.0,0.34189674,173.0,150.0,0.81607205,146.0,154.0,0.7516923,214.0,176.0,0.5220295,148.0,190.0,0.7461685,219.0,179.0,0.10578295,155.0,217.0,0.75419897,7,tree
tree/girl3_tree093.jpg,141.0,87.0,0.5444826,146.0,83.0,0.6102453,136.0,83.0,0.69432807,153.0,78.0,0.5465604,130.0,79.0,0.6132244,160.0,98.0,0.85141087,122.0,96.0,0.69822717,177.0,132.0,0.54727566,110.0,131.0,0.8043952,149.0,127.0,0.5421344,127.0,128.0,0.30610552,153.0,151.0,0.7367034,126.0,147.0,0.75225353,150.0,188.0,0.4442691,85.0,177.0,0.76459247,146.0,215.0,0.61647356,133.0,171.0,0.4163089,7,tree
tree/girl3_tree094.jpg,142.0,88.0,0.74184597,147.0,83.0,0.3929847,138.0,83.0,0.45854592,154.0,79.0,0.63938326,131.0,79.0,0.5485996,163.0,98.0,0.6977759,123.0,97.0,0.8254853,178.0,132.0,0.7036462,110.0,130.0,0.83901453,149.0,127.0,0.44830537,127.0,129.0,0.43430892,154.0,152.0,0.7318605,128.0,147.0,0.7684471,149.0,188.0,0.49095815,86.0,176.0,0.7766989,146.0,215.0,0.63283277,134.0,171.0,0.42068613,7,tree
tree/girl3_tree099.jpg,144.0,86.0,0.66755605,149.0,82.0,0.5058633,139.0,82.0,0.5721103,156.0,78.0,0.6260327,134.0,77.0,0.5360017,165.0,97.0,0.66135705,126.0,95.0,0.7846544,180.0,132.0,0.7179337,113.0,128.0,0.6672764,150.0,126.0,0.56413054,130.0,127.0,0.48580307,156.0,149.0,0.7037804,129.0,145.0,0.7621578,152.0,184.0,0.5194303,91.0,172.0,0.6544248,148.0,212.0,0.6018722,137.0,172.0,0.26185662,7,tree
tree/girl3_tree099_flipped.jpg,156.0,86.0,0.658434,161.0,81.0,0.49808437,151.0,81.0,0.5036799,166.0,77.0,0.4885067,143.0,78.0,0.5810412,174.0,95.0,0.8342845,136.0,96.0,0.73911834,187.0,128.0,0.76250434,120.0,132.0,0.76321423,168.0,127.0,0.38460797,148.0,127.0,0.22089285,170.0,148.0,0.78072035,143.0,154.0,0.6550499,212.0,172.0,0.7306487,147.0,190.0,0.5953833,162.0,171.0,0.16052917,152.0,213.0,0.60960376,7,tree
tree/girl3_tree101.jpg,145.0,86.0,0.70391583,151.0,82.0,0.48766595,141.0,82.0,0.5306349,158.0,78.0,0.6428919,135.0,77.0,0.6103623,165.0,97.0,0.79223573,128.0,94.0,0.78104603,180.0,132.0,0.6593313,114.0,127.0,0.7343886,151.0,125.0,0.5707105,133.0,125.0,0.39074796,158.0,149.0,0.76180786,131.0,144.0,0.6956114,153.0,186.0,0.41056722,90.0,170.0,0.69525003,149.0,213.0,0.5425103,137.0,169.0,0.47243527,7,tree
tree/girl3_tree101_flipped.jpg,154.0,86.0,0.64231586,159.0,81.0,0.52299476,149.0,81.0,0.48152062,166.0,76.0,0.42193574,141.0,77.0,0.62828964,173.0,94.0,0.86766666,135.0,96.0,0.8298751,186.0,127.0,0.7428254,119.0,132.0,0.69257855,167.0,126.0,0.3413229,146.0,127.0,0.21288525,169.0,146.0,0.75278366,142.0,152.0,0.7028085,212.0,170.0,0.75094247,147.0,188.0,0.57892543,163.0,168.0,0.21963833,152.0,212.0,0.6416172,7,tree
tree/girl3_tree103.jpg,146.0,85.0,0.7289046,152.0,80.0,0.40624586,142.0,80.0,0.62779766,160.0,77.0,0.50086784,137.0,77.0,0.49468145,167.0,97.0,0.7048707,129.0,94.0,0.7295354,181.0,132.0,0.6252386,116.0,126.0,0.8314537,152.0,126.0,0.539507,134.0,125.0,0.46429235,159.0,150.0,0.5891346,132.0,144.0,0.8059055,154.0,187.0,0.51297253,90.0,169.0,0.66639495,151.0,213.0,0.55285835,137.0,169.0,0.26301274,7,tree
tree/girl3_tree103_flipped.jpg,154.0,86.0,0.6495744,159.0,80.0,0.47568482,148.0,81.0,0.5441036,164.0,76.0,0.47002834,140.0,77.0,0.64590263,172.0,94.0,0.8454953,133.0,97.0,0.8018241,185.0,127.0,0.7146698,117.0,133.0,0.74373424,166.0,126.0,0.38946638,148.0,127.0,0.25154635,168.0,146.0,0.74744964,142.0,152.0,0.7533096,211.0,169.0,0.5900142,146.0,187.0,0.5805497,204.0,204.0,0.20054142,151.0,212.0,0.6707059,7,tree
tree/girl3_tree105.jpg,147.0,86.0,0.72232914,152.0,82.0,0.467287,143.0,81.0,0.53457046,161.0,77.0,0.520845,138.0,77.0,0.67829454,168.0,97.0,0.61967134,130.0,93.0,0.7222246,181.0,132.0,0.74397284,116.0,125.0,0.7570109,152.0,125.0,0.5088326,134.0,124.0,0.4057193,159.0,150.0,0.73528755,132.0,144.0,0.6712258,155.0,184.0,0.49960035,90.0,169.0,0.779099,151.0,211.0,0.60081065,139.0,169.0,0.22081819,7,tree
tree/girl3_tree105_flipped.jpg,153.0,86.0,0.56626165,157.0,80.0,0.58652014,147.0,81.0,0.6556636,163.0,76.0,0.48441845,138.0,78.0,0.6894835,171.0,94.0,0.8399238,133.0,96.0,0.8118094,185.0,126.0,0.55380076,118.0,133.0,0.70747006,165.0,125.0,0.44063076,150.0,126.0,0.40791717,168.0,146.0,0.7632426,141.0,152.0,0.700374,212.0,169.0,0.63822496,146.0,189.0,0.56983304,204.0,198.0,0.20385072,151.0,212.0,0.65651095,7,tree
tree/girl3_tree106.jpg,147.0,86.0,0.65950584,152.0,82.0,0.5966089,143.0,81.0,0.74274695,161.0,78.0,0.48589277,139.0,76.0,0.48494565,169.0,98.0,0.82756495,131.0,94.0,0.83686805,181.0,132.0,0.79350436,117.0,125.0,0.7221376,154.0,126.0,0.50631714,134.0,125.0,0.4300435,159.0,151.0,0.72501206,133.0,144.0,0.7998427,154.0,186.0,0.50398076,91.0,169.0,0.6933588,151.0,212.0,0.5799321,137.0,169.0,0.31085673,7,tree
tree/girl3_tree106_flipped.jpg,153.0,85.0,0.6886403,157.0,80.0,0.66592836,147.0,81.0,0.6557342,162.0,76.0,0.49406484,138.0,78.0,0.6378747,170.0,94.0,0.7187082,132.0,96.0,0.6758088,184.0,126.0,0.63769203,118.0,133.0,0.673489,165.0,125.0,0.3738925,149.0,126.0,0.3136436,166.0,145.0,0.6972146,141.0,151.0,0.7105618,210.0,168.0,0.6597798,145.0,188.0,0.61041486,160.0,166.0,0.17876752,149.0,211.0,0.66290337,7,tree
tree/girl3_tree107.jpg,147.0,86.0,0.5921655,152.0,81.0,0.6848484,143.0,81.0,0.6190629,161.0,78.0,0.64445937,138.0,77.0,0.5550797,169.0,97.0,0.6659855,131.0,94.0,0.75621676,181.0,133.0,0.7225677,117.0,125.0,0.6064826,153.0,126.0,0.58072376,135.0,125.0,0.46990767,160.0,150.0,0.72660816,133.0,144.0,0.7126124,156.0,184.0,0.4866459,91.0,168.0,0.73527306,152.0,211.0,0.5680096,139.0,169.0,0.38294163,7,tree
tree/girl3_tree107_flipped.jpg,152.0,85.0,0.6078116,156.0,80.0,0.6411333,146.0,81.0,0.5808816,161.0,76.0,0.56349015,138.0,78.0,0.69947505,169.0,94.0,0.7620797,131.0,97.0,0.70367175,183.0,126.0,0.651908,117.0,132.0,0.72707504,164.0,125.0,0.36754042,146.0,127.0,0.22639583,166.0,145.0,0.74177325,140.0,151.0,0.6418571,210.0,167.0,0.6646296,145.0,185.0,0.54221106,160.0,166.0,0.26979074,149.0,211.0,0.69963014,7,tree
tree/girl3_tree112.jpg,150.0,87.0,0.7626833,155.0,83.0,0.5669023,146.0,82.0,0.68968564,164.0,79.0,0.51408005,141.0,78.0,0.58974016,171.0,99.0,0.7057736,134.0,94.0,0.84979314,183.0,135.0,0.6402054,119.0,125.0,0.7318287,154.0,125.0,0.5572349,136.0,123.0,0.52160126,162.0,149.0,0.7037231,135.0,144.0,0.77366716,157.0,187.0,0.5022813,93.0,165.0,0.8070826,153.0,212.0,0.5640086,141.0,168.0,0.49444333,7,tree
tree/girl3_tree112_flipped.jpg,150.0,86.0,0.6708154,154.0,81.0,0.50928044,144.0,81.0,0.41008177,159.0,76.0,0.68591905,136.0,78.0,0.5135899,167.0,92.0,0.74574447,129.0,96.0,0.64585423,182.0,124.0,0.6260021,116.0,134.0,0.600137,162.0,123.0,0.4068768,146.0,126.0,0.35598153,164.0,144.0,0.7745006,138.0,150.0,0.56248,207.0,163.0,0.75559783,142.0,186.0,0.4892992,185.0,195.0,0.15207832,148.0,212.0,0.5874238,7,tree
tree/girl3_tree113.jpg,150.0,87.0,0.7440756,155.0,82.0,0.4620488,146.0,82.0,0.71022743,164.0,78.0,0.60108757,141.0,77.0,0.46433935,171.0,98.0,0.7551024,134.0,93.0,0.8069106,183.0,134.0,0.49800098,119.0,125.0,0.7298938,154.0,123.0,0.6244923,140.0,121.0,0.49726006,161.0,150.0,0.6935509,135.0,144.0,0.7636957,156.0,185.0,0.53992575,94.0,164.0,0.70638347,153.0,213.0,0.5309882,141.0,168.0,0.34809303,7,tree
tree/girl3_tree115.jpg,150.0,87.0,0.58056843,156.0,83.0,0.7335535,147.0,82.0,0.6743043,165.0,79.0,0.53766114,142.0,77.0,0.5202875,174.0,98.0,0.57362044,135.0,92.0,0.7212359,183.0,134.0,0.6092676,119.0,125.0,0.80316013,154.0,120.0,0.49720943,143.0,118.0,0.50488985,161.0,151.0,0.6792531,134.0,145.0,0.7572095,156.0,185.0,0.50830007,95.0,164.0,0.6468098,154.0,213.0,0.5448004,142.0,167.0,0.526176,7,tree
tree/girl3_tree115_flipped.jpg,149.0,87.0,0.5762144,153.0,81.0,0.74347436,144.0,82.0,0.45955077,157.0,77.0,0.43130592,135.0,80.0,0.6600845,165.0,92.0,0.89852035,127.0,98.0,0.7927873,181.0,126.0,0.74627,115.0,136.0,0.7147586,157.0,119.0,0.43165064,146.0,121.0,0.49868986,165.0,146.0,0.79378927,138.0,152.0,0.7151611,206.0,162.0,0.73073995,142.0,190.0,0.47550723,177.0,190.0,0.12984721,146.0,211.0,0.5529425,7,tree
tree/girl3_tree116.jpg,150.0,88.0,0.35898742,156.0,83.0,0.7621615,146.0,83.0,0.67259866,165.0,79.0,0.5073992,142.0,78.0,0.49003232,174.0,98.0,0.5219537,135.0,92.0,0.6904738,183.0,133.0,0.70280766,119.0,124.0,0.7790359,154.0,118.0,0.542614,144.0,115.0,0.5356921,161.0,150.0,0.64450336,135.0,144.0,0.72353137,156.0,184.0,0.473953,95.0,163.0,0.6699047,153.0,212.0,0.567552,141.0,167.0,0.516333,7,tree
tree/girl3_tree116_flipped.jpg,149.0,87.0,0.5734205,153.0,81.0,0.7626361,144.0,82.0,0.43441504,157.0,77.0,0.45317298,135.0,80.0,0.64787745,165.0,91.0,0.8502829,127.0,97.0,0.77819157,181.0,126.0,0.7379646,116.0,135.0,0.7379113,156.0,117.0,0.29352257,145.0,120.0,0.48214093,165.0,144.0,0.71024764,138.0,151.0,0.6851077,206.0,161.0,0.69840735,142.0,191.0,0.51392186,180.0,191.0,0.13422006,147.0,212.0,0.40956494,7,tree
tree/girl3_tree119.jpg,152.0,89.0,0.5121647,158.0,85.0,0.5609735,149.0,84.0,0.42008835,167.0,80.0,0.45222375,145.0,78.0,0.5235592,175.0,97.0,0.79123056,135.0,91.0,0.73223364,181.0,132.0,0.7442133,119.0,123.0,0.612393,155.0,111.0,0.61670905,145.0,108.0,0.45218024,161.0,152.0,0.5928989,136.0,145.0,0.76313704,157.0,187.0,0.4121688,94.0,162.0,0.5768222,155.0,213.0,0.41377217,143.0,167.0,0.5426769,7,tree
tree/girl3_tree120.jpg,152.0,88.0,0.4880103,157.0,84.0,0.57691956,149.0,83.0,0.51960206,166.0,80.0,0.4513358,143.0,78.0,0.5727619,175.0,97.0,0.7527931,135.0,91.0,0.63623464,180.0,131.0,0.76159656,119.0,123.0,0.6655761,153.0,108.0,0.6674782,144.0,105.0,0.4609295,161.0,152.0,0.55620706,136.0,145.0,0.7386554,157.0,189.0,0.45704544,93.0,163.0,0.5059817,154.0,214.0,0.3970615,143.0,168.0,0.44232085,7,tree
tree/girl3_tree121.jpg,153.0,88.0,0.372873,160.0,82.0,0.31685993,150.0,82.0,0.46456426,168.0,79.0,0.45727628,144.0,77.0,0.58205986,176.0,96.0,0.63504034,135.0,89.0,0.6647898,179.0,130.0,0.73915833,120.0,121.0,0.5490157,155.0,105.0,0.5821625,144.0,103.0,0.4979722,162.0,152.0,0.5588349,137.0,145.0,0.7123451,157.0,189.0,0.45326218,94.0,162.0,0.69769067,156.0,214.0,0.36515114,140.0,171.0,0.35618842,7,tree
tree/girl3_tree124.jpg,153.0,86.0,0.43923736,158.0,82.0,0.58127546,150.0,81.0,0.49981898,168.0,79.0,0.54828715,145.0,76.0,0.4758556,176.0,95.0,0.772691,136.0,88.0,0.7258421,177.0,125.0,0.76712906,119.0,115.0,0.6826316,154.0,99.0,0.6662024,136.0,97.0,0.43677282,163.0,151.0,0.5598988,139.0,145.0,0.70803654,159.0,193.0,0.5423826,95.0,161.0,0.59362733,156.0,213.0,0.39691198,142.0,167.0,0.6337981,7,tree
tree/girl3_tree128.jpg,153.0,77.0,0.35495338,159.0,74.0,0.4973689,150.0,72.0,0.58966255,169.0,75.0,0.62277603,148.0,72.0,0.4621347,174.0,92.0,0.7038037,139.0,85.0,0.6048459,175.0,115.0,0.69063795,118.0,101.0,0.69107175,154.0,87.0,0.2761,139.0,83.0,0.5858146,163.0,149.0,0.7108177,138.0,143.0,0.59925663,160.0,189.0,0.60960805,94.0,160.0,0.6234394,157.0,212.0,0.64236104,143.0,165.0,0.48677176,7,tree
tree/girl3_tree128_flipped.jpg,147.0,83.0,0.32045305,151.0,76.0,0.38047886,143.0,80.0,0.4562217,155.0,73.0,0.3986368,133.0,81.0,0.43371978,162.0,84.0,0.6033031,125.0,93.0,0.54758084,183.0,102.0,0.737818,126.0,116.0,0.29613742,158.0,84.0,0.44116446,148.0,87.0,0.21893011,164.0,143.0,0.74013066,138.0,150.0,0.7032231,207.0,161.0,0.5829817,143.0,188.0,0.5081345,157.0,172.0,0.23133473,144.0,210.0,0.5721415,7,tree
tree/girl3_tree129.jpg,153.0,72.0,0.35082614,159.0,69.0,0.51238495,151.0,68.0,0.53458846,169.0,73.0,0.5300083,149.0,70.0,0.41214278,175.0,92.0,0.783841,140.0,87.0,0.71889573,176.0,109.0,0.6318357,117.0,95.0,0.79494023,154.0,81.0,0.42135608,145.0,78.0,0.57799256,164.0,149.0,0.67504054,138.0,143.0,0.81121874,161.0,192.0,0.5381571,97.0,158.0,0.5978056,158.0,210.0,0.38782328,143.0,167.0,0.57773525,7,tree
tree/girl3_tree129_flipped.jpg,147.0,84.0,0.30553457,151.0,76.0,0.46343756,142.0,79.0,0.35806865,154.0,74.0,0.47776577,132.0,79.0,0.5385616,160.0,86.0,0.6309284,125.0,92.0,0.6116743,182.0,95.0,0.81422484,124.0,110.0,0.53979456,155.0,80.0,0.5541868,145.0,82.0,0.2262422,163.0,142.0,0.75296175,139.0,150.0,0.4840923,204.0,157.0,0.61969554,142.0,186.0,0.60330695,159.0,175.0,0.20459674,144.0,209.0,0.6145989,7,tree
tree/girl3_tree130.jpg,153.0,82.0,0.3078893,160.0,77.0,0.37101555,151.0,77.0,0.3102543,168.0,77.0,0.5013045,150.0,74.0,0.45010403,175.0,92.0,0.68806636,140.0,84.0,0.6690686,177.0,104.0,0.7435998,119.0,89.0,0.8411981,155.0,77.0,0.3877882,144.0,75.0,0.5996227,164.0,149.0,0.67375886,138.0,142.0,0.6748321,160.0,190.0,0.5112945,98.0,159.0,0.50675344,159.0,210.0,0.25693226,143.0,169.0,0.56996465,7,tree
tree/girl3_tree130_flipped.jpg,146.0,90.0,0.33279425,151.0,84.0,0.42678413,142.0,85.0,0.4025479,154.0,79.0,0.3578385,132.0,82.0,0.50190294,158.0,87.0,0.45584208,125.0,93.0,0.67312706,182.0,89.0,0.79227567,122.0,105.0,0.5831977,153.0,75.0,0.4497553,143.0,78.0,0.24585484,160.0,145.0,0.67561114,137.0,151.0,0.60285395,158.0,169.0,0.29679683,141.0,188.0,0.52114666,154.0,184.0,0.1676302,143.0,211.0,0.62700546,7,tree
tree/girl3_tree132.jpg,154.0,89.0,0.4412469,160.0,83.0,0.38841674,151.0,82.0,0.4996727,169.0,81.0,0.4774811,149.0,79.0,0.41940847,174.0,94.0,0.6161479,142.0,85.0,0.7446239,178.0,95.0,0.72331166,120.0,78.0,0.688946,158.0,66.0,0.41165286,147.0,64.0,0.70512116,163.0,150.0,0.6716995,140.0,144.0,0.7068908,159.0,190.0,0.58976805,142.0,166.0,0.19784114,157.0,211.0,0.487512,146.0,177.0,0.4171093,7,tree
tree/girl3_tree132_flipped.jpg,143.0,86.0,0.3771888,147.0,82.0,0.50011027,139.0,82.0,0.42427617,151.0,78.0,0.5146259,131.0,80.0,0.42595166,156.0,88.0,0.67869437,129.0,96.0,0.5820616,179.0,78.0,0.8084986,122.0,93.0,0.49351358,152.0,64.0,0.59145546,144.0,65.0,0.44394666,161.0,144.0,0.6723628,137.0,152.0,0.53576714,157.0,169.0,0.13248959,141.0,187.0,0.5338867,154.0,180.0,0.2670124,143.0,210.0,0.5847796,7,tree
tree/girl3_tree133.jpg,154.0,83.0,0.30383968,160.0,77.0,0.3742627,151.0,77.0,0.39698187,168.0,76.0,0.4776202,148.0,75.0,0.4723391,174.0,93.0,0.4954473,142.0,85.0,0.70895445,176.0,89.0,0.67611474,121.0,75.0,0.7161721,158.0,60.0,0.4719373,148.0,59.0,0.5883504,162.0,149.0,0.623662,139.0,142.0,0.65412,159.0,187.0,0.54496187,94.0,159.0,0.31747276,157.0,209.0,0.3991296,144.0,167.0,0.68149126,7,tree
tree/girl3_tree133_flipped.jpg,145.0,85.0,0.34561744,149.0,80.0,0.34575793,141.0,81.0,0.41614547,151.0,78.0,0.47903955,133.0,80.0,0.45754614,156.0,88.0,0.63358223,129.0,96.0,0.5574632,179.0,74.0,0.60006547,122.0,90.0,0.598912,151.0,59.0,0.3881273,143.0,60.0,0.54825336,160.0,144.0,0.67622656,139.0,151.0,0.5960572,157.0,166.0,0.14887998,141.0,186.0,0.54880637,153.0,178.0,0.2862011,143.0,210.0,0.6419627,7,tree
tree/girl3_tree138.jpg,152.0,82.0,0.27152178,159.0,78.0,0.37252805,151.0,78.0,0.30696446,168.0,81.0,0.3689453,150.0,78.0,0.31592417,170.0,97.0,0.5780243,144.0,90.0,0.7817781,173.0,74.0,0.46068114,135.0,63.0,0.67223316,160.0,42.0,0.49948603,154.0,41.0,0.40431833,162.0,149.0,0.6096346,140.0,145.0,0.7151097,159.0,184.0,0.37999514,142.0,166.0,0.28199124,156.0,209.0,0.47587013,144.0,167.0,0.5576998,7,tree
tree/girl3_tree138_flipped.jpg,145.0,82.0,0.366271,149.0,78.0,0.5011937,141.0,77.0,0.43377975,151.0,77.0,0.5408746,133.0,78.0,0.37578392,155.0,90.0,0.6606761,127.0,95.0,0.77285427,165.0,63.0,0.66457385,124.0,75.0,0.40090832,145.0,41.0,0.45479316,139.0,41.0,0.73097193,160.0,146.0,0.70501953,138.0,151.0,0.7040442,157.0,166.0,0.29754034,141.0,186.0,0.56674093,154.0,170.0,0.32774758,146.0,211.0,0.5802963,7,tree
tree/girl3_tree143.jpg,151.0,83.0,0.37985277,158.0,81.0,0.37149045,150.0,80.0,0.37247527,167.0,84.0,0.39828745,150.0,80.0,0.36527735,170.0,96.0,0.6913342,144.0,89.0,0.68118703,170.0,65.0,0.32520705,138.0,63.0,0.7182639,160.0,39.0,0.46410847,154.0,38.0,0.59952056,160.0,149.0,0.71158326,142.0,147.0,0.67359185,157.0,182.0,0.526443,143.0,170.0,0.59977067,155.0,209.0,0.47895947,149.0,186.0,0.16692738,7,tree
tree/girl3_tree143_flipped.jpg,145.0,79.0,0.35279402,146.0,75.0,0.43891948,140.0,75.0,0.41970196,148.0,76.0,0.49397877,132.0,78.0,0.5267211,155.0,89.0,0.6770302,127.0,94.0,0.67937195,161.0,62.0,0.8097028,125.0,81.0,0.31148407,147.0,39.0,0.36487344,139.0,39.0,0.6071341,161.0,144.0,0.62753034,140.0,150.0,0.71574366,159.0,166.0,0.2773436,141.0,184.0,0.34439346,153.0,176.0,0.1742229,146.0,211.0,0.5784186,7,tree
tree/guy1_tree086.jpg,176.0,47.0,0.8069785,181.0,42.0,0.911798,172.0,42.0,0.8193466,188.0,45.0,0.87183046,169.0,45.0,0.8083925,200.0,74.0,0.75519276,155.0,74.0,0.9450845,220.0,105.0,0.8523145,133.0,105.0,0.84549713,186.0,102.0,0.86384845,160.0,97.0,0.85444444,184.0,137.0,0.8924078,158.0,134.0,0.888875,179.0,198.0,0.9155541,110.0,158.0,0.91791147,174.0,248.0,0.9184854,164.0,162.0,0.8838369,7,tree
tree/guy1_tree086_flipped.jpg,123.0,46.0,0.5135186,127.0,42.0,0.7299175,118.0,42.0,0.90494215,131.0,45.0,0.8851693,111.0,46.0,0.64936316,144.0,75.0,0.9373855,99.0,74.0,0.9391629,167.0,106.0,0.9109719,78.0,105.0,0.92707765,138.0,97.0,0.7725189,112.0,103.0,0.8210347,140.0,133.0,0.9476207,113.0,136.0,0.935369,189.0,158.0,0.78659004,121.0,199.0,0.8730516,136.0,162.0,0.7275642,125.0,249.0,0.9101093,7,tree
tree/guy1_tree088.jpg,179.0,47.0,0.856313,184.0,43.0,0.791647,175.0,43.0,0.8960956,192.0,46.0,0.84289974,171.0,46.0,0.864084,204.0,76.0,0.8229494,158.0,75.0,0.89347154,219.0,107.0,0.85355246,137.0,106.0,0.7470281,183.0,96.0,0.9278193,164.0,95.0,0.73614854,187.0,139.0,0.92014873,161.0,135.0,0.936457,182.0,200.0,0.95661724,112.0,160.0,0.9386677,177.0,251.0,0.8752462,165.0,164.0,0.8744094,7,tree
tree/guy1_tree088_flipped.jpg,121.0,48.0,0.69719696,125.0,43.0,0.8440034,116.0,43.0,0.7888692,128.0,46.0,0.8327039,108.0,47.0,0.65899813,141.0,75.0,0.8168056,95.0,76.0,0.9420474,163.0,106.0,0.9414496,80.0,107.0,0.8826274,135.0,94.0,0.75578266,114.0,97.0,0.7738751,137.0,135.0,0.8952119,111.0,138.0,0.93913925,186.0,160.0,0.93749547,118.0,201.0,0.7702956,133.0,165.0,0.74418545,123.0,252.0,0.85871124,7,tree
tree/guy1_tree090.jpg,181.0,49.0,0.8340301,186.0,44.0,0.7968862,177.0,44.0,0.89569885,194.0,48.0,0.8243877,174.0,48.0,0.8810449,205.0,78.0,0.82568926,161.0,76.0,0.9149348,218.0,107.0,0.6693094,141.0,108.0,0.75940025,182.0,94.0,0.8854337,169.0,93.0,0.7730415,188.0,141.0,0.9124042,163.0,137.0,0.9446823,183.0,201.0,0.80332166,114.0,161.0,0.81083465,179.0,254.0,0.89556473,167.0,165.0,0.8591577,7,tree
tree/guy1_tree090_flipped.jpg,120.0,49.0,0.8374659,123.0,45.0,0.8701798,114.0,45.0,0.86485285,126.0,48.0,0.7777339,106.0,49.0,0.91260546,138.0,76.0,0.89279926,94.0,77.0,0.9248448,160.0,108.0,0.94472635,81.0,108.0,0.8888428,132.0,94.0,0.80632824,116.0,95.0,0.87099767,135.0,136.0,0.9171257,110.0,139.0,0.9381439,185.0,162.0,0.8801435,117.0,201.0,0.8790989,132.0,165.0,0.75810844,121.0,252.0,0.87342125,7,tree
tree/guy1_tree091.jpg,181.0,49.0,0.8260719,187.0,44.0,0.81478745,178.0,44.0,0.8856426,195.0,48.0,0.7791339,175.0,48.0,0.877197,207.0,78.0,0.8274965,162.0,76.0,0.9257415,218.0,108.0,0.76559275,142.0,108.0,0.7902963,182.0,94.0,0.8690981,170.0,93.0,0.7497848,189.0,142.0,0.91178745,164.0,138.0,0.9482941,184.0,203.0,0.80652803,115.0,162.0,0.88040876,179.0,256.0,0.93429476,167.0,167.0,0.85869974,7,tree
tree/guy1_tree091_flipped.jpg,119.0,49.0,0.8340691,122.0,45.0,0.85864526,114.0,45.0,0.8662478,125.0,48.0,0.8570865,105.0,49.0,0.8925043,137.0,76.0,0.89708614,93.0,78.0,0.9266182,159.0,108.0,0.78657293,81.0,109.0,0.7758168,130.0,94.0,0.7406604,116.0,95.0,0.7112552,134.0,138.0,0.9355187,109.0,141.0,0.9293144,185.0,162.0,0.928453,116.0,203.0,0.7568568,133.0,167.0,0.7062758,120.0,255.0,0.8304149,7,tree
tree/guy1_tree093.jpg,182.0,50.0,0.7264193,187.0,46.0,0.6212839,179.0,46.0,0.7927485,196.0,50.0,0.6028772,177.0,49.0,0.7791733,208.0,80.0,0.86703074,164.0,77.0,0.8674575,218.0,109.0,0.74683124,142.0,109.0,0.73368883,182.0,96.0,0.84027994,169.0,95.0,0.7946714,191.0,143.0,0.9201664,166.0,139.0,0.9524309,185.0,205.0,0.8037955,117.0,163.0,0.9113974,180.0,257.0,0.9635504,168.0,169.0,0.92102104,7,tree
tree/guy1_tree093_flipped.jpg,118.0,51.0,0.8217665,121.0,46.0,0.86732495,112.0,46.0,0.8782907,124.0,49.0,0.86834145,104.0,51.0,0.8840807,135.0,79.0,0.83022493,92.0,79.0,0.92154753,158.0,111.0,0.6864097,81.0,111.0,0.8021487,131.0,96.0,0.74559724,116.0,96.0,0.7638993,133.0,139.0,0.93324983,109.0,143.0,0.9380155,183.0,164.0,0.93679076,115.0,206.0,0.883962,132.0,169.0,0.73532176,119.0,258.0,0.8466598,7,tree
tree/guy1_tree095.jpg,183.0,51.0,0.8353496,188.0,47.0,0.8133035,179.0,47.0,0.8278424,197.0,51.0,0.89990014,177.0,50.0,0.7664404,209.0,81.0,0.93784666,164.0,79.0,0.9409336,218.0,111.0,0.92266595,144.0,111.0,0.7432902,182.0,97.0,0.88663465,170.0,96.0,0.7200711,191.0,145.0,0.8942177,166.0,141.0,0.940577,185.0,208.0,0.8737853,118.0,164.0,0.890594,181.0,259.0,0.9300468,169.0,171.0,0.88687783,7,tree
tree/guy1_tree095_flipped.jpg,118.0,52.0,0.8559029,121.0,47.0,0.87153804,112.0,47.0,0.79806685,122.0,50.0,0.8864957,103.0,52.0,0.87988317,134.0,81.0,0.6753948,91.0,81.0,0.92348194,158.0,113.0,0.86410177,81.0,112.0,0.8635643,132.0,98.0,0.7796463,117.0,98.0,0.83482724,132.0,140.0,0.8916532,108.0,144.0,0.9363525,183.0,164.0,0.92856133,114.0,208.0,0.87574905,131.0,171.0,0.7442272,119.0,259.0,0.87160885,7,tree
tree/guy1_tree098.jpg,181.0,54.0,0.70855105,187.0,50.0,0.9057926,178.0,49.0,0.8217045,197.0,54.0,0.87383974,179.0,52.0,0.7316862,209.0,84.0,0.8160164,164.0,82.0,0.8973201,216.0,115.0,0.85926944,144.0,115.0,0.8876222,180.0,100.0,0.8823053,167.0,98.0,0.7607751,190.0,147.0,0.8912447,166.0,144.0,0.9478024,185.0,210.0,0.9531916,117.0,167.0,0.910252,180.0,264.0,0.9256064,168.0,174.0,0.9051742,7,tree
tree/guy1_tree098_flipped.jpg,119.0,54.0,0.8145702,122.0,49.0,0.7837633,113.0,50.0,0.64792645,122.0,52.0,0.72065616,103.0,54.0,0.8189235,133.0,82.0,0.9206328,92.0,83.0,0.89218116,156.0,115.0,0.8923963,83.0,115.0,0.8342607,134.0,100.0,0.79462826,118.0,101.0,0.66845286,132.0,143.0,0.9370679,108.0,146.0,0.9298045,183.0,166.0,0.8764588,115.0,211.0,0.8560946,131.0,173.0,0.68678606,119.0,262.0,0.8408785,7,tree
tree/guy1_tree102.jpg,178.0,57.0,0.82244176,184.0,53.0,0.876174,176.0,52.0,0.786897,195.0,56.0,0.82824636,177.0,55.0,0.6264572,207.0,87.0,0.87148225,164.0,84.0,0.829931,211.0,119.0,0.9431447,143.0,118.0,0.8265185,177.0,104.0,0.6788907,163.0,101.0,0.7046418,187.0,151.0,0.7492864,163.0,147.0,0.9548317,183.0,214.0,0.91157603,117.0,169.0,0.70954335,178.0,270.0,0.95409256,164.0,178.0,0.87822413,7,tree
tree/guy1_tree102_flipped.jpg,121.0,57.0,0.6225983,123.0,52.0,0.845582,114.0,53.0,0.68714964,123.0,55.0,0.8226878,104.0,57.0,0.71295667,133.0,85.0,0.82283103,92.0,87.0,0.9339962,157.0,119.0,0.766654,86.0,119.0,0.9196442,138.0,104.0,0.8105063,120.0,105.0,0.77834356,134.0,147.0,0.92422545,110.0,151.0,0.93571585,182.0,168.0,0.7538617,117.0,215.0,0.7341624,134.0,177.0,0.73397595,121.0,270.0,0.8851277,7,tree
tree/guy1_tree103.jpg,178.0,58.0,0.68131554,184.0,53.0,0.92073333,175.0,53.0,0.88774633,195.0,57.0,0.87582415,177.0,55.0,0.7154493,207.0,88.0,0.923006,164.0,84.0,0.80163276,211.0,121.0,0.7432201,143.0,119.0,0.83398515,176.0,105.0,0.8205556,161.0,102.0,0.7588595,187.0,152.0,0.85150146,163.0,149.0,0.9469899,182.0,215.0,0.8867052,117.0,170.0,0.77001435,178.0,271.0,0.94221187,165.0,180.0,0.89693516,7,tree
tree/guy1_tree103_flipped.jpg,122.0,58.0,0.6562847,124.0,53.0,0.7200973,116.0,53.0,0.6338359,123.0,56.0,0.7549652,105.0,57.0,0.79881746,133.0,85.0,0.81382966,92.0,87.0,0.93276787,157.0,120.0,0.75860465,87.0,120.0,0.89698255,139.0,104.0,0.8064175,122.0,106.0,0.82502306,135.0,148.0,0.9182621,110.0,152.0,0.9341393,181.0,170.0,0.879214,118.0,216.0,0.7947937,133.0,179.0,0.7130785,122.0,272.0,0.87925535,7,tree
tree/guy1_tree104.jpg,176.0,58.0,0.6609811,182.0,54.0,0.90577096,174.0,53.0,0.85975766,194.0,58.0,0.8583908,176.0,56.0,0.67229354,207.0,89.0,0.91935575,163.0,85.0,0.8771651,209.0,121.0,0.7355765,142.0,119.0,0.84558034,174.0,106.0,0.80836904,161.0,102.0,0.7413273,186.0,153.0,0.84614205,162.0,149.0,0.9530844,181.0,217.0,0.83193356,116.0,170.0,0.8112055,177.0,271.0,0.93336576,164.0,181.0,0.83662474,7,tree
tree/guy1_tree104_flipped.jpg,123.0,58.0,0.73476183,125.0,53.0,0.78394926,117.0,53.0,0.77505225,123.0,55.0,0.77140844,106.0,58.0,0.82617545,133.0,85.0,0.73526317,94.0,88.0,0.8558442,158.0,120.0,0.7445958,89.0,122.0,0.6352334,140.0,104.0,0.78792775,125.0,106.0,0.61317015,136.0,148.0,0.8650914,111.0,153.0,0.9305861,182.0,170.0,0.87953603,118.0,217.0,0.91626555,135.0,179.0,0.6745182,123.0,271.0,0.8457898,7,tree
tree/guy1_tree105.jpg,175.0,59.0,0.8598136,181.0,55.0,0.8571277,173.0,54.0,0.77220535,193.0,59.0,0.84401715,175.0,56.0,0.6065055,205.0,89.0,0.8975535,162.0,85.0,0.9084472,208.0,122.0,0.77031684,141.0,121.0,0.85327923,173.0,107.0,0.82095546,158.0,104.0,0.7432287,186.0,154.0,0.8774828,161.0,150.0,0.8097258,181.0,217.0,0.8961221,116.0,171.0,0.7979497,176.0,273.0,0.939842,162.0,181.0,0.86603093,7,tree
tree/guy1_tree105_flipped.jpg,125.0,59.0,0.72492206,127.0,54.0,0.8567164,119.0,55.0,0.86022276,125.0,57.0,0.59768504,107.0,59.0,0.8593205,136.0,86.0,0.77930504,95.0,90.0,0.9261909,159.0,122.0,0.7251613,91.0,124.0,0.77798253,142.0,106.0,0.6696389,128.0,108.0,0.72412264,138.0,149.0,0.8825152,113.0,154.0,0.9340723,183.0,171.0,0.8986888,121.0,216.0,0.8067913,136.0,180.0,0.6693433,124.0,273.0,0.8745832,7,tree
tree/guy1_tree106.jpg,174.0,60.0,0.84551394,180.0,56.0,0.83129555,172.0,55.0,0.774333,191.0,60.0,0.83349574,174.0,57.0,0.63996184,204.0,90.0,0.87959164,161.0,86.0,0.90059,206.0,124.0,0.7418351,140.0,121.0,0.8767384,171.0,108.0,0.80842066,157.0,104.0,0.7754147,184.0,154.0,0.87752354,161.0,151.0,0.9583655,179.0,217.0,0.8044965,115.0,172.0,0.8383244,174.0,273.0,0.9264025,161.0,182.0,0.8872588,7,tree
tree/guy1_tree106_flipped.jpg,126.0,59.0,0.79811835,127.0,55.0,0.8667457,119.0,55.0,0.8719822,125.0,58.0,0.5482271,107.0,60.0,0.8785354,136.0,86.0,0.8012276,95.0,91.0,0.9322458,159.0,122.0,0.75801533,92.0,124.0,0.74954605,142.0,106.0,0.7470319,128.0,108.0,0.71944815,137.0,151.0,0.9119298,113.0,155.0,0.9346745,183.0,171.0,0.88355684,121.0,217.0,0.8500711,136.0,182.0,0.6787963,124.0,274.0,0.83103836,7,tree
tree/guy1_tree109.jpg,170.0,63.0,0.82391924,176.0,58.0,0.74385643,168.0,58.0,0.7252442,188.0,62.0,0.7727805,171.0,60.0,0.6087991,200.0,93.0,0.8735432,158.0,88.0,0.92413825,200.0,126.0,0.71862584,138.0,124.0,0.88465476,167.0,110.0,0.737919,152.0,107.0,0.76790375,180.0,157.0,0.6956886,157.0,153.0,0.95014876,175.0,221.0,0.9021773,114.0,174.0,0.74737775,172.0,274.0,0.92866886,157.0,185.0,0.8310657,7,tree
tree/guy1_tree109_flipped.jpg,130.0,62.0,0.83213484,131.0,57.0,0.89050233,124.0,57.0,0.88628936,128.0,60.0,0.52289665,111.0,62.0,0.8631501,140.0,88.0,0.81344,99.0,93.0,0.9367251,162.0,125.0,0.6962141,99.0,127.0,0.79732525,146.0,107.0,0.7384212,133.0,111.0,0.8132329,141.0,152.0,0.9012099,117.0,157.0,0.9273446,185.0,174.0,0.80473316,125.0,220.0,0.8406494,140.0,184.0,0.6624688,128.0,276.0,0.86796033,7,tree
tree/guy1_tree110.jpg,167.0,64.0,0.8012782,173.0,59.0,0.8488206,166.0,58.0,0.7374983,186.0,63.0,0.77847344,170.0,60.0,0.7777017,198.0,93.0,0.825811,156.0,89.0,0.9224628,198.0,127.0,0.92293656,137.0,125.0,0.9025944,164.0,111.0,0.8051505,151.0,107.0,0.7457885,179.0,158.0,0.6327841,155.0,154.0,0.9311178,173.0,222.0,0.8181887,112.0,175.0,0.8494181,170.0,275.0,0.93291014,156.0,186.0,0.8673117,7,tree
tree/guy1_tree110_flipped.jpg,132.0,63.0,0.8380693,133.0,58.0,0.8374858,126.0,58.0,0.8546852,129.0,60.0,0.7336205,113.0,62.0,0.8372129,142.0,89.0,0.86651695,101.0,94.0,0.9182808,163.0,125.0,0.8414532,101.0,127.0,0.7897476,148.0,109.0,0.8135161,136.0,112.0,0.82138747,142.0,153.0,0.8849963,119.0,158.0,0.9286919,186.0,174.0,0.7637737,126.0,222.0,0.7589637,142.0,185.0,0.66937065,130.0,277.0,0.88998425,7,tree
tree/guy1_tree111.jpg,166.0,64.0,0.66268635,172.0,60.0,0.82665753,165.0,59.0,0.7238567,185.0,63.0,0.7406949,169.0,61.0,0.7604399,198.0,94.0,0.796098,155.0,89.0,0.940144,196.0,128.0,0.92878646,136.0,125.0,0.9115446,163.0,111.0,0.7364359,150.0,108.0,0.6485603,178.0,158.0,0.7982118,155.0,155.0,0.948586,173.0,222.0,0.8722327,112.0,175.0,0.71315753,170.0,276.0,0.9232209,155.0,187.0,0.8712487,7,tree
tree/guy1_tree111_flipped.jpg,134.0,63.0,0.8547746,135.0,59.0,0.8201908,128.0,59.0,0.784004,130.0,61.0,0.76346576,115.0,62.0,0.82844317,143.0,89.0,0.8612558,102.0,94.0,0.89910376,164.0,126.0,0.8352301,104.0,128.0,0.73733693,149.0,109.0,0.7680238,138.0,112.0,0.81019425,143.0,154.0,0.8664182,120.0,159.0,0.9288488,187.0,175.0,0.87108797,127.0,222.0,0.7651649,143.0,186.0,0.66026497,131.0,278.0,0.8678899,7,tree
tree/guy1_tree113.jpg,163.0,66.0,0.7819276,169.0,62.0,0.88479984,162.0,61.0,0.6785946,181.0,65.0,0.81701475,167.0,63.0,0.6780757,194.0,95.0,0.7002611,152.0,88.0,0.85242695,190.0,128.0,0.8729822,132.0,127.0,0.8160474,159.0,110.0,0.87109435,148.0,107.0,0.686929,174.0,159.0,0.76713926,151.0,156.0,0.87623614,169.0,223.0,0.88988996,111.0,175.0,0.7693326,166.0,279.0,0.8814662,153.0,189.0,0.82015,7,tree
tree/guy1_tree113_flipped.jpg,138.0,65.0,0.8223758,138.0,61.0,0.7328473,131.0,61.0,0.7196331,134.0,62.0,0.7785205,118.0,64.0,0.7452956,146.0,89.0,0.85536367,105.0,95.0,0.82673585,167.0,127.0,0.7347123,109.0,129.0,0.7368797,152.0,108.0,0.69495684,142.0,110.0,0.8649781,147.0,156.0,0.87203884,124.0,160.0,0.8769854,188.0,175.0,0.86186236,132.0,224.0,0.7436943,143.0,200.0,0.39062783,134.0,283.0,0.8350265,7,tree
tree/guy1_tree115.jpg,160.0,68.0,0.6748644,166.0,64.0,0.9053537,159.0,63.0,0.5962421,178.0,67.0,0.8372837,164.0,65.0,0.64161277,189.0,95.0,0.83810556,151.0,88.0,0.83448637,184.0,127.0,0.83270943,127.0,126.0,0.89814645,155.0,106.0,0.8011445,145.0,106.0,0.763994,171.0,161.0,0.91666865,148.0,158.0,0.8578245,166.0,226.0,0.8872563,109.0,176.0,0.750576,163.0,283.0,0.9314539,150.0,191.0,0.83694476,7,tree
tree/guy1_tree115_flipped.jpg,141.0,68.0,0.8046552,141.0,63.0,0.9065707,135.0,63.0,0.74083555,137.0,65.0,0.44536665,121.0,66.0,0.81119984,149.0,90.0,0.8042541,109.0,96.0,0.8561343,171.0,125.0,0.7795607,116.0,128.0,0.8946127,156.0,106.0,0.7393242,144.0,107.0,0.71880066,149.0,157.0,0.8035495,126.0,161.0,0.91645676,190.0,176.0,0.88361764,134.0,226.0,0.6803582,149.0,190.0,0.6356714,137.0,283.0,0.9314032,7,tree
tree/guy1_tree116.jpg,157.0,68.0,0.7846204,163.0,64.0,0.8595942,157.0,63.0,0.7219153,176.0,67.0,0.8237048,162.0,65.0,0.62544006,188.0,95.0,0.804073,149.0,88.0,0.79530114,181.0,125.0,0.8766998,125.0,124.0,0.8531861,153.0,102.0,0.6920891,142.0,103.0,0.6041658,169.0,161.0,0.7040821,147.0,159.0,0.9018868,164.0,228.0,0.8944377,109.0,176.0,0.8254889,161.0,282.0,0.9097617,148.0,190.0,0.82522404,7,tree
tree/guy1_tree116_flipped.jpg,143.0,68.0,0.78374434,143.0,64.0,0.7304659,137.0,64.0,0.67507446,137.0,66.0,0.76263213,124.0,67.0,0.6762644,150.0,91.0,0.76783705,110.0,96.0,0.76808786,175.0,123.0,0.8779593,120.0,126.0,0.7685416,159.0,103.0,0.77038693,148.0,104.0,0.76685596,151.0,157.0,0.8028905,128.0,162.0,0.9161059,192.0,176.0,0.9097381,136.0,227.0,0.7562512,150.0,190.0,0.68835115,138.0,283.0,0.9310758,7,tree
tree/guy1_tree117.jpg,155.0,69.0,0.7510552,162.0,65.0,0.7975817,156.0,64.0,0.72066265,175.0,68.0,0.7501756,161.0,66.0,0.63516575,187.0,95.0,0.7158855,148.0,90.0,0.82460606,177.0,123.0,0.8176111,123.0,122.0,0.76027083,152.0,101.0,0.7534286,141.0,101.0,0.6667721,168.0,163.0,0.7143985,146.0,160.0,0.9050094,163.0,228.0,0.8873254,109.0,176.0,0.8279182,159.0,283.0,0.8908519,146.0,191.0,0.79252726,7,tree
tree/guy1_tree117_flipped.jpg,144.0,69.0,0.778429,145.0,64.0,0.69595027,138.0,64.0,0.641096,139.0,66.0,0.7688477,125.0,68.0,0.658157,152.0,93.0,0.6537453,112.0,96.0,0.80885345,177.0,122.0,0.81053627,125.0,125.0,0.5809433,160.0,100.0,0.78464156,149.0,101.0,0.78579384,152.0,158.0,0.7715975,130.0,163.0,0.90971535,193.0,178.0,0.9233597,137.0,228.0,0.74616873,152.0,191.0,0.705057,140.0,284.0,0.92561865,7,tree
tree/guy1_tree120.jpg,150.0,69.0,0.74576133,156.0,66.0,0.8024137,151.0,65.0,0.7575271,169.0,69.0,0.60504735,159.0,68.0,0.6917083,182.0,94.0,0.6668991,145.0,94.0,0.70604706,165.0,117.0,0.8380689,117.0,114.0,0.9377898,145.0,90.0,0.5801041,133.0,91.0,0.7336569,163.0,165.0,0.79622924,143.0,162.0,0.9452514,158.0,229.0,0.842432,106.0,177.0,0.855982,155.0,284.0,0.90901166,142.0,191.0,0.8263753,7,tree
tree/guy1_tree120_flipped.jpg,149.0,69.0,0.77672344,148.0,65.0,0.85264933,144.0,65.0,0.8406474,140.0,67.0,0.57946086,130.0,69.0,0.73582715,155.0,95.0,0.7516451,117.0,95.0,0.84458506,181.0,114.0,0.92676115,136.0,118.0,0.6172074,165.0,90.0,0.7522811,157.0,90.0,0.7456897,157.0,160.0,0.71047795,135.0,164.0,0.87248325,194.0,178.0,0.893662,143.0,228.0,0.82737553,157.0,193.0,0.76052195,144.0,286.0,0.8983087,7,tree
tree/guy1_tree122.jpg,146.0,70.0,0.68459666,151.0,66.0,0.7232125,147.0,65.0,0.74769646,165.0,72.0,0.74767745,155.0,68.0,0.613303,179.0,95.0,0.8998235,141.0,96.0,0.88633984,159.0,110.0,0.78417814,112.0,108.0,0.9107937,141.0,81.0,0.6044817,128.0,84.0,0.8456071,158.0,167.0,0.7794217,140.0,162.0,0.8593717,154.0,231.0,0.8226373,103.0,179.0,0.7930012,152.0,285.0,0.93341666,137.0,194.0,0.8583802,7,tree
tree/guy1_tree122_flipped.jpg,154.0,71.0,0.66472477,152.0,67.0,0.77786946,149.0,68.0,0.54330885,143.0,70.0,0.62008893,134.0,73.0,0.6321059,156.0,96.0,0.69863343,120.0,94.0,0.7571025,186.0,108.0,0.82353985,143.0,112.0,0.7814055,169.0,84.0,0.8375467,159.0,82.0,0.6899986,160.0,162.0,0.8354198,139.0,167.0,0.901019,196.0,180.0,0.86781603,146.0,231.0,0.8155925,160.0,193.0,0.74610525,147.0,286.0,0.9204843,7,tree
tree/guy1_tree123.jpg,145.0,71.0,0.67829853,151.0,68.0,0.7846452,145.0,67.0,0.63378906,164.0,73.0,0.7905141,150.0,70.0,0.4671286,176.0,94.0,0.9238336,140.0,96.0,0.87481153,157.0,106.0,0.87942576,111.0,106.0,0.8357731,140.0,77.0,0.6115993,127.0,79.0,0.79503393,157.0,167.0,0.7598097,139.0,163.0,0.8433784,152.0,232.0,0.8662694,104.0,179.0,0.88754934,151.0,286.0,0.8883072,137.0,193.0,0.7524226,7,tree
tree/guy1_tree123_flipped.jpg,153.0,71.0,0.7133974,152.0,67.0,0.7900523,149.0,67.0,0.7571184,145.0,70.0,0.65099776,135.0,74.0,0.5579952,158.0,93.0,0.68328524,122.0,95.0,0.94970226,188.0,105.0,0.7251126,146.0,107.0,0.804996,170.0,79.0,0.76747805,160.0,78.0,0.72579455,162.0,162.0,0.8308337,140.0,166.0,0.87800723,196.0,180.0,0.90123564,147.0,230.0,0.777973,162.0,193.0,0.72957236,149.0,285.0,0.9384001,7,tree
tree/guy1_tree124.jpg,144.0,73.0,0.5068631,149.0,70.0,0.7299963,143.0,68.0,0.5698204,163.0,75.0,0.74170065,148.0,71.0,0.47049654,176.0,94.0,0.88831544,138.0,96.0,0.89318055,155.0,103.0,0.82372534,110.0,102.0,0.821581,136.0,73.0,0.699805,125.0,75.0,0.8161293,157.0,167.0,0.80250263,138.0,163.0,0.85015094,150.0,232.0,0.7922336,104.0,179.0,0.90968746,150.0,286.0,0.904923,136.0,194.0,0.8220655,7,tree
tree/guy1_tree124_flipped.jpg,153.0,74.0,0.6637194,154.0,68.0,0.6408435,149.0,70.0,0.7439212,149.0,72.0,0.5457815,136.0,75.0,0.6854192,159.0,94.0,0.7027031,125.0,94.0,0.9224268,189.0,101.0,0.8902279,150.0,103.0,0.76048887,173.0,75.0,0.7714238,163.0,75.0,0.693661,163.0,162.0,0.70358574,142.0,167.0,0.7679871,197.0,181.0,0.9182638,149.0,232.0,0.83530414,164.0,194.0,0.75070643,150.0,286.0,0.91874486,7,tree
tree/guy1_tree127.jpg,139.0,77.0,0.49651775,144.0,74.0,0.67694145,139.0,73.0,0.5054617,159.0,76.0,0.7879321,146.0,74.0,0.5754735,169.0,93.0,0.8021056,138.0,93.0,0.7938981,145.0,94.0,0.55816376,108.0,92.0,0.83789134,131.0,65.0,0.72857296,121.0,66.0,0.7297884,152.0,167.0,0.88620156,133.0,163.0,0.78646904,146.0,233.0,0.8188001,101.0,180.0,0.79416823,146.0,287.0,0.87566376,131.0,195.0,0.7120939,7,tree
tree/guy1_tree127_flipped.jpg,158.0,78.0,0.6139909,157.0,72.0,0.7547061,154.0,73.0,0.68699765,151.0,75.0,0.5362932,142.0,77.0,0.7880111,162.0,92.0,0.7602144,131.0,92.0,0.9233363,194.0,92.0,0.745433,158.0,95.0,0.7588747,177.0,67.0,0.8020697,169.0,66.0,0.81028056,166.0,163.0,0.69139516,145.0,167.0,0.7697232,199.0,180.0,0.8944022,153.0,233.0,0.8528236,166.0,200.0,0.5765197,153.0,287.0,0.8904568,7,tree
tree/guy1_tree128.jpg,137.0,78.0,0.55512345,142.0,75.0,0.6954371,138.0,74.0,0.5735706,156.0,78.0,0.7002803,146.0,74.0,0.55640686,168.0,93.0,0.84491086,135.0,91.0,0.7900069,144.0,91.0,0.6079544,105.0,88.0,0.8845911,129.0,62.0,0.80215687,120.0,62.0,0.8436722,151.0,169.0,0.73615545,132.0,164.0,0.81631434,145.0,235.0,0.8752605,101.0,180.0,0.83595645,144.0,288.0,0.9242299,131.0,194.0,0.79544914,7,tree
tree/guy1_tree128_flipped.jpg,160.0,79.0,0.57218486,159.0,74.0,0.58909315,155.0,75.0,0.7406151,154.0,75.0,0.70362836,143.0,78.0,0.69901365,164.0,91.0,0.8048756,132.0,92.0,0.6615461,195.0,88.0,0.92361814,158.0,89.0,0.67091954,178.0,62.0,0.8634497,171.0,62.0,0.8189567,168.0,163.0,0.7149228,146.0,168.0,0.69148666,200.0,180.0,0.6806319,154.0,234.0,0.7825792,169.0,195.0,0.75122654,156.0,287.0,0.9091393,7,tree
tree/guy1_tree129.jpg,137.0,79.0,0.6341722,142.0,75.0,0.5908686,136.0,74.0,0.69070995,155.0,77.0,0.67578906,140.0,74.0,0.6189302,166.0,93.0,0.89821637,133.0,91.0,0.8332641,141.0,86.0,0.64263976,104.0,82.0,0.84261376,129.0,58.0,0.83406717,118.0,58.0,0.7183293,149.0,169.0,0.7379365,130.0,165.0,0.90404236,142.0,235.0,0.7211521,100.0,180.0,0.6836228,143.0,288.0,0.9153864,129.0,194.0,0.79121006,7,tree
tree/guy1_tree129_flipped.jpg,160.0,80.0,0.5689826,159.0,75.0,0.6759623,156.0,76.0,0.65263253,156.0,76.0,0.6858602,146.0,79.0,0.57040775,165.0,91.0,0.8035483,134.0,93.0,0.7958087,194.0,82.0,0.92378604,159.0,87.0,0.69258153,178.0,58.0,0.84093297,171.0,57.0,0.8274442,170.0,163.0,0.7308801,147.0,168.0,0.87394184,201.0,180.0,0.73766553,156.0,234.0,0.78219926,171.0,193.0,0.68679106,157.0,287.0,0.8913938,7,tree
tree/guy1_tree130.jpg,137.0,80.0,0.5935166,141.0,75.0,0.60338855,136.0,74.0,0.69731593,153.0,78.0,0.76141,141.0,74.0,0.67297804,164.0,95.0,0.85928226,132.0,91.0,0.8676039,143.0,81.0,0.5948459,105.0,76.0,0.9484515,128.0,52.0,0.73220444,118.0,52.0,0.7435841,149.0,168.0,0.8744652,129.0,165.0,0.92095596,141.0,235.0,0.7911207,100.0,180.0,0.86221814,142.0,287.0,0.90529895,128.0,194.0,0.7439371,7,tree
tree/guy1_tree130_flipped.jpg,163.0,78.0,0.45446905,162.0,73.0,0.50641084,158.0,74.0,0.55887413,157.0,72.0,0.6148931,147.0,76.0,0.6844175,166.0,87.0,0.72669345,134.0,91.0,0.7892631,192.0,77.0,0.85123295,159.0,82.0,0.40629107,178.0,53.0,0.8672032,170.0,52.0,0.7860242,171.0,164.0,0.7936244,148.0,169.0,0.87201005,199.0,179.0,0.9027021,157.0,235.0,0.7686816,170.0,195.0,0.66602004,156.0,284.0,0.93974155,7,tree
tree/guy1_tree131.jpg,138.0,79.0,0.5174681,143.0,75.0,0.50931966,137.0,73.0,0.5867077,153.0,79.0,0.744249,142.0,75.0,0.66990626,163.0,98.0,0.6988455,133.0,91.0,0.6977525,143.0,78.0,0.62174773,106.0,73.0,0.8736664,129.0,48.0,0.6520967,119.0,48.0,0.7340321,148.0,170.0,0.8635423,129.0,166.0,0.9051938,140.0,236.0,0.84455746,100.0,179.0,0.7769871,141.0,288.0,0.92188543,127.0,194.0,0.6648748,7,tree
tree/guy1_tree131_flipped.jpg,161.0,79.0,0.53595734,161.0,74.0,0.6411855,156.0,75.0,0.53905374,158.0,73.0,0.46201444,146.0,78.0,0.6800997,166.0,88.0,0.67953765,137.0,93.0,0.82016236,191.0,73.0,0.7918581,160.0,78.0,0.3502271,179.0,48.0,0.7885688,170.0,47.0,0.7684932,172.0,165.0,0.84736365,149.0,169.0,0.7875099,199.0,178.0,0.85842764,157.0,235.0,0.83711576,171.0,194.0,0.6313138,158.0,286.0,0.90197235,7,tree
tree/guy1_tree132.jpg,136.0,80.0,0.48497078,140.0,76.0,0.5413983,136.0,74.0,0.50402045,151.0,80.0,0.675393,142.0,76.0,0.64173055,161.0,102.0,0.7668377,134.0,94.0,0.84744817,142.0,73.0,0.60377634,109.0,71.0,0.86021775,129.0,44.0,0.5971053,119.0,45.0,0.723164,145.0,170.0,0.8075969,128.0,167.0,0.93136895,139.0,236.0,0.7959096,101.0,179.0,0.76670873,140.0,287.0,0.9241059,125.0,194.0,0.7213899,7,tree
tree/guy1_tree132_flipped.jpg,159.0,76.0,0.50105774,158.0,73.0,0.582728,155.0,73.0,0.6309744,157.0,74.0,0.5992363,145.0,77.0,0.7104136,167.0,90.0,0.8063495,137.0,95.0,0.8752364,190.0,70.0,0.8872357,157.0,70.0,0.59365666,179.0,43.0,0.8190477,170.0,43.0,0.7731462,172.0,166.0,0.8831607,150.0,170.0,0.8989737,200.0,180.0,0.6115494,158.0,236.0,0.8688608,172.0,194.0,0.6459291,159.0,287.0,0.85453296,7,tree
tree/guy1_tree134.jpg,132.0,78.0,0.58420306,136.0,75.0,0.46329427,134.0,74.0,0.4969605,148.0,79.0,0.60798824,143.0,77.0,0.6574082,158.0,100.0,0.72860867,134.0,93.0,0.7091812,143.0,65.0,0.7083329,115.0,65.0,0.83219576,133.0,33.0,0.64618504,125.0,35.0,0.67677665,145.0,170.0,0.83731544,127.0,166.0,0.9187066,138.0,236.0,0.92650455,102.0,178.0,0.8268157,139.0,287.0,0.8944896,126.0,196.0,0.675938,7,tree
tree/guy1_tree134_flipped.jpg,167.0,80.0,0.5580087,164.0,75.0,0.7354083,163.0,75.0,0.52989405,157.0,75.0,0.53702384,150.0,77.0,0.6959105,166.0,93.0,0.7985418,139.0,99.0,0.66257393,185.0,64.0,0.83208084,159.0,64.0,0.4829817,177.0,36.0,0.6709558,168.0,34.0,0.7518597,172.0,166.0,0.8880367,152.0,172.0,0.81145227,198.0,179.0,0.7784358,159.0,236.0,0.88332444,172.0,196.0,0.54829603,160.0,287.0,0.8140006,7,tree
tree/guy1_tree135.jpg,131.0,78.0,0.59080815,135.0,75.0,0.5614549,133.0,74.0,0.7301597,148.0,79.0,0.71940255,142.0,76.0,0.656952,157.0,100.0,0.63767904,134.0,94.0,0.7680309,142.0,59.0,0.6671393,117.0,64.0,0.87516785,133.0,32.0,0.69604105,124.0,34.0,0.66702706,143.0,170.0,0.84488946,127.0,165.0,0.9125676,137.0,236.0,0.81668866,101.0,178.0,0.8024336,138.0,287.0,0.92698896,124.0,195.0,0.625324,7,tree
tree/guy1_tree135_flipped.jpg,168.0,81.0,0.5757531,166.0,75.0,0.7077704,164.0,75.0,0.6943202,158.0,75.0,0.5873079,153.0,77.0,0.70568496,164.0,92.0,0.79097795,141.0,98.0,0.7251408,182.0,61.0,0.7023621,161.0,59.0,0.5535505,175.0,31.0,0.59009564,167.0,30.0,0.6479374,172.0,167.0,0.8682146,153.0,173.0,0.79291946,198.0,177.0,0.837179,160.0,238.0,0.88335574,174.0,196.0,0.53744143,162.0,287.0,0.8513131,7,tree
tree/guy1_tree137.jpg,132.0,79.0,0.62583005,137.0,76.0,0.5911672,133.0,75.0,0.5392518,148.0,80.0,0.5548459,141.0,78.0,0.6327647,155.0,101.0,0.84933907,134.0,96.0,0.64664173,140.0,58.0,0.532277,124.0,59.0,0.82857543,136.0,31.0,0.5575856,127.0,31.0,0.5863296,142.0,171.0,0.81004155,127.0,168.0,0.9239603,136.0,236.0,0.8230686,102.0,177.0,0.5906631,137.0,287.0,0.90652895,123.0,195.0,0.5676829,7,tree
tree/guy1_tree137_flipped.jpg,167.0,78.0,0.5563429,165.0,73.0,0.5681699,163.0,73.0,0.62541735,159.0,76.0,0.64982224,150.0,77.0,0.6167561,164.0,93.0,0.74367857,142.0,100.0,0.7910905,177.0,58.0,0.79064274,160.0,58.0,0.5649457,172.0,29.0,0.57758844,164.0,27.0,0.769019,173.0,167.0,0.8617374,155.0,173.0,0.69840825,196.0,177.0,0.5957191,161.0,237.0,0.88272923,175.0,205.0,0.3459572,162.0,286.0,0.8625586,7,tree
tree/guy1_tree139_flipped.jpg,168.0,80.0,0.46659046,164.0,75.0,0.47834608,163.0,75.0,0.62360716,155.0,78.0,0.61687815,152.0,79.0,0.51126003,163.0,94.0,0.81952643,144.0,101.0,0.5119303,168.0,60.0,0.72425556,160.0,57.0,0.5095105,169.0,34.0,0.6596599,161.0,30.0,0.3851044,171.0,167.0,0.9108319,156.0,172.0,0.72604644,192.0,177.0,0.6644331,161.0,236.0,0.8320299,172.0,206.0,0.3252927,162.0,286.0,0.9043847,7,tree
tree/guy1_tree140_flipped.jpg,167.0,80.0,0.53347784,163.0,76.0,0.60021305,163.0,76.0,0.6977408,154.0,78.0,0.6793065,151.0,80.0,0.5309447,161.0,95.0,0.8005014,144.0,100.0,0.7051398,167.0,60.0,0.7270013,160.0,58.0,0.49380127,167.0,33.0,0.66324425,159.0,29.0,0.4345077,170.0,166.0,0.9018779,155.0,172.0,0.73848414,192.0,176.0,0.6309675,161.0,236.0,0.8013619,172.0,199.0,0.36443508,161.0,285.0,0.911004,7,tree
tree/guy1_tree141_flipped.jpg,166.0,79.0,0.62437636,162.0,76.0,0.66054064,161.0,76.0,0.50644916,153.0,79.0,0.68824124,150.0,80.0,0.64172196,160.0,96.0,0.8059576,144.0,101.0,0.65407217,166.0,60.0,0.599024,159.0,58.0,0.47458872,168.0,36.0,0.6017209,159.0,32.0,0.25847617,168.0,168.0,0.9013051,155.0,172.0,0.76205397,190.0,176.0,0.7705486,160.0,235.0,0.82067835,172.0,205.0,0.4363761,161.0,285.0,0.9230862,7,tree
tree/guy1_tree143_flipped.jpg,166.0,81.0,0.62092614,162.0,78.0,0.4958898,162.0,78.0,0.5038971,153.0,80.0,0.7048612,150.0,81.0,0.63379586,158.0,97.0,0.7087841,144.0,100.0,0.7699974,165.0,61.0,0.55789334,159.0,59.0,0.5247469,167.0,38.0,0.58071345,159.0,34.0,0.26114976,168.0,168.0,0.9118268,156.0,172.0,0.71257114,184.0,176.0,0.29884925,160.0,235.0,0.8260869,170.0,208.0,0.24148105,159.0,283.0,0.888884,7,tree
tree/guy1_tree144.jpg,134.0,82.0,0.59662074,138.0,79.0,0.6058077,137.0,78.0,0.6584295,151.0,82.0,0.6736344,148.0,81.0,0.67548573,156.0,103.0,0.63732564,141.0,102.0,0.7627337,142.0,60.0,0.4953707,134.0,59.0,0.49513632,140.0,44.0,0.2128021,137.0,62.0,0.101319775,143.0,173.0,0.763812,135.0,170.0,0.81417096,140.0,234.0,0.84472203,114.0,175.0,0.6648979,141.0,283.0,0.78101134,128.0,201.0,0.38423055,7,tree
tree/guy1_tree144_flipped.jpg,164.0,82.0,0.6016084,161.0,78.0,0.6360069,160.0,78.0,0.699101,151.0,81.0,0.6777163,149.0,82.0,0.659584,157.0,98.0,0.7000202,142.0,103.0,0.71096456,163.0,62.0,0.57641363,157.0,60.0,0.54627275,166.0,39.0,0.58459,158.0,35.0,0.18132587,167.0,168.0,0.9025144,155.0,172.0,0.8408771,184.0,176.0,0.5134567,159.0,234.0,0.8373866,170.0,206.0,0.28901255,158.0,282.0,0.8944946,7,tree
tree/guy1_tree149.jpg,142.0,84.0,0.6327458,145.0,79.0,0.6211202,144.0,79.0,0.6462486,157.0,82.0,0.5805882,156.0,82.0,0.56780386,162.0,103.0,0.78527015,152.0,104.0,0.69533145,149.0,60.0,0.56003916,148.0,140.0,0.21000607,147.0,49.0,0.22791328,132.0,169.0,0.5676223,149.0,170.0,0.6881213,145.0,170.0,0.7878926,146.0,230.0,0.77298486,143.0,221.0,0.23119088,148.0,278.0,0.6584716,148.0,277.0,0.24533908,7,tree
tree/guy1_tree149_flipped.jpg,157.0,80.0,0.59435403,153.0,77.0,0.4585106,153.0,77.0,0.41454968,143.0,81.0,0.58387566,142.0,82.0,0.56108034,149.0,101.0,0.79742205,137.0,101.0,0.7902221,153.0,61.0,0.42416534,150.0,59.0,0.5354013,157.0,43.0,0.42303643,153.0,40.0,0.2332144,155.0,169.0,0.87195146,149.0,170.0,0.8482698,161.0,222.0,0.28767255,152.0,231.0,0.596226,151.0,277.0,0.2614107,151.0,278.0,0.8808332,7,tree
tree/guy2_tree085_flipped.jpg,120.0,61.0,0.6294863,130.0,57.0,0.7131665,120.0,52.0,0.61701244,156.0,57.0,0.7310684,130.0,46.0,0.14997946,176.0,111.0,0.78333944,121.0,70.0,0.6391469,173.0,187.0,0.6287458,85.0,92.0,0.75381374,116.0,155.0,0.7357692,90.0,127.0,0.71755826,153.0,188.0,0.47588193,116.0,177.0,0.58804214,187.0,281.0,0.6474912,126.0,223.0,0.43040136,180.0,246.0,0.2756955,140.0,266.0,0.6544502,7,tree
tree/guy2_tree087_flipped.jpg,126.0,60.0,0.4192338,136.0,54.0,0.6348249,126.0,50.0,0.43645453,162.0,54.0,0.7680832,131.0,46.0,0.1172661,180.0,109.0,0.704141,122.0,71.0,0.55330884,176.0,182.0,0.7034211,83.0,98.0,0.73823035,121.0,145.0,0.45690864,95.0,125.0,0.6803609,157.0,192.0,0.63591236,121.0,184.0,0.655113,198.0,275.0,0.7562592,133.0,229.0,0.5314138,187.0,244.0,0.28156054,142.0,273.0,0.72213596,7,tree
tree/guy2_tree088_flipped.jpg,128.0,58.0,0.72775054,138.0,52.0,0.7820198,127.0,48.0,0.5669633,163.0,52.0,0.6340808,134.0,44.0,0.10525247,182.0,107.0,0.78904307,122.0,72.0,0.64138234,178.0,178.0,0.54459643,83.0,102.0,0.8242113,123.0,139.0,0.6696472,101.0,128.0,0.6072897,161.0,188.0,0.6424093,124.0,184.0,0.7188124,202.0,271.0,0.7348237,136.0,231.0,0.51138884,188.0,239.0,0.3187366,143.0,275.0,0.68650293,7,tree
tree/guy2_tree090_flipped.jpg,132.0,54.0,0.65831876,141.0,49.0,0.71396834,131.0,45.0,0.5240005,166.0,49.0,0.7844776,136.0,41.0,0.12693155,185.0,100.0,0.8215964,124.0,70.0,0.75840056,181.0,170.0,0.5949544,83.0,107.0,0.8677742,127.0,131.0,0.66568923,113.0,123.0,0.6586468,165.0,184.0,0.548767,128.0,184.0,0.7639712,210.0,263.0,0.70395005,139.0,232.0,0.667681,188.0,232.0,0.31969905,145.0,276.0,0.66918397,7,tree
tree/guy2_tree091.jpg,164.0,53.0,0.5788188,166.0,44.0,0.73648375,155.0,48.0,0.6093306,164.0,39.0,0.12443229,131.0,47.0,0.458671,172.0,70.0,0.7019849,113.0,99.0,0.8456986,213.0,106.0,0.80712306,117.0,164.0,0.44078925,185.0,119.0,0.47336972,168.0,129.0,0.713856,170.0,178.0,0.5711731,134.0,180.0,0.6791123,157.0,231.0,0.5630337,85.0,261.0,0.770872,152.0,277.0,0.73669744,104.0,228.0,0.19122222,7,tree
tree/guy2_tree091_flipped.jpg,135.0,53.0,0.5072428,144.0,47.0,0.4785377,133.0,44.0,0.69100904,168.0,47.0,0.51216245,137.0,41.0,0.15851803,186.0,98.0,0.78854585,125.0,69.0,0.7350484,182.0,166.0,0.4109143,85.0,106.0,0.8529254,129.0,127.0,0.5893588,115.0,121.0,0.49208346,165.0,181.0,0.65904844,130.0,181.0,0.674868,211.0,257.0,0.7263031,139.0,230.0,0.6924107,196.0,229.0,0.43064255,147.0,276.0,0.77661395,7,tree
tree/guy2_tree092_flipped.jpg,138.0,50.0,0.6685641,147.0,45.0,0.7503085,135.0,41.0,0.5480192,170.0,44.0,0.78582245,139.0,37.0,0.14857572,187.0,94.0,0.56512845,127.0,69.0,0.7050754,185.0,163.0,0.49934584,87.0,106.0,0.8671787,131.0,124.0,0.5212568,120.0,121.0,0.676165,166.0,179.0,0.804631,130.0,179.0,0.7914727,213.0,252.0,0.7134136,140.0,227.0,0.6500617,198.0,225.0,0.39602053,148.0,276.0,0.8008223,7,tree
tree/guy2_tree094.jpg,159.0,48.0,0.45978376,161.0,39.0,0.72916293,149.0,42.0,0.46584815,158.0,37.0,0.13300528,128.0,42.0,0.54317546,167.0,70.0,0.62875456,111.0,92.0,0.7075802,207.0,104.0,0.85216653,112.0,153.0,0.45115227,175.0,113.0,0.42754495,163.0,121.0,0.7143093,167.0,175.0,0.652059,131.0,175.0,0.7914274,156.0,226.0,0.66241825,81.0,244.0,0.76458406,149.0,273.0,0.83813024,93.0,223.0,0.1492555,7,tree
tree/guy2_tree094_flipped.jpg,140.0,47.0,0.483146,149.0,42.0,0.38338926,137.0,38.0,0.7009366,171.0,42.0,0.49989033,142.0,36.0,0.16665898,189.0,89.0,0.657782,129.0,68.0,0.8165251,186.0,154.0,0.57208604,91.0,103.0,0.75741446,136.0,120.0,0.47232383,122.0,116.0,0.6627537,170.0,174.0,0.8072972,133.0,175.0,0.5802131,217.0,244.0,0.5833312,143.0,225.0,0.7148361,200.0,220.0,0.33185184,150.0,274.0,0.8384628,7,tree
tree/guy2_tree095.jpg,158.0,47.0,0.5395643,160.0,39.0,0.5940068,148.0,41.0,0.60552007,157.0,37.0,0.14515916,127.0,41.0,0.55354667,167.0,69.0,0.5545136,111.0,90.0,0.7061002,206.0,103.0,0.79487216,111.0,151.0,0.49252748,175.0,110.0,0.4355727,161.0,118.0,0.768613,166.0,173.0,0.5383358,130.0,172.0,0.7126701,156.0,225.0,0.61768854,80.0,241.0,0.8266028,149.0,272.0,0.80878294,96.0,213.0,0.18929453,7,tree
tree/guy2_tree095_flipped.jpg,141.0,47.0,0.5712049,150.0,41.0,0.59622693,139.0,38.0,0.6603931,172.0,41.0,0.5992595,144.0,36.0,0.18906008,189.0,89.0,0.7472209,130.0,67.0,0.7846573,188.0,150.0,0.60509086,92.0,103.0,0.73809236,136.0,117.0,0.57509315,124.0,114.0,0.55142605,171.0,171.0,0.7289914,134.0,172.0,0.7312099,218.0,239.0,0.52692354,143.0,223.0,0.6412016,202.0,215.0,0.32189283,151.0,273.0,0.8231095,7,tree
tree/guy2_tree098.jpg,156.0,46.0,0.616603,158.0,39.0,0.66086316,147.0,40.0,0.76980036,156.0,38.0,0.19422036,128.0,41.0,0.67548096,167.0,69.0,0.51935196,113.0,87.0,0.84697133,203.0,103.0,0.78580076,111.0,141.0,0.66747046,170.0,109.0,0.42277074,158.0,115.0,0.81815875,165.0,170.0,0.7207704,130.0,167.0,0.75291497,155.0,222.0,0.6740941,79.0,229.0,0.76018196,148.0,268.0,0.84370196,95.0,206.0,0.18335597,7,tree
tree/guy2_tree098_flipped.jpg,144.0,46.0,0.57210726,152.0,40.0,0.7984209,141.0,38.0,0.64953506,171.0,41.0,0.6915444,145.0,37.0,0.21346606,187.0,85.0,0.500896,131.0,68.0,0.5856017,189.0,141.0,0.634151,95.0,103.0,0.6879661,138.0,114.0,0.48561233,129.0,111.0,0.6369415,171.0,167.0,0.7396078,136.0,169.0,0.71654326,219.0,228.0,0.8447017,143.0,219.0,0.5831975,202.0,206.0,0.45233223,152.0,269.0,0.8397314,7,tree
tree/guy2_tree099.jpg,156.0,46.0,0.5960671,158.0,39.0,0.70090073,147.0,40.0,0.74905896,156.0,38.0,0.22614087,129.0,41.0,0.6083517,167.0,70.0,0.7343743,113.0,87.0,0.86792755,202.0,104.0,0.79868007,110.0,139.0,0.6520686,170.0,109.0,0.46888292,157.0,114.0,0.7984189,164.0,170.0,0.69851434,130.0,165.0,0.65164495,155.0,219.0,0.6636493,79.0,226.0,0.6883222,148.0,267.0,0.8282846,94.0,204.0,0.16443938,7,tree
tree/guy2_tree099_flipped.jpg,144.0,47.0,0.60538816,152.0,42.0,0.7281272,141.0,39.0,0.68783617,170.0,42.0,0.559217,144.0,38.0,0.25813356,187.0,85.0,0.8242886,131.0,69.0,0.5866215,189.0,139.0,0.70539725,96.0,104.0,0.8114588,138.0,113.0,0.54574287,129.0,110.0,0.5950729,171.0,166.0,0.7147485,137.0,169.0,0.79443777,219.0,225.0,0.87560135,143.0,217.0,0.7603023,200.0,198.0,0.48605618,152.0,269.0,0.898793,7,tree
tree/guy2_tree103.jpg,155.0,48.0,0.5647794,157.0,42.0,0.5998287,147.0,43.0,0.73696685,157.0,42.0,0.26700443,130.0,44.0,0.66042674,167.0,74.0,0.5117913,116.0,86.0,0.7089507,200.0,107.0,0.73392797,110.0,134.0,0.62459314,170.0,108.0,0.510907,155.0,112.0,0.70240724,164.0,167.0,0.7143724,130.0,161.0,0.5779971,155.0,219.0,0.70061266,80.0,216.0,0.7241313,148.0,267.0,0.7068868,99.0,201.0,0.14397429,7,tree
tree/guy2_tree103_flipped.jpg,145.0,49.0,0.5824462,152.0,44.0,0.80557126,142.0,42.0,0.5921168,169.0,44.0,0.64348876,143.0,42.0,0.29129156,183.0,84.0,0.6781564,130.0,72.0,0.77571076,189.0,133.0,0.7603935,97.0,107.0,0.68241966,142.0,111.0,0.46445692,131.0,110.0,0.6271523,170.0,162.0,0.74379534,138.0,166.0,0.8317683,219.0,215.0,0.82652164,143.0,217.0,0.8278246,198.0,195.0,0.43316236,151.0,268.0,0.88055736,7,tree
tree/guy2_tree105.jpg,154.0,49.0,0.56427634,157.0,43.0,0.7249825,147.0,44.0,0.77693534,157.0,43.0,0.30398062,131.0,45.0,0.5418795,168.0,75.0,0.6342595,117.0,86.0,0.7852851,199.0,108.0,0.8343361,111.0,132.0,0.64649665,169.0,108.0,0.60472286,153.0,112.0,0.5929531,163.0,168.0,0.69190603,130.0,161.0,0.56076556,155.0,218.0,0.72004545,80.0,212.0,0.6073805,149.0,267.0,0.8274353,96.0,199.0,0.16746752,7,tree
tree/guy2_tree105_flipped.jpg,146.0,50.0,0.59941626,153.0,45.0,0.77318585,142.0,43.0,0.7501864,168.0,45.0,0.64849347,143.0,42.0,0.38924706,183.0,84.0,0.73736465,130.0,73.0,0.7880042,189.0,132.0,0.735623,98.0,109.0,0.7612667,143.0,111.0,0.3508121,132.0,110.0,0.6288637,170.0,162.0,0.87015474,137.0,167.0,0.82453036,220.0,211.0,0.7948306,143.0,216.0,0.82282394,202.0,193.0,0.4592698,151.0,269.0,0.8970055,7,tree
tree/guy2_tree110.jpg,153.0,48.0,0.62015986,157.0,43.0,0.6992681,146.0,43.0,0.7305485,159.0,43.0,0.3584773,133.0,44.0,0.7491363,170.0,76.0,0.81873155,118.0,83.0,0.8550895,197.0,109.0,0.77385134,108.0,126.0,0.7153424,166.0,107.0,0.48618612,149.0,110.0,0.69141716,163.0,163.0,0.7460578,129.0,156.0,0.6642022,154.0,216.0,0.67394274,78.0,200.0,0.79336035,149.0,267.0,0.69371855,119.0,187.0,0.1086685,7,tree
tree/guy2_tree110_flipped.jpg,146.0,49.0,0.72742677,153.0,44.0,0.7873039,143.0,43.0,0.7318839,166.0,44.0,0.8152117,142.0,42.0,0.60767865,181.0,80.0,0.67626286,128.0,74.0,0.59601843,191.0,126.0,0.83435977,99.0,109.0,0.86245626,149.0,109.0,0.44700032,135.0,108.0,0.60415494,170.0,157.0,0.9038103,138.0,162.0,0.81733614,223.0,202.0,0.7339909,145.0,215.0,0.8750287,203.0,184.0,0.4785491,151.0,269.0,0.7885984,7,tree
tree/guy2_tree111.jpg,153.0,48.0,0.59289056,157.0,42.0,0.6670513,147.0,43.0,0.70137596,159.0,43.0,0.38335022,133.0,44.0,0.7584839,170.0,75.0,0.78771704,119.0,82.0,0.8538761,197.0,109.0,0.7828435,108.0,125.0,0.7549254,166.0,106.0,0.51656735,149.0,108.0,0.6351979,163.0,162.0,0.7369187,129.0,155.0,0.8283436,154.0,214.0,0.62072825,78.0,198.0,0.7968846,149.0,267.0,0.71258605,137.0,188.0,0.12724237,7,tree
tree/guy2_tree111_flipped.jpg,146.0,49.0,0.76385844,153.0,43.0,0.8167449,143.0,42.0,0.6563767,165.0,43.0,0.80490553,142.0,42.0,0.66528213,182.0,79.0,0.84764034,127.0,73.0,0.72526324,191.0,125.0,0.8484705,99.0,109.0,0.8930231,149.0,108.0,0.46165106,135.0,108.0,0.68270314,170.0,156.0,0.90047604,137.0,161.0,0.8764547,223.0,200.0,0.76215076,146.0,213.0,0.7320797,203.0,184.0,0.49754575,151.0,268.0,0.8445275,7,tree
tree/guy2_tree112.jpg,153.0,47.0,0.48189157,157.0,41.0,0.5199498,147.0,42.0,0.5378402,160.0,42.0,0.33082715,134.0,43.0,0.6433594,170.0,74.0,0.70825946,119.0,80.0,0.6921637,197.0,108.0,0.75372696,109.0,124.0,0.7541913,166.0,104.0,0.3657352,148.0,107.0,0.62667865,163.0,160.0,0.77663505,130.0,153.0,0.75690925,154.0,213.0,0.6190402,77.0,196.0,0.8007006,149.0,266.0,0.7730974,138.0,187.0,0.20186459,7,tree
tree/guy2_tree112_flipped.jpg,146.0,48.0,0.73294926,152.0,42.0,0.6897086,142.0,41.0,0.69914436,165.0,42.0,0.68314433,141.0,41.0,0.4915386,180.0,79.0,0.87726665,127.0,73.0,0.6450652,190.0,123.0,0.6325698,100.0,108.0,0.8557054,150.0,105.0,0.4867297,137.0,106.0,0.62728786,169.0,154.0,0.84689385,137.0,160.0,0.85692465,223.0,198.0,0.66695905,146.0,212.0,0.82375515,200.0,185.0,0.31843358,151.0,267.0,0.84390056,7,tree
tree/guy2_tree114.jpg,154.0,46.0,0.48753768,157.0,40.0,0.7517149,147.0,41.0,0.73876035,160.0,40.0,0.46304548,135.0,41.0,0.5437559,171.0,72.0,0.85090655,122.0,77.0,0.8119014,198.0,103.0,0.7977162,110.0,118.0,0.7554983,166.0,96.0,0.478362,149.0,98.0,0.6192605,162.0,160.0,0.76502687,130.0,153.0,0.84639823,155.0,212.0,0.7530122,77.0,191.0,0.77562696,150.0,265.0,0.77445316,135.0,186.0,0.1817643,7,tree
tree/guy2_tree114_flipped.jpg,145.0,46.0,0.5907817,152.0,40.0,0.8551304,142.0,40.0,0.8076713,164.0,41.0,0.7227701,140.0,40.0,0.50245595,179.0,75.0,0.6683316,126.0,72.0,0.86180484,189.0,119.0,0.79079074,98.0,104.0,0.80441487,150.0,97.0,0.58531976,133.0,97.0,0.45001408,169.0,152.0,0.774914,137.0,159.0,0.8564366,223.0,193.0,0.6436553,146.0,212.0,0.7251645,168.0,182.0,0.20746948,151.0,266.0,0.8495293,7,tree
tree/guy2_tree117.jpg,155.0,44.0,0.63011336,159.0,39.0,0.5031928,148.0,39.0,0.7058219,163.0,39.0,0.59666884,137.0,41.0,0.74043494,173.0,68.0,0.5781802,125.0,72.0,0.861276,201.0,98.0,0.682822,114.0,110.0,0.83059394,166.0,84.0,0.4028423,149.0,86.0,0.52314794,163.0,156.0,0.6775907,133.0,148.0,0.6876867,157.0,209.0,0.7953637,80.0,185.0,0.7853196,151.0,263.0,0.7627361,140.0,182.0,0.2980591,7,tree
tree/guy2_tree117_flipped.jpg,144.0,45.0,0.67393225,150.0,40.0,0.6868599,140.0,40.0,0.5687221,161.0,40.0,0.7538776,137.0,40.0,0.6258956,175.0,73.0,0.85830635,126.0,68.0,0.8026787,184.0,110.0,0.80128026,99.0,98.0,0.6600143,149.0,83.0,0.60623527,131.0,85.0,0.31291106,166.0,147.0,0.5452888,137.0,155.0,0.77640146,221.0,187.0,0.6746589,144.0,209.0,0.8464818,159.0,179.0,0.18155695,148.0,264.0,0.8691357,7,tree
tree/guy2_tree120.jpg,158.0,44.0,0.6382019,162.0,39.0,0.7643688,152.0,40.0,0.82461584,166.0,39.0,0.658686,142.0,41.0,0.6759269,178.0,68.0,0.7230633,130.0,68.0,0.8447549,202.0,90.0,0.8314849,121.0,98.0,0.44917306,168.0,69.0,0.37605184,155.0,70.0,0.53260314,166.0,154.0,0.78284,136.0,148.0,0.8120553,159.0,211.0,0.71706426,82.0,182.0,0.7123724,154.0,261.0,0.7671368,143.0,180.0,0.44625378,7,tree
tree/guy2_tree120_flipped.jpg,141.0,45.0,0.6312295,147.0,39.0,0.87503695,137.0,39.0,0.75390303,157.0,40.0,0.79561555,134.0,40.0,0.71264005,172.0,69.0,0.92337066,121.0,66.0,0.78031784,177.0,100.0,0.65419793,97.0,89.0,0.8217863,144.0,68.0,0.65093267,132.0,67.0,0.45462966,162.0,145.0,0.7550147,135.0,152.0,0.82847106,215.0,183.0,0.7359508,142.0,209.0,0.8412735,155.0,177.0,0.36501753,146.0,261.0,0.80067825,7,tree
tree/guy2_tree121.jpg,159.0,45.0,0.55400395,163.0,40.0,0.71249795,153.0,40.0,0.77321684,167.0,40.0,0.5988343,143.0,42.0,0.5900345,178.0,67.0,0.48267943,131.0,69.0,0.77563524,203.0,87.0,0.7934419,124.0,94.0,0.742237,168.0,65.0,0.35141885,156.0,66.0,0.53548896,166.0,154.0,0.62201434,138.0,148.0,0.82237905,160.0,208.0,0.67219096,84.0,182.0,0.7825502,155.0,261.0,0.7037279,143.0,180.0,0.38694572,7,tree
tree/guy2_tree121_flipped.jpg,140.0,46.0,0.49791396,146.0,40.0,0.81017965,136.0,40.0,0.7158222,155.0,42.0,0.6117475,133.0,40.0,0.53930676,170.0,67.0,0.9248154,121.0,65.0,0.81257963,174.0,96.0,0.7854116,96.0,87.0,0.84668267,144.0,66.0,0.7307819,131.0,64.0,0.3869298,161.0,144.0,0.8099215,133.0,151.0,0.8567256,215.0,182.0,0.6503457,142.0,206.0,0.66201377,154.0,176.0,0.44004843,145.0,261.0,0.7775872,7,tree
tree/guy2_tree122.jpg,157.0,46.0,0.4851087,161.0,41.0,0.58759415,153.0,41.0,0.6641166,168.0,41.0,0.56769544,144.0,43.0,0.73464924,182.0,67.0,0.77842116,132.0,68.0,0.86754423,201.0,84.0,0.56725234,127.0,91.0,0.6725594,171.0,62.0,0.57853913,158.0,61.0,0.5515697,168.0,154.0,0.7315459,139.0,147.0,0.81956744,161.0,208.0,0.7226715,86.0,181.0,0.7653973,156.0,260.0,0.6907345,144.0,181.0,0.37520877,7,tree
tree/guy2_tree122_flipped.jpg,141.0,46.0,0.57195604,147.0,41.0,0.69389415,137.0,41.0,0.54124063,155.0,43.0,0.7119105,132.0,41.0,0.563153,168.0,67.0,0.84821296,121.0,66.0,0.81612706,173.0,92.0,0.7588213,96.0,84.0,0.7534579,142.0,61.0,0.719856,128.0,61.0,0.700158,161.0,144.0,0.9041072,133.0,151.0,0.8543629,214.0,182.0,0.73674315,141.0,205.0,0.6961744,154.0,177.0,0.29764107,144.0,260.0,0.748822,7,tree
tree/guy2_tree123.jpg,157.0,48.0,0.54886353,161.0,43.0,0.38206017,153.0,43.0,0.65792495,168.0,42.0,0.4580778,144.0,45.0,0.5572543,181.0,67.0,0.5684495,133.0,68.0,0.8088599,200.0,80.0,0.61248845,130.0,87.0,0.66033095,170.0,56.0,0.43876767,159.0,57.0,0.3686367,169.0,154.0,0.7494317,140.0,148.0,0.77349335,161.0,208.0,0.67664576,88.0,181.0,0.6629449,157.0,260.0,0.73895985,144.0,180.0,0.37719753,7,tree
tree/guy2_tree123_flipped.jpg,140.0,48.0,0.4882466,146.0,43.0,0.61036366,136.0,43.0,0.3197166,154.0,45.0,0.604025,130.0,44.0,0.43999267,167.0,70.0,0.76850915,121.0,68.0,0.603789,169.0,87.0,0.60791135,99.0,80.0,0.5756081,142.0,58.0,0.3783536,129.0,55.0,0.63108885,159.0,144.0,0.8287463,132.0,152.0,0.76839024,212.0,182.0,0.7594723,139.0,206.0,0.7142197,154.0,176.0,0.25165486,144.0,261.0,0.79305154,7,tree
tree/guy2_tree124.jpg,158.0,50.0,0.50868726,162.0,44.0,0.28665406,154.0,44.0,0.62050503,169.0,44.0,0.54098886,146.0,46.0,0.70059943,180.0,67.0,0.57373726,135.0,69.0,0.70125586,199.0,78.0,0.608376,132.0,83.0,0.45018747,172.0,53.0,0.49062485,157.0,57.0,0.27836305,169.0,154.0,0.74396837,141.0,149.0,0.8014927,163.0,207.0,0.6558765,89.0,180.0,0.7144158,158.0,260.0,0.76864266,144.0,179.0,0.25911114,7,tree
tree/guy2_tree124_flipped.jpg,140.0,50.0,0.45523584,145.0,44.0,0.62024564,136.0,45.0,0.3748997,153.0,46.0,0.57919157,131.0,46.0,0.40168276,166.0,71.0,0.7148105,120.0,68.0,0.58729625,166.0,84.0,0.34746125,98.0,77.0,0.6715096,141.0,55.0,0.2938767,128.0,51.0,0.6369424,157.0,144.0,0.7411711,131.0,152.0,0.72003686,210.0,181.0,0.79390705,137.0,208.0,0.8505248,153.0,176.0,0.24802054,143.0,260.0,0.82323426,7,tree
tree/guy2_tree125.jpg,159.0,50.0,0.4820012,164.0,44.0,0.564258,155.0,45.0,0.6629494,170.0,45.0,0.5771098,147.0,47.0,0.69551533,180.0,67.0,0.60264087,136.0,69.0,0.7109792,200.0,75.0,0.58010036,133.0,80.0,0.42552465,173.0,51.0,0.5989045,160.0,52.0,0.2585399,171.0,154.0,0.7583408,143.0,149.0,0.6148796,163.0,206.0,0.47347066,90.0,180.0,0.6792779,159.0,260.0,0.7621573,144.0,180.0,0.22866514,7,tree
tree/guy2_tree125_flipped.jpg,139.0,50.0,0.3398981,144.0,45.0,0.4721688,136.0,44.0,0.506145,152.0,46.0,0.5885082,130.0,47.0,0.47958827,164.0,71.0,0.64563286,121.0,68.0,0.62415576,162.0,78.0,0.38959876,99.0,75.0,0.55447185,138.0,53.0,0.39345562,126.0,49.0,0.67621255,157.0,145.0,0.7913207,131.0,153.0,0.6857946,209.0,181.0,0.56286323,136.0,206.0,0.6621353,168.0,174.0,0.19619788,141.0,260.0,0.8072422,7,tree
tree/guy2_tree126.jpg,160.0,50.0,0.46609738,165.0,45.0,0.6148892,157.0,46.0,0.60682416,172.0,48.0,0.5803373,149.0,48.0,0.5265274,181.0,68.0,0.7036985,139.0,71.0,0.73300064,201.0,73.0,0.46703097,135.0,77.0,0.39549455,175.0,50.0,0.53336275,157.0,52.0,0.30762616,172.0,155.0,0.7691523,144.0,150.0,0.60559434,165.0,207.0,0.6461042,91.0,180.0,0.61994314,159.0,260.0,0.6658833,144.0,179.0,0.21312216,7,tree
tree/guy2_tree126_flipped.jpg,136.0,50.0,0.43013385,142.0,45.0,0.6102348,133.0,45.0,0.5340755,151.0,47.0,0.7367841,129.0,48.0,0.541235,163.0,73.0,0.79674727,120.0,70.0,0.45354038,161.0,73.0,0.38230908,98.0,71.0,0.5857345,138.0,51.0,0.3804909,123.0,47.0,0.45457548,154.0,146.0,0.81478524,129.0,154.0,0.7822508,207.0,181.0,0.6791756,135.0,209.0,0.7786831,169.0,174.0,0.17454952,140.0,259.0,0.753924,7,tree
tree/guy2_tree127.jpg,161.0,55.0,0.48533377,165.0,50.0,0.6054172,158.0,50.0,0.4517084,172.0,52.0,0.63893616,151.0,52.0,0.5769588,181.0,72.0,0.55325365,142.0,74.0,0.6415505,201.0,70.0,0.53017485,135.0,74.0,0.5121316,176.0,46.0,0.6797003,159.0,48.0,0.18999025,173.0,156.0,0.72537047,146.0,151.0,0.7283466,166.0,208.0,0.6859884,94.0,180.0,0.6891084,160.0,260.0,0.6859288,148.0,182.0,0.20530361,7,tree
tree/guy2_tree127_flipped.jpg,134.0,51.0,0.44432595,139.0,46.0,0.4243366,130.0,47.0,0.37629712,149.0,47.0,0.65757394,127.0,49.0,0.42670527,159.0,72.0,0.6058819,120.0,71.0,0.61824167,161.0,71.0,0.3988884,98.0,70.0,0.6998321,139.0,46.0,0.25255746,122.0,44.0,0.4637611,152.0,147.0,0.72481436,128.0,154.0,0.78286856,204.0,180.0,0.7214811,133.0,207.0,0.64051235,170.0,175.0,0.22202344,139.0,260.0,0.83975655,7,tree
tree/guy2_tree128.jpg,163.0,55.0,0.47151402,167.0,50.0,0.53481734,159.0,50.0,0.54122484,173.0,52.0,0.42905563,153.0,52.0,0.6548246,181.0,73.0,0.71297646,144.0,75.0,0.64091146,202.0,67.0,0.5049469,135.0,70.0,0.5129713,178.0,43.0,0.7156676,154.0,48.0,0.22421035,172.0,157.0,0.6204967,147.0,151.0,0.7394446,166.0,210.0,0.7139897,96.0,180.0,0.65518826,161.0,260.0,0.71655697,150.0,182.0,0.26627055,7,tree
tree/guy2_tree128_flipped.jpg,132.0,52.0,0.54527336,137.0,48.0,0.75005424,130.0,49.0,0.66355294,148.0,49.0,0.7098399,128.0,50.0,0.48207366,157.0,74.0,0.7706461,120.0,71.0,0.74978215,162.0,69.0,0.49602243,97.0,66.0,0.760891,142.0,44.0,0.21545857,120.0,42.0,0.6131825,152.0,149.0,0.8947961,126.0,155.0,0.858007,203.0,181.0,0.6724394,132.0,210.0,0.8469735,148.0,176.0,0.39096364,138.0,261.0,0.8893253,7,tree
tree/guy2_tree129.jpg,164.0,55.0,0.53030217,168.0,51.0,0.52205193,160.0,51.0,0.5477389,175.0,54.0,0.6035671,153.0,54.0,0.6177559,182.0,74.0,0.62727034,145.0,78.0,0.5923648,202.0,63.0,0.62880814,136.0,67.0,0.67766213,177.0,39.0,0.7315888,160.0,40.0,0.29139397,173.0,158.0,0.6739833,148.0,152.0,0.8013315,167.0,211.0,0.6889062,98.0,181.0,0.5859953,162.0,260.0,0.76417273,153.0,184.0,0.3112302,7,tree
tree/guy2_tree129_flipped.jpg,132.0,57.0,0.603683,137.0,52.0,0.6863267,129.0,52.0,0.6393316,147.0,54.0,0.68397653,125.0,54.0,0.52871,154.0,77.0,0.5667763,120.0,74.0,0.58997416,163.0,65.0,0.37468842,97.0,64.0,0.5370023,136.0,35.0,0.5348981,120.0,38.0,0.35115993,151.0,149.0,0.8321974,126.0,156.0,0.7681871,201.0,181.0,0.6315939,131.0,211.0,0.8484139,148.0,178.0,0.26819825,138.0,261.0,0.8277312,7,tree
tree/guy2_tree131.jpg,167.0,59.0,0.60962135,170.0,54.0,0.7240426,162.0,55.0,0.687492,176.0,56.0,0.6032402,154.0,58.0,0.6457261,181.0,77.0,0.555506,147.0,80.0,0.68096787,202.0,58.0,0.75658375,138.0,57.0,0.7332519,177.0,28.0,0.5143379,165.0,29.0,0.6255585,176.0,158.0,0.74491245,149.0,154.0,0.7691591,168.0,213.0,0.6275066,101.0,181.0,0.64452267,164.0,262.0,0.61584187,154.0,182.0,0.34996086,7,tree
tree/guy2_tree131_flipped.jpg,130.0,61.0,0.6831496,136.0,56.0,0.7344535,127.0,56.0,0.7200904,145.0,59.0,0.750713,124.0,59.0,0.6779165,151.0,80.0,0.7666874,116.0,76.0,0.7469882,162.0,56.0,0.7928456,97.0,57.0,0.8244426,135.0,30.0,0.8366101,122.0,31.0,0.64176893,149.0,151.0,0.78344965,124.0,157.0,0.83939403,198.0,183.0,0.7333684,132.0,213.0,0.78546596,145.0,181.0,0.5672402,136.0,263.0,0.87316775,7,tree
tree/guy2_tree132.jpg,168.0,62.0,0.4637486,171.0,57.0,0.6239056,163.0,57.0,0.6564589,176.0,59.0,0.5594275,154.0,60.0,0.3838026,182.0,78.0,0.49161354,148.0,81.0,0.64604497,201.0,55.0,0.52858984,140.0,55.0,0.6091715,178.0,27.0,0.45342365,167.0,26.0,0.5990684,176.0,161.0,0.56379646,151.0,155.0,0.7286347,169.0,215.0,0.64392835,102.0,183.0,0.6339351,165.0,263.0,0.64183885,154.0,182.0,0.22401518,7,tree
tree/guy2_tree132_flipped.jpg,130.0,62.0,0.7039286,135.0,58.0,0.6875345,126.0,57.0,0.6227106,144.0,61.0,0.599087,124.0,60.0,0.55424744,150.0,80.0,0.7691187,117.0,77.0,0.7762078,160.0,54.0,0.75706106,97.0,55.0,0.8941564,136.0,27.0,0.79733825,122.0,28.0,0.7233955,148.0,154.0,0.8520582,122.0,159.0,0.7212992,197.0,183.0,0.72783124,129.0,213.0,0.89598346,144.0,178.0,0.48302478,134.0,263.0,0.7954539,7,tree
tree/guy2_tree135.jpg,171.0,69.0,0.6302172,174.0,64.0,0.66179085,165.0,65.0,0.62673163,177.0,66.0,0.5328734,157.0,69.0,0.6537404,183.0,86.0,0.7203059,151.0,87.0,0.6795943,197.0,53.0,0.79292107,145.0,53.0,0.83272547,178.0,23.0,0.43491158,168.0,23.0,0.48496515,178.0,166.0,0.7183321,154.0,159.0,0.85459286,172.0,217.0,0.75445926,105.0,187.0,0.787102,167.0,266.0,0.64034307,156.0,186.0,0.60920966,7,tree
tree/guy2_tree135_flipped.jpg,128.0,69.0,0.7000976,134.0,65.0,0.5530735,125.0,65.0,0.4867777,142.0,68.0,0.6585877,122.0,67.0,0.5648516,147.0,87.0,0.61846286,115.0,85.0,0.7349235,154.0,50.0,0.74231863,102.0,53.0,0.7945787,133.0,25.0,0.607328,123.0,25.0,0.50847363,146.0,157.0,0.83427465,121.0,163.0,0.82177556,191.0,186.0,0.6497339,128.0,217.0,0.7891575,145.0,183.0,0.3240556,133.0,266.0,0.82359684,7,tree
tree/guy2_tree136.jpg,172.0,71.0,0.5743736,175.0,66.0,0.61304164,166.0,67.0,0.63531077,178.0,68.0,0.4856158,158.0,71.0,0.60756,184.0,88.0,0.7630596,152.0,89.0,0.81499404,197.0,54.0,0.85962397,148.0,53.0,0.8267513,177.0,25.0,0.4888372,169.0,25.0,0.46970707,179.0,166.0,0.7398928,155.0,160.0,0.83658475,172.0,216.0,0.7717953,107.0,187.0,0.759286,167.0,266.0,0.6654986,158.0,187.0,0.5970106,7,tree
tree/guy2_tree136_flipped.jpg,127.0,71.0,0.6522584,132.0,67.0,0.6662824,123.0,67.0,0.586081,141.0,69.0,0.7807034,121.0,69.0,0.7119935,146.0,89.0,0.78017473,113.0,87.0,0.77177316,152.0,51.0,0.8226764,103.0,53.0,0.7734206,132.0,24.0,0.6106771,123.0,25.0,0.48122776,145.0,158.0,0.85236573,119.0,164.0,0.807958,190.0,188.0,0.79331714,127.0,219.0,0.8023704,144.0,184.0,0.45469683,131.0,267.0,0.86052597,7,tree
tree/guy2_tree137.jpg,172.0,75.0,0.49523085,176.0,70.0,0.4040186,167.0,71.0,0.44684327,179.0,72.0,0.62491536,159.0,73.0,0.46649474,183.0,91.0,0.5793924,153.0,92.0,0.6843506,193.0,54.0,0.6397142,152.0,54.0,0.72354686,179.0,33.0,0.32305238,165.0,32.0,0.21866749,181.0,167.0,0.74815196,156.0,161.0,0.7773095,174.0,217.0,0.6546829,108.0,189.0,0.6601045,169.0,268.0,0.78715026,159.0,188.0,0.5552223,7,tree
tree/guy2_tree137_flipped.jpg,126.0,73.0,0.71456563,131.0,69.0,0.54861665,123.0,69.0,0.44614637,139.0,72.0,0.5987677,121.0,72.0,0.6099019,146.0,92.0,0.7739647,113.0,90.0,0.8131807,148.0,53.0,0.57513523,106.0,54.0,0.7925073,132.0,31.0,0.670594,121.0,31.0,0.44867274,145.0,159.0,0.8966582,119.0,165.0,0.82854253,190.0,189.0,0.80342436,127.0,222.0,0.8365722,143.0,185.0,0.4450812,131.0,268.0,0.83025396,7,tree
tree/guy2_tree138.jpg,171.0,75.0,0.7313069,175.0,72.0,0.80991846,166.0,72.0,0.7873436,180.0,74.0,0.8293109,160.0,75.0,0.7106607,185.0,93.0,0.71952873,153.0,94.0,0.732599,191.0,54.0,0.6528027,153.0,57.0,0.71841633,180.0,37.0,0.24645542,163.0,35.0,0.26228967,180.0,167.0,0.83321655,156.0,161.0,0.6909653,173.0,222.0,0.704152,109.0,190.0,0.80311054,168.0,268.0,0.801821,161.0,188.0,0.6530292,7,tree
tree/guy2_tree138_flipped.jpg,126.0,76.0,0.62807095,130.0,72.0,0.51430464,122.0,71.0,0.6471774,138.0,74.0,0.7885691,120.0,73.0,0.75430226,145.0,92.0,0.8379354,112.0,92.0,0.83004725,146.0,54.0,0.7950264,108.0,56.0,0.83812183,132.0,36.0,0.47187254,117.0,37.0,0.3237455,143.0,160.0,0.87018156,118.0,167.0,0.845274,188.0,189.0,0.77545875,126.0,221.0,0.8668338,142.0,186.0,0.3790851,130.0,268.0,0.8431684,7,tree
tree/guy2_tree139.jpg,173.0,78.0,0.6946593,177.0,74.0,0.69281036,168.0,75.0,0.734442,181.0,77.0,0.77006185,161.0,78.0,0.6275189,187.0,97.0,0.7180859,155.0,96.0,0.6796885,190.0,57.0,0.71113706,156.0,59.0,0.6484859,181.0,40.0,0.24360819,163.0,39.0,0.17532836,181.0,171.0,0.66716707,157.0,165.0,0.7876307,174.0,222.0,0.7298968,110.0,192.0,0.8044816,170.0,269.0,0.72886115,161.0,191.0,0.6481204,7,tree
tree/guy2_tree139_flipped.jpg,126.0,78.0,0.5709975,131.0,75.0,0.54286456,123.0,74.0,0.5912782,138.0,78.0,0.60232675,120.0,76.0,0.7841172,144.0,95.0,0.838779,112.0,96.0,0.8095218,144.0,59.0,0.55796504,110.0,58.0,0.7862465,132.0,38.0,0.37385172,118.0,38.0,0.18328436,143.0,162.0,0.8653059,119.0,170.0,0.8218982,188.0,191.0,0.770727,126.0,223.0,0.76013494,142.0,188.0,0.36476412,130.0,269.0,0.8533856,7,tree
tree/guy2_tree140.jpg,173.0,80.0,0.6902774,176.0,76.0,0.7342136,168.0,76.0,0.70300734,180.0,78.0,0.7535021,161.0,80.0,0.64731467,186.0,98.0,0.7446189,154.0,98.0,0.7242441,189.0,60.0,0.5877359,156.0,61.0,0.62067723,180.0,40.0,0.24006079,166.0,39.0,0.12630792,181.0,171.0,0.8306756,157.0,165.0,0.7571423,174.0,224.0,0.72278047,111.0,193.0,0.81702614,170.0,270.0,0.8078704,161.0,192.0,0.65732753,7,tree
tree/guy2_tree140_flipped.jpg,126.0,80.0,0.6534417,131.0,76.0,0.6655588,123.0,76.0,0.6678497,138.0,80.0,0.54094815,120.0,79.0,0.77376246,144.0,97.0,0.8544419,113.0,98.0,0.5857887,143.0,61.0,0.7487553,110.0,60.0,0.59765995,133.0,42.0,0.345626,117.0,42.0,0.18026209,143.0,164.0,0.8897437,119.0,171.0,0.8054193,188.0,191.0,0.7672602,126.0,225.0,0.8439066,140.0,189.0,0.39389485,130.0,270.0,0.8771169,7,tree
tree/guy2_tree141.jpg,173.0,82.0,0.5822568,177.0,78.0,0.6312062,169.0,78.0,0.57304823,181.0,80.0,0.745088,162.0,81.0,0.49549168,187.0,100.0,0.75965995,155.0,100.0,0.7518846,190.0,61.0,0.529588,158.0,61.0,0.5383835,180.0,41.0,0.24149019,167.0,41.0,0.1114213,181.0,173.0,0.7121489,158.0,166.0,0.76244086,174.0,225.0,0.7460749,112.0,194.0,0.7891922,171.0,272.0,0.8418359,162.0,193.0,0.66031325,7,tree
tree/guy2_tree141_flipped.jpg,126.0,81.0,0.6720705,130.0,78.0,0.36088246,122.0,78.0,0.59539187,137.0,82.0,0.68392104,119.0,81.0,0.7166804,143.0,100.0,0.8132469,113.0,100.0,0.80054176,143.0,64.0,0.6550598,110.0,61.0,0.5491499,132.0,43.0,0.3910519,117.0,43.0,0.17411563,142.0,166.0,0.83940834,118.0,173.0,0.8478831,185.0,192.0,0.7202947,125.0,225.0,0.85778385,140.0,192.0,0.35462555,129.0,272.0,0.89798313,7,tree
tree/guy2_tree142.jpg,173.0,83.0,0.68952906,177.0,79.0,0.7410618,169.0,80.0,0.6761155,181.0,83.0,0.7630934,162.0,82.0,0.46527743,186.0,102.0,0.82622135,155.0,101.0,0.7860358,188.0,64.0,0.7062744,158.0,63.0,0.52610064,180.0,43.0,0.19977336,167.0,43.0,0.10482206,181.0,172.0,0.8481561,158.0,168.0,0.89932793,175.0,226.0,0.8415041,112.0,195.0,0.74193215,170.0,272.0,0.87255764,162.0,193.0,0.6472008,7,tree
tree/guy2_tree142_flipped.jpg,126.0,84.0,0.7021284,131.0,81.0,0.750587,123.0,80.0,0.7130474,137.0,85.0,0.485567,119.0,83.0,0.77099985,144.0,101.0,0.8253809,112.0,102.0,0.8184301,142.0,64.0,0.7611377,110.0,64.0,0.7849262,132.0,47.0,0.34045008,117.0,47.0,0.14157149,142.0,167.0,0.90925163,118.0,174.0,0.8890785,186.0,194.0,0.7044214,125.0,227.0,0.7983667,140.0,192.0,0.37370005,130.0,272.0,0.83423287,7,tree
tree/guy2_tree145_flipped.jpg,125.0,88.0,0.5439997,129.0,85.0,0.5371884,122.0,85.0,0.6322475,136.0,89.0,0.5874166,119.0,87.0,0.6789448,142.0,105.0,0.7911977,113.0,105.0,0.738448,141.0,71.0,0.6018095,110.0,69.0,0.71529746,131.0,51.0,0.26972926,117.0,51.0,0.14220391,141.0,170.0,0.8107195,118.0,176.0,0.78516597,185.0,197.0,0.6789015,124.0,227.0,0.84902245,140.0,196.0,0.30300638,129.0,275.0,0.8452575,7,tree
tree/guy2_tree147_flipped.jpg,125.0,90.0,0.53232515,129.0,87.0,0.62871474,122.0,86.0,0.5690245,136.0,91.0,0.77250457,119.0,89.0,0.72128403,143.0,108.0,0.8402522,113.0,108.0,0.8288933,140.0,70.0,0.8150116,110.0,71.0,0.70968586,132.0,56.0,0.29170597,115.0,57.0,0.18643191,140.0,171.0,0.8239668,118.0,176.0,0.86453235,183.0,198.0,0.5574759,124.0,230.0,0.8912252,139.0,200.0,0.29851982,128.0,275.0,0.83456904,7,tree
warrior/girl1_warrior046.jpg,172.0,120.0,0.5590023,181.0,113.0,0.48522493,167.0,112.0,0.6090543,190.0,104.0,0.37993988,156.0,98.0,0.66759217,190.0,108.0,0.45912817,140.0,110.0,0.6368338,200.0,92.0,0.24822551,108.0,90.0,0.8420906,199.0,93.0,0.21359897,135.0,82.0,0.24859352,165.0,147.0,0.52686334,131.0,143.0,0.6072047,158.0,216.0,0.29237804,119.0,146.0,0.25258568,114.0,142.0,0.1973233,114.0,142.0,0.4352336,8,warrior
warrior/girl1_warrior048.jpg,171.0,122.0,0.5736673,179.0,115.0,0.7448439,165.0,114.0,0.534152,188.0,104.0,0.41689476,153.0,100.0,0.6708156,189.0,107.0,0.38219735,136.0,109.0,0.6364838,199.0,91.0,0.3266435,107.0,91.0,0.88630843,182.0,89.0,0.17830803,135.0,79.0,0.38551888,165.0,147.0,0.49807298,129.0,144.0,0.45864293,158.0,215.0,0.1835497,120.0,144.0,0.19970138,115.0,138.0,0.11494915,114.0,140.0,0.31452397,8,warrior
warrior/girl1_warrior048_flipped.jpg,128.0,121.0,0.6167954,133.0,113.0,0.77093816,121.0,116.0,0.67077065,144.0,99.0,0.70895875,115.0,106.0,0.45376378,159.0,107.0,0.68673325,114.0,111.0,0.55743146,194.0,91.0,0.87715816,103.0,97.0,0.51257354,164.0,79.0,0.7909777,104.0,93.0,0.2766167,170.0,140.0,0.72864497,140.0,149.0,0.7455579,182.0,142.0,0.51482505,142.0,215.0,0.89655375,184.0,137.0,0.76181537,141.0,220.0,0.13700385,8,warrior
warrior/girl1_warrior049_flipped.jpg,129.0,123.0,0.7085788,135.0,114.0,0.7946856,123.0,117.0,0.753858,145.0,101.0,0.6312206,115.0,107.0,0.6100303,162.0,107.0,0.64047587,113.0,108.0,0.4275863,194.0,90.0,0.9158949,99.0,91.0,0.5207308,164.0,78.0,0.8215481,109.0,96.0,0.39567167,169.0,136.0,0.53717744,138.0,145.0,0.6344045,182.0,140.0,0.5773002,138.0,140.0,0.11864906,184.0,135.0,0.7181132,177.0,134.0,0.10654274,8,warrior
warrior/girl1_warrior053_flipped.jpg,134.0,126.0,0.52192914,140.0,119.0,0.7343174,128.0,120.0,0.69657016,149.0,106.0,0.583349,122.0,110.0,0.5102323,166.0,109.0,0.7183908,116.0,109.0,0.5968615,195.0,90.0,0.87363845,107.0,96.0,0.50282085,167.0,76.0,0.71554947,111.0,94.0,0.24397339,167.0,135.0,0.71646625,133.0,143.0,0.5972313,177.0,140.0,0.4563507,133.0,142.0,0.28131986,178.0,132.0,0.47539008,174.0,132.0,0.18974066,8,warrior
warrior/girl1_warrior080_flipped.jpg,160.0,117.0,0.60171235,166.0,111.0,0.7156571,153.0,110.0,0.6540574,172.0,100.0,0.5011388,143.0,100.0,0.6008562,179.0,101.0,0.66387427,125.0,104.0,0.6031975,198.0,83.0,0.790787,97.0,85.0,0.8821432,153.0,110.0,0.115830585,123.0,117.0,0.19658594,165.0,129.0,0.47853142,128.0,126.0,0.27194238,168.0,137.0,0.25445744,128.0,124.0,0.3423631,175.0,107.0,0.10214642,128.0,123.0,0.20984387,8,warrior
warrior/girl1_warrior083_flipped.jpg,160.0,115.0,0.72563446,167.0,108.0,0.64032495,154.0,107.0,0.763542,173.0,97.0,0.68010485,144.0,97.0,0.6743895,180.0,103.0,0.7030271,123.0,101.0,0.66487384,201.0,94.0,0.82421064,91.0,91.0,0.8868198,188.0,107.0,0.34225622,121.0,123.0,0.55120444,149.0,135.0,0.5511693,119.0,134.0,0.8081754,167.0,138.0,0.1741222,133.0,207.0,0.9130311,126.0,126.0,0.15384781,119.0,100.0,0.22920738,8,warrior
warrior/girl1_warrior103_flipped.jpg,166.0,98.0,0.58855367,172.0,92.0,0.6330159,163.0,91.0,0.5408842,175.0,86.0,0.44469774,150.0,83.0,0.6505023,173.0,94.0,0.6134834,141.0,89.0,0.4551999,210.0,87.0,0.3636028,118.0,83.0,0.5444375,222.0,87.0,0.17843455,145.0,95.0,0.5272288,108.0,127.0,0.6433237,102.0,127.0,0.71274453,115.0,194.0,0.4163588,114.0,197.0,0.79436105,111.0,251.0,0.21711272,111.0,251.0,0.326945,8,warrior
warrior/girl1_warrior116_flipped.jpg,166.0,97.0,0.73717344,172.0,93.0,0.69523793,164.0,92.0,0.63864195,168.0,87.0,0.49306694,154.0,82.0,0.7518398,165.0,94.0,0.5375159,132.0,88.0,0.60428476,204.0,83.0,0.5067663,134.0,77.0,0.7037909,214.0,80.0,0.114408165,163.0,62.0,0.8907232,109.0,120.0,0.73960894,92.0,122.0,0.76110774,86.0,118.0,0.7052913,106.0,191.0,0.88072544,66.0,115.0,0.7160406,99.0,239.0,0.35527748,8,warrior
warrior/girl1_warrior117_flipped.jpg,167.0,97.0,0.74635637,172.0,94.0,0.68963087,165.0,92.0,0.48848495,170.0,88.0,0.49125108,154.0,82.0,0.71490157,166.0,93.0,0.66140723,135.0,85.0,0.75064886,203.0,84.0,0.5915371,136.0,77.0,0.7266859,214.0,80.0,0.15983446,165.0,62.0,0.8761448,109.0,120.0,0.71855974,92.0,122.0,0.8378335,86.0,119.0,0.67593133,105.0,191.0,0.90195256,66.0,114.0,0.69441897,99.0,240.0,0.3413374,8,warrior
warrior/girl1_warrior118.jpg,131.0,98.0,0.78700316,133.0,90.0,0.78970474,127.0,93.0,0.52554667,145.0,80.0,0.6907915,128.0,88.0,0.48758963,166.0,92.0,0.60002005,133.0,94.0,0.7172177,160.0,74.0,0.7973136,102.0,85.0,0.5300554,130.0,61.0,0.8276448,94.0,83.0,0.25023824,208.0,122.0,0.8410487,191.0,124.0,0.7812122,195.0,191.0,0.946205,216.0,120.0,0.49158382,201.0,251.0,0.376471,237.0,117.0,0.6752566,8,warrior
warrior/girl1_warrior118_flipped.jpg,167.0,97.0,0.69048566,172.0,93.0,0.3945066,165.0,91.0,0.6429975,169.0,88.0,0.6524219,155.0,81.0,0.5590308,165.0,94.0,0.6006123,135.0,85.0,0.6923825,202.0,83.0,0.69435275,136.0,78.0,0.5708146,218.0,80.0,0.11698669,167.0,61.0,0.85790837,106.0,119.0,0.70349634,92.0,121.0,0.7870499,85.0,117.0,0.5938351,105.0,191.0,0.92875195,62.0,114.0,0.7277867,97.0,242.0,0.3974739,8,warrior
warrior/girl1_warrior119.jpg,131.0,98.0,0.66390425,133.0,90.0,0.62666655,126.0,93.0,0.60898876,146.0,81.0,0.5467918,129.0,89.0,0.3239145,165.0,90.0,0.7001842,134.0,98.0,0.7481873,161.0,76.0,0.59300333,105.0,87.0,0.3959599,128.0,60.0,0.64861757,93.0,83.0,0.22728348,208.0,123.0,0.70668757,195.0,127.0,0.73362213,195.0,190.0,0.93107027,217.0,119.0,0.4868207,201.0,251.0,0.39604676,240.0,115.0,0.47854334,8,warrior
warrior/girl1_warrior119_flipped.jpg,168.0,96.0,0.40268782,174.0,93.0,0.45326707,167.0,90.0,0.81563145,172.0,89.0,0.32606804,154.0,81.0,0.58334,164.0,97.0,0.41791686,134.0,86.0,0.6774895,203.0,85.0,0.50715923,137.0,79.0,0.59476537,213.0,81.0,0.13393243,170.0,62.0,0.8729113,109.0,121.0,0.7114054,94.0,124.0,0.71395826,84.0,118.0,0.7221498,104.0,190.0,0.870505,63.0,114.0,0.56208163,99.0,239.0,0.117712,8,warrior
warrior/girl1_warrior123.jpg,130.0,99.0,0.7810304,132.0,92.0,0.7452061,125.0,94.0,0.6610639,142.0,82.0,0.81093556,127.0,87.0,0.60535884,161.0,89.0,0.8590238,132.0,94.0,0.86903495,149.0,73.0,0.7456642,97.0,86.0,0.70043284,120.0,57.0,0.8785076,74.0,80.0,0.18639085,207.0,122.0,0.7587786,194.0,124.0,0.85659915,196.0,190.0,0.9056239,220.0,119.0,0.78754944,203.0,254.0,0.6764372,247.0,115.0,0.77788055,8,warrior
warrior/girl1_warrior125.jpg,129.0,100.0,0.7349174,131.0,93.0,0.66869974,124.0,95.0,0.5603565,141.0,83.0,0.72639436,127.0,87.0,0.62214625,161.0,90.0,0.7303208,132.0,94.0,0.8355428,151.0,77.0,0.5999402,97.0,86.0,0.7722381,122.0,56.0,0.7433123,73.0,80.0,0.1936847,209.0,120.0,0.78639007,195.0,122.0,0.8236852,196.0,189.0,0.8734934,222.0,120.0,0.6110566,204.0,252.0,0.7977236,252.0,113.0,0.8766378,8,warrior
warrior/girl1_warrior128.jpg,127.0,102.0,0.80038357,127.0,95.0,0.6690118,123.0,96.0,0.83998036,137.0,85.0,0.6952536,128.0,88.0,0.49951935,159.0,92.0,0.85941976,132.0,97.0,0.87938094,145.0,76.0,0.5936767,98.0,88.0,0.6948613,119.0,56.0,0.7847026,67.0,79.0,0.5604191,207.0,124.0,0.92450494,197.0,127.0,0.86290234,197.0,191.0,0.7465389,222.0,121.0,0.65018016,203.0,254.0,0.8080307,256.0,114.0,0.6217412,8,warrior
warrior/girl1_warrior128_flipped.jpg,171.0,101.0,0.574113,175.0,97.0,0.39587948,170.0,94.0,0.7895115,170.0,91.0,0.62211823,160.0,85.0,0.64442873,164.0,100.0,0.63753426,137.0,90.0,0.7928997,199.0,89.0,0.33448112,152.0,79.0,0.57877016,220.0,85.0,0.23406306,181.0,55.0,0.7972811,106.0,121.0,0.7905581,91.0,125.0,0.83011174,84.0,120.0,0.6908757,103.0,191.0,0.92281973,53.0,115.0,0.672673,97.0,248.0,0.7062949,8,warrior
warrior/girl1_warrior129.jpg,126.0,102.0,0.8039246,127.0,95.0,0.86183774,121.0,96.0,0.62944806,136.0,85.0,0.7911476,125.0,88.0,0.6449542,158.0,91.0,0.81875426,131.0,97.0,0.8268526,145.0,76.0,0.61340076,100.0,90.0,0.7128022,116.0,58.0,0.83346534,68.0,81.0,0.29890782,207.0,124.0,0.832275,195.0,127.0,0.8471494,195.0,191.0,0.9197235,221.0,122.0,0.7329749,203.0,254.0,0.85455763,252.0,116.0,0.5307337,8,warrior
warrior/girl1_warrior134.jpg,122.0,106.0,0.6132376,123.0,100.0,0.8253964,117.0,101.0,0.78372127,132.0,89.0,0.6406644,121.0,92.0,0.5564592,153.0,94.0,0.776376,129.0,103.0,0.72046846,133.0,79.0,0.4551396,96.0,94.0,0.65973973,109.0,62.0,0.6351619,68.0,88.0,0.152671,203.0,126.0,0.902192,196.0,128.0,0.84391904,193.0,193.0,0.8892456,222.0,122.0,0.6931163,201.0,254.0,0.85929424,255.0,119.0,0.8121774,8,warrior
warrior/girl1_warrior134_flipped.jpg,177.0,105.0,0.6411096,181.0,102.0,0.5970557,176.0,99.0,0.7725223,176.0,95.0,0.6858256,168.0,90.0,0.6388111,171.0,104.0,0.678437,145.0,93.0,0.80037147,198.0,96.0,0.5527738,159.0,87.0,0.38519752,229.0,90.0,0.2963751,189.0,61.0,0.80218995,103.0,123.0,0.7986443,97.0,127.0,0.8627382,79.0,123.0,0.7605092,107.0,194.0,0.88198096,46.0,117.0,0.8367226,99.0,251.0,0.90473104,8,warrior
warrior/girl1_warrior139.jpg,115.0,113.0,0.753091,116.0,106.0,0.60282266,111.0,108.0,0.8040669,125.0,96.0,0.8167914,115.0,99.0,0.6829247,145.0,100.0,0.6424693,122.0,109.0,0.79673135,122.0,85.0,0.38371447,95.0,102.0,0.6592883,100.0,68.0,0.73139983,60.0,94.0,0.34307462,199.0,132.0,0.92752254,191.0,133.0,0.8285361,188.0,197.0,0.8036564,215.0,129.0,0.39957032,196.0,258.0,0.9089447,256.0,118.0,0.507576,8,warrior
warrior/girl1_warrior139_flipped.jpg,181.0,113.0,0.6918894,185.0,108.0,0.7027565,182.0,106.0,0.73792595,181.0,100.0,0.58342314,172.0,95.0,0.6643771,175.0,107.0,0.5182554,149.0,99.0,0.80949897,206.0,101.0,0.51905483,165.0,93.0,0.29447296,236.0,95.0,0.48053867,197.0,67.0,0.6629016,107.0,125.0,0.8068529,100.0,132.0,0.8518374,90.0,126.0,0.76895094,111.0,197.0,0.75486225,50.0,119.0,0.6903832,103.0,256.0,0.8672012,8,warrior
warrior/girl1_warrior143.jpg,110.0,117.0,0.558203,110.0,111.0,0.6512567,106.0,112.0,0.6477197,118.0,100.0,0.59720683,111.0,103.0,0.570657,137.0,104.0,0.73902243,117.0,109.0,0.66088504,114.0,87.0,0.33267882,90.0,103.0,0.5872606,91.0,72.0,0.672403,52.0,98.0,0.39057675,193.0,134.0,0.8652819,187.0,133.0,0.666644,184.0,200.0,0.8665296,229.0,128.0,0.38368523,192.0,260.0,0.76427186,257.0,125.0,0.2534431,8,warrior
warrior/girl1_warrior143_flipped.jpg,187.0,116.0,0.5795637,190.0,113.0,0.5623535,188.0,112.0,0.5303476,186.0,106.0,0.4455561,182.0,102.0,0.5755683,179.0,111.0,0.5704504,156.0,105.0,0.65417373,204.0,105.0,0.742748,183.0,96.0,0.2561613,234.0,100.0,0.43469736,204.0,77.0,0.6121458,111.0,125.0,0.7513813,104.0,136.0,0.6405227,98.0,134.0,0.29897392,116.0,202.0,0.8302328,44.0,126.0,0.2832984,107.0,258.0,0.7688223,8,warrior
warrior/girl1_warrior144.jpg,108.0,116.0,0.65964574,109.0,110.0,0.7395098,104.0,111.0,0.6847138,119.0,99.0,0.6561005,109.0,102.0,0.43603626,137.0,104.0,0.7430108,115.0,112.0,0.64321256,111.0,90.0,0.28667295,88.0,103.0,0.5945214,89.0,76.0,0.42006138,54.0,98.0,0.27665213,191.0,137.0,0.8304833,183.0,136.0,0.76402897,183.0,200.0,0.82682955,225.0,137.0,0.6713781,191.0,262.0,0.9134746,258.0,128.0,0.6021705,8,warrior
warrior/girl1_warrior144_flipped.jpg,189.0,115.0,0.55004036,193.0,111.0,0.518895,189.0,109.0,0.45245516,189.0,104.0,0.3882547,182.0,100.0,0.4087351,182.0,109.0,0.50991416,158.0,103.0,0.6268964,207.0,105.0,0.61319476,184.0,95.0,0.1902682,241.0,99.0,0.5223744,208.0,77.0,0.48539382,114.0,131.0,0.7155596,108.0,135.0,0.6779668,77.0,136.0,0.69637203,117.0,203.0,0.4709938,44.0,130.0,0.6399136,108.0,260.0,0.8544658,8,warrior
warrior/girl2_warrior078.jpg,144.0,122.0,0.23802078,146.0,122.0,0.30985287,147.0,119.0,0.1935091,146.0,119.0,0.26031154,151.0,115.0,0.28543207,140.0,117.0,0.17093328,143.0,115.0,0.23309521,108.0,94.0,0.22900546,108.0,96.0,0.3025774,170.0,131.0,0.23429725,124.0,121.0,0.16949889,126.0,132.0,0.26526007,123.0,131.0,0.33730164,120.0,199.0,0.4594868,120.0,200.0,0.37880915,119.0,267.0,0.26630908,119.0,268.0,0.5254941,8,warrior
warrior/girl2_warrior085_flipped.jpg,133.0,110.0,0.263472,133.0,108.0,0.4163895,132.0,109.0,0.33380175,134.0,110.0,0.47362983,133.0,111.0,0.3152239,137.0,115.0,0.5310705,138.0,114.0,0.4859461,114.0,118.0,0.20740443,113.0,118.0,0.8266751,125.0,142.0,0.39093658,123.0,142.0,0.7239595,157.0,125.0,0.3453149,165.0,121.0,0.27552488,187.0,138.0,0.42626396,187.0,133.0,0.26807925,221.0,113.0,0.35360277,220.0,115.0,0.34625277,8,warrior
warrior/girl2_warrior088_flipped.jpg,128.0,113.0,0.48370206,128.0,111.0,0.601804,129.0,111.0,0.662073,129.0,111.0,0.7637363,132.0,111.0,0.6380998,129.0,116.0,0.44769108,140.0,114.0,0.6871543,111.0,127.0,0.70766646,145.0,130.0,0.18669665,119.0,145.0,0.825097,121.0,144.0,0.34827483,160.0,123.0,0.4287499,169.0,125.0,0.5292082,196.0,134.0,0.5192776,196.0,139.0,0.18953149,240.0,114.0,0.2737664,183.0,201.0,0.32429948,8,warrior
warrior/girl2_warrior092_flipped.jpg,121.0,122.0,0.6457552,120.0,117.0,0.7203531,120.0,118.0,0.7772179,127.0,112.0,0.83400553,127.0,114.0,0.7330699,133.0,118.0,0.6974937,139.0,118.0,0.8013739,104.0,131.0,0.8626858,146.0,138.0,0.3829569,116.0,144.0,0.8142932,120.0,145.0,0.3145254,182.0,133.0,0.7192322,188.0,137.0,0.5268356,214.0,131.0,0.6042892,184.0,201.0,0.8852776,259.0,113.0,0.69624305,259.0,112.0,0.2335595,8,warrior
warrior/girl2_warrior094.jpg,181.0,124.0,0.35219857,182.0,120.0,0.18356106,182.0,119.0,0.39097536,172.0,115.0,0.19857745,175.0,115.0,0.5029837,160.0,130.0,0.3974441,165.0,118.0,0.5368319,197.0,129.0,0.20007494,197.0,129.0,0.50876606,191.0,137.0,0.1883636,194.0,130.0,0.28717542,107.0,145.0,0.42411774,117.0,134.0,0.6185614,114.0,203.0,0.7381915,80.0,129.0,0.20988955,32.0,115.0,0.13814956,34.0,114.0,0.33810875,8,warrior
warrior/girl2_warrior099.jpg,182.0,127.0,0.32649264,183.0,123.0,0.32758355,183.0,122.0,0.5009117,176.0,118.0,0.16018249,176.0,118.0,0.44511488,162.0,122.0,0.46882853,165.0,123.0,0.42764753,188.0,126.0,0.32435995,188.0,125.0,0.23304245,207.0,130.0,0.35888913,208.0,131.0,0.5825794,110.0,137.0,0.3603813,115.0,134.0,0.5906794,114.0,201.0,0.61774534,71.0,131.0,0.32423875,19.0,119.0,0.21907052,19.0,119.0,0.47682938,8,warrior
warrior/girl2_warrior099_flipped.jpg,117.0,130.0,0.50228286,116.0,125.0,0.51579595,115.0,126.0,0.5192139,122.0,116.0,0.754778,121.0,117.0,0.7571483,135.0,120.0,0.6777561,138.0,121.0,0.7815555,107.0,127.0,0.4665526,108.0,128.0,0.28563508,93.0,130.0,0.45704252,93.0,131.0,0.39912295,187.0,135.0,0.6392429,190.0,140.0,0.8435553,230.0,131.0,0.8714303,185.0,198.0,0.9265276,279.0,118.0,0.8240915,192.0,235.0,0.21711507,8,warrior
warrior/girl2_warrior102_flipped.jpg,114.0,130.0,0.57732,112.0,125.0,0.7054963,113.0,126.0,0.7460635,118.0,118.0,0.731482,118.0,119.0,0.7841691,132.0,121.0,0.7538866,133.0,122.0,0.7700876,99.0,128.0,0.6057683,101.0,128.0,0.45344546,90.0,129.0,0.36040154,90.0,129.0,0.38969362,182.0,137.0,0.84566593,187.0,142.0,0.83091533,231.0,131.0,0.9095184,182.0,198.0,0.9219064,284.0,121.0,0.77193785,191.0,240.0,0.14164016,8,warrior
warrior/girl2_warrior106_flipped.jpg,105.0,130.0,0.49261045,103.0,125.0,0.6125743,103.0,125.0,0.60784674,109.0,119.0,0.6192049,108.0,119.0,0.62118065,126.0,121.0,0.7393333,126.0,124.0,0.768714,92.0,125.0,0.60404927,94.0,125.0,0.26234016,88.0,124.0,0.30490497,89.0,124.0,0.19685541,178.0,137.0,0.80923957,181.0,142.0,0.86980444,234.0,132.0,0.70025414,175.0,198.0,0.90316486,279.0,126.0,0.5270792,184.0,237.0,0.19644168,8,warrior
warrior/girl2_warrior108_flipped.jpg,102.0,130.0,0.55769813,100.0,125.0,0.65546846,100.0,126.0,0.5064434,105.0,119.0,0.69605124,104.0,120.0,0.7140124,123.0,122.0,0.65020615,122.0,123.0,0.69399524,89.0,125.0,0.72560954,90.0,125.0,0.42368096,83.0,123.0,0.24010326,83.0,123.0,0.1848411,176.0,137.0,0.81453323,179.0,140.0,0.8666524,226.0,135.0,0.9109802,171.0,197.0,0.8653617,279.0,127.0,0.7484621,181.0,244.0,0.3045031,8,warrior
warrior/girl2_warrior109.jpg,199.0,132.0,0.48312128,200.0,127.0,0.5796052,200.0,127.0,0.6209507,194.0,122.0,0.7002101,194.0,122.0,0.69278324,179.0,126.0,0.88526654,180.0,125.0,0.7928058,207.0,124.0,0.36667535,210.0,125.0,0.62749666,223.0,122.0,0.38675442,224.0,123.0,0.6049787,124.0,143.0,0.59664667,125.0,142.0,0.9119512,129.0,198.0,0.7749938,74.0,136.0,0.83909816,120.0,248.0,0.21815775,24.0,128.0,0.42557743,8,warrior
warrior/girl2_warrior109_flipped.jpg,102.0,132.0,0.546545,99.0,128.0,0.6449812,99.0,128.0,0.67751026,103.0,119.0,0.8235027,103.0,120.0,0.80872655,120.0,122.0,0.53847146,120.0,124.0,0.8242512,83.0,125.0,0.6473335,84.0,124.0,0.47702152,79.0,124.0,0.32058683,79.0,124.0,0.23667642,177.0,139.0,0.906674,178.0,143.0,0.8732241,226.0,135.0,0.938544,168.0,197.0,0.88249755,281.0,127.0,0.8593334,178.0,249.0,0.82894504,8,warrior
warrior/girl2_warrior112.jpg,208.0,130.0,0.49513718,209.0,126.0,0.57840323,209.0,126.0,0.57191336,202.0,122.0,0.55891776,201.0,122.0,0.6040336,186.0,127.0,0.8527132,186.0,127.0,0.7770994,215.0,126.0,0.44243422,217.0,126.0,0.6675216,227.0,124.0,0.35370833,228.0,124.0,0.46643364,130.0,142.0,0.7315798,131.0,140.0,0.8549355,138.0,198.0,0.88836807,77.0,136.0,0.81368303,129.0,246.0,0.16510879,32.0,131.0,0.34661734,8,warrior
warrior/girl2_warrior112_flipped.jpg,92.0,132.0,0.6502531,90.0,127.0,0.77435744,91.0,127.0,0.5936395,96.0,121.0,0.586603,96.0,122.0,0.71608126,113.0,123.0,0.7558772,114.0,125.0,0.75324035,79.0,125.0,0.5457872,79.0,126.0,0.4131079,72.0,123.0,0.2907523,69.0,123.0,0.29567698,170.0,139.0,0.79966515,171.0,143.0,0.87204415,223.0,138.0,0.8482008,161.0,198.0,0.91039735,275.0,130.0,0.8897625,171.0,251.0,0.81689847,8,warrior
warrior/girl2_warrior114.jpg,212.0,130.0,0.47839236,213.0,126.0,0.48111165,212.0,126.0,0.5415156,205.0,121.0,0.37279505,204.0,121.0,0.48208338,188.0,130.0,0.7338531,188.0,127.0,0.44694588,219.0,126.0,0.24982204,220.0,126.0,0.47810343,231.0,124.0,0.17876188,232.0,124.0,0.24337769,134.0,148.0,0.5414841,133.0,142.0,0.5703194,141.0,199.0,0.7507041,84.0,140.0,0.30502102,131.0,249.0,0.26795417,83.0,140.0,0.27178735,8,warrior
warrior/girl2_warrior114_flipped.jpg,89.0,131.0,0.6406356,87.0,126.0,0.714798,87.0,126.0,0.6174772,92.0,120.0,0.8100074,92.0,121.0,0.8337772,109.0,123.0,0.7166097,112.0,125.0,0.71800506,75.0,124.0,0.5624163,76.0,125.0,0.43736178,69.0,123.0,0.33031467,68.0,122.0,0.31593728,167.0,140.0,0.8438632,168.0,143.0,0.8941017,220.0,139.0,0.8436201,158.0,198.0,0.9321309,273.0,132.0,0.7945734,167.0,252.0,0.7657752,8,warrior
warrior/girl2_warrior115.jpg,213.0,129.0,0.3926794,214.0,125.0,0.34017998,213.0,125.0,0.539322,206.0,121.0,0.31769946,205.0,121.0,0.5298128,190.0,129.0,0.8193004,191.0,127.0,0.7877498,219.0,129.0,0.27101722,221.0,127.0,0.41467202,229.0,124.0,0.16639931,234.0,124.0,0.2532723,136.0,147.0,0.7467398,136.0,142.0,0.8323584,142.0,199.0,0.7680437,83.0,140.0,0.63548815,134.0,250.0,0.11345409,85.0,141.0,0.14585859,8,warrior
warrior/girl2_warrior115_flipped.jpg,84.0,129.0,0.61567783,83.0,124.0,0.65496933,83.0,124.0,0.6545965,90.0,119.0,0.86341983,89.0,120.0,0.812434,108.0,122.0,0.7869678,108.0,126.0,0.836905,72.0,126.0,0.70922744,73.0,126.0,0.5164529,66.0,122.0,0.42198664,67.0,123.0,0.39416042,167.0,140.0,0.922012,166.0,145.0,0.88741916,221.0,138.0,0.8901177,156.0,199.0,0.90417373,269.0,132.0,0.78857464,166.0,251.0,0.84035873,8,warrior
warrior/girl2_warrior117.jpg,211.0,132.0,0.58798695,213.0,128.0,0.7170116,212.0,127.0,0.6513339,207.0,123.0,0.6915141,205.0,123.0,0.6274973,191.0,128.0,0.8598263,190.0,127.0,0.8537476,206.0,141.0,0.22899759,223.0,127.0,0.474827,230.0,125.0,0.39923728,231.0,125.0,0.5556764,138.0,147.0,0.8008448,135.0,144.0,0.83259714,144.0,199.0,0.8499002,85.0,143.0,0.74751145,136.0,250.0,0.66753715,33.0,137.0,0.26660973,8,warrior
warrior/girl2_warrior117_flipped.jpg,83.0,129.0,0.55204433,82.0,124.0,0.6685318,81.0,125.0,0.68283224,89.0,120.0,0.7200539,87.0,120.0,0.67848897,107.0,125.0,0.58718884,107.0,127.0,0.75374156,74.0,126.0,0.6328195,75.0,127.0,0.40788296,65.0,123.0,0.45542622,61.0,122.0,0.37999076,167.0,143.0,0.8902143,165.0,148.0,0.86675787,217.0,142.0,0.88711464,154.0,198.0,0.86415887,269.0,136.0,0.8340885,163.0,253.0,0.96398413,8,warrior
warrior/girl2_warrior118.jpg,214.0,131.0,0.4981892,216.0,127.0,0.44569167,215.0,126.0,0.4101031,208.0,122.0,0.47124302,207.0,122.0,0.5983155,190.0,129.0,0.78854525,189.0,128.0,0.7072059,216.0,129.0,0.2684943,221.0,127.0,0.52105683,231.0,124.0,0.3862713,232.0,124.0,0.4546119,137.0,148.0,0.72929,135.0,144.0,0.63120294,145.0,200.0,0.74313456,84.0,143.0,0.6472947,136.0,252.0,0.47350875,29.0,135.0,0.2703214,8,warrior
warrior/girl2_warrior118_flipped.jpg,82.0,130.0,0.6136379,82.0,125.0,0.4838466,81.0,125.0,0.5438334,90.0,121.0,0.6439918,88.0,122.0,0.65546364,107.0,127.0,0.81365436,108.0,127.0,0.8472718,72.0,125.0,0.6213992,72.0,125.0,0.50794244,62.0,121.0,0.28763115,62.0,122.0,0.46393707,166.0,143.0,0.8134358,165.0,147.0,0.9090704,219.0,142.0,0.8628365,154.0,199.0,0.8818513,269.0,137.0,0.8279048,163.0,254.0,0.9357067,8,warrior
warrior/girl2_warrior124.jpg,214.0,134.0,0.4992035,218.0,130.0,0.47174552,216.0,129.0,0.5132878,213.0,124.0,0.25547794,210.0,124.0,0.5782324,195.0,130.0,0.66436523,194.0,128.0,0.65378237,228.0,127.0,0.1458926,228.0,128.0,0.4044724,239.0,124.0,0.15677398,240.0,124.0,0.31744125,138.0,150.0,0.49864784,136.0,144.0,0.70609426,146.0,201.0,0.77244604,80.0,147.0,0.46104932,138.0,255.0,0.680002,24.0,143.0,0.38831297,8,warrior
warrior/girl2_warrior124_flipped.jpg,81.0,131.0,0.5675214,80.0,127.0,0.70592654,80.0,127.0,0.46655816,88.0,123.0,0.7495031,88.0,123.0,0.81152564,108.0,127.0,0.82650083,106.0,130.0,0.893569,69.0,129.0,0.58041877,69.0,129.0,0.53173804,60.0,123.0,0.5528208,61.0,121.0,0.5479175,167.0,144.0,0.80586356,163.0,149.0,0.79653746,224.0,147.0,0.90416265,153.0,201.0,0.90848535,274.0,143.0,0.7695868,162.0,255.0,0.91784143,8,warrior
warrior/girl2_warrior127.jpg,217.0,131.0,0.378065,219.0,126.0,0.45316035,217.0,126.0,0.53174126,212.0,125.0,0.21956004,209.0,124.0,0.533039,194.0,132.0,0.6289549,190.0,132.0,0.46719325,228.0,127.0,0.22086821,228.0,130.0,0.33703682,235.0,122.0,0.29003808,236.0,126.0,0.16732064,140.0,153.0,0.5159334,136.0,147.0,0.5794463,146.0,204.0,0.77180177,77.0,149.0,0.4697214,137.0,256.0,0.27113998,81.0,149.0,0.16622673,8,warrior
warrior/girl2_warrior127_flipped.jpg,81.0,129.0,0.39539653,80.0,127.0,0.66104066,79.0,127.0,0.69879645,87.0,122.0,0.71143126,86.0,121.0,0.63124037,108.0,127.0,0.46380976,107.0,126.0,0.6904109,72.0,129.0,0.6502464,73.0,129.0,0.43462935,65.0,125.0,0.358585,64.0,123.0,0.44792375,167.0,145.0,0.7817934,163.0,148.0,0.639627,221.0,150.0,0.8634665,153.0,204.0,0.88244796,273.0,147.0,0.70943797,162.0,256.0,0.84145874,8,warrior
warrior/girl2_warrior128.jpg,218.0,130.0,0.34563866,219.0,126.0,0.46703938,218.0,126.0,0.52233994,211.0,124.0,0.22040725,209.0,123.0,0.50371194,191.0,131.0,0.7166283,189.0,132.0,0.6931796,228.0,126.0,0.22857761,228.0,130.0,0.3171549,238.0,121.0,0.26859415,237.0,123.0,0.19888352,138.0,150.0,0.7152808,136.0,146.0,0.69349504,145.0,205.0,0.76823217,79.0,150.0,0.6369179,136.0,257.0,0.12104534,78.0,150.0,0.16140041,8,warrior
warrior/girl2_warrior128_flipped.jpg,81.0,131.0,0.39406154,79.0,127.0,0.713675,79.0,127.0,0.72449446,89.0,122.0,0.61093676,88.0,123.0,0.6760528,110.0,129.0,0.7625003,109.0,128.0,0.6175167,74.0,131.0,0.6638086,74.0,130.0,0.47033784,63.0,124.0,0.2810586,63.0,122.0,0.41265127,168.0,146.0,0.7303877,165.0,148.0,0.67419666,223.0,150.0,0.78635806,154.0,203.0,0.8519822,272.0,147.0,0.39594108,163.0,254.0,0.70484626,8,warrior
warrior/girl2_warrior130.jpg,216.0,126.0,0.29384905,217.0,120.0,0.2941277,215.0,119.0,0.29112488,207.0,119.0,0.26902932,205.0,118.0,0.3868497,190.0,133.0,0.63065827,189.0,133.0,0.692474,224.0,131.0,0.18580543,225.0,132.0,0.27662364,230.0,130.0,0.23556103,230.0,132.0,0.25867814,137.0,155.0,0.7345599,135.0,151.0,0.79522485,145.0,205.0,0.7168586,77.0,151.0,0.69935966,135.0,259.0,0.23177876,78.0,151.0,0.20006031,8,warrior
warrior/girl2_warrior130_flipped.jpg,85.0,135.0,0.5566902,83.0,130.0,0.42830288,82.0,130.0,0.45541543,89.0,122.0,0.6356306,88.0,122.0,0.55337965,110.0,127.0,0.69053817,109.0,126.0,0.68837994,71.0,134.0,0.5504465,72.0,132.0,0.45031348,66.0,130.0,0.2629982,63.0,130.0,0.30691037,167.0,149.0,0.8027539,166.0,150.0,0.79219496,224.0,151.0,0.85716546,155.0,204.0,0.8744948,274.0,149.0,0.6573005,164.0,256.0,0.7204473,8,warrior
warrior/girl2_warrior142.jpg,225.0,142.0,0.5117078,226.0,138.0,0.5808022,226.0,138.0,0.6312648,218.0,135.0,0.6855283,218.0,135.0,0.6931921,200.0,140.0,0.706188,198.0,143.0,0.83778274,234.0,132.0,0.5174708,234.0,142.0,0.70910954,253.0,130.0,0.79738826,251.0,134.0,0.4094809,139.0,163.0,0.5201788,137.0,159.0,0.87998927,151.0,213.0,0.8188397,76.0,158.0,0.5776121,138.0,266.0,0.8004947,20.0,154.0,0.1895448,8,warrior
warrior/girl2_warrior142_flipped.jpg,77.0,147.0,0.6765756,76.0,143.0,0.5678849,75.0,144.0,0.60470897,83.0,135.0,0.67445076,82.0,136.0,0.7122527,103.0,140.0,0.8731228,104.0,138.0,0.77086806,67.0,141.0,0.802283,68.0,137.0,0.4746158,55.0,130.0,0.47829044,56.0,128.0,0.7259251,164.0,158.0,0.8095455,163.0,160.0,0.8965801,226.0,157.0,0.8359706,149.0,212.0,0.8356642,275.0,154.0,0.6311419,161.0,266.0,0.9583753,8,warrior
warrior/girl2_warrior144.jpg,227.0,145.0,0.46065524,228.0,140.0,0.64544535,228.0,140.0,0.6675135,221.0,136.0,0.622298,221.0,135.0,0.6686522,201.0,143.0,0.7075528,199.0,142.0,0.7971148,235.0,136.0,0.4613945,237.0,142.0,0.61962575,251.0,131.0,0.6767045,252.0,135.0,0.48174623,143.0,164.0,0.6468095,141.0,160.0,0.59566367,153.0,216.0,0.7064841,80.0,163.0,0.5647062,140.0,270.0,0.770273,80.0,164.0,0.12180357,8,warrior
warrior/girl2_warrior144_flipped.jpg,73.0,148.0,0.70191437,72.0,144.0,0.5723562,72.0,144.0,0.60758555,79.0,136.0,0.697052,79.0,137.0,0.7396439,99.0,139.0,0.7338926,100.0,138.0,0.77029973,62.0,140.0,0.82769924,62.0,137.0,0.5180135,51.0,131.0,0.3016184,51.0,129.0,0.5650905,162.0,158.0,0.8551601,159.0,161.0,0.9081795,221.0,163.0,0.8865179,145.0,214.0,0.88992566,275.0,156.0,0.6934571,158.0,269.0,0.9568965,8,warrior
warrior/girl2_warrior147.jpg,233.0,144.0,0.6117475,234.0,140.0,0.596235,234.0,140.0,0.55958724,226.0,133.0,0.6146287,226.0,132.0,0.7855511,206.0,136.0,0.70956445,203.0,138.0,0.8730143,238.0,133.0,0.36019477,239.0,140.0,0.7577145,251.0,127.0,0.80064344,253.0,131.0,0.44244796,148.0,166.0,0.75039715,143.0,162.0,0.7137411,158.0,217.0,0.8345242,85.0,176.0,0.75059044,144.0,272.0,0.66245115,30.0,169.0,0.30252698,8,warrior
warrior/girl2_warrior147_flipped.jpg,69.0,146.0,0.6402297,67.0,142.0,0.7212149,66.0,142.0,0.8235753,75.0,133.0,0.7019664,73.0,134.0,0.7020303,96.0,136.0,0.54051125,97.0,135.0,0.766337,60.0,138.0,0.77675456,59.0,136.0,0.45524475,52.0,134.0,0.38045886,53.0,131.0,0.4350698,157.0,160.0,0.82351744,154.0,163.0,0.8697151,215.0,176.0,0.93386734,141.0,217.0,0.9315895,266.0,168.0,0.678957,154.0,270.0,0.9674531,8,warrior
warrior/girl2_warrior148.jpg,234.0,143.0,0.49076235,234.0,138.0,0.54334104,233.0,138.0,0.7039109,226.0,132.0,0.781814,225.0,132.0,0.77704936,206.0,135.0,0.8363385,202.0,136.0,0.85668314,238.0,134.0,0.4225751,238.0,137.0,0.5903603,251.0,127.0,0.6102681,252.0,129.0,0.26342946,149.0,167.0,0.72381663,144.0,163.0,0.8918088,160.0,218.0,0.8527472,87.0,179.0,0.71369565,146.0,272.0,0.7387281,31.0,173.0,0.37740123,8,warrior
warrior/girl2_warrior148_flipped.jpg,67.0,143.0,0.5784045,66.0,139.0,0.6170325,65.0,139.0,0.7149308,74.0,130.0,0.7353914,73.0,131.0,0.75827324,95.0,135.0,0.8789975,95.0,135.0,0.7637884,59.0,137.0,0.73124814,60.0,136.0,0.41782466,52.0,130.0,0.3331214,53.0,129.0,0.29885036,155.0,161.0,0.8116412,152.0,162.0,0.89756924,213.0,179.0,0.90646076,140.0,218.0,0.906639,261.0,173.0,0.55099374,153.0,270.0,0.7493826,8,warrior
warrior/girl2_warrior149.jpg,234.0,140.0,0.50258446,235.0,136.0,0.6317103,234.0,135.0,0.52938807,228.0,129.0,0.71790856,227.0,128.0,0.7788246,209.0,134.0,0.776421,204.0,136.0,0.7699025,242.0,129.0,0.27941954,241.0,133.0,0.53605855,256.0,121.0,0.47357747,257.0,125.0,0.43570545,152.0,169.0,0.67062354,145.0,164.0,0.783654,161.0,219.0,0.84996355,89.0,182.0,0.6648901,147.0,273.0,0.83404636,34.0,179.0,0.5616687,8,warrior
warrior/girl2_warrior149_flipped.jpg,67.0,141.0,0.64379054,66.0,137.0,0.7235838,65.0,138.0,0.73699224,73.0,129.0,0.7875428,72.0,129.0,0.6119137,95.0,132.0,0.7899562,93.0,133.0,0.7065003,59.0,132.0,0.76538575,59.0,131.0,0.38929272,54.0,131.0,0.21313632,48.0,128.0,0.20677075,154.0,163.0,0.7946807,147.0,166.0,0.7868554,211.0,181.0,0.94198936,139.0,219.0,0.91835344,256.0,178.0,0.46886787,152.0,272.0,0.47340846,8,warrior
warrior/girl3_warrior050.jpg,183.0,239.0,0.2622639,191.0,243.0,0.41171822,184.0,243.0,0.31161138,191.0,230.0,0.41630968,175.0,234.0,0.2681923,192.0,208.0,0.5776571,150.0,221.0,0.46862155,191.0,162.0,0.5605264,116.0,198.0,0.61746114,159.0,176.0,0.23069508,130.0,167.0,0.2800744,176.0,193.0,0.1226635,145.0,190.0,0.10861874,118.0,198.0,0.13858907,118.0,196.0,0.14244679,135.0,166.0,0.17779762,131.0,166.0,0.34627658,8,warrior
warrior/girl3_warrior054_flipped.jpg,117.0,250.0,0.14032926,117.0,252.0,0.3224377,109.0,255.0,0.31232798,128.0,242.0,0.2511618,109.0,235.0,0.29406297,154.0,227.0,0.6953144,113.0,208.0,0.5702513,185.0,198.0,0.73770845,110.0,169.0,0.70284104,170.0,164.0,0.5335231,144.0,178.0,0.522321,167.0,198.0,0.21196169,145.0,193.0,0.3808962,186.0,197.0,0.25641802,141.0,187.0,0.114757515,171.0,163.0,0.21798992,144.0,177.0,0.36313975,8,warrior
warrior/girl3_warrior056_flipped.jpg,118.0,242.0,0.19233212,117.0,247.0,0.31650695,113.0,248.0,0.4288792,128.0,241.0,0.32143208,117.0,241.0,0.3263382,151.0,228.0,0.5118227,132.0,220.0,0.2389687,185.0,196.0,0.34304124,114.0,201.0,0.23814815,146.0,173.0,0.10805028,143.0,174.0,0.1111426,164.0,189.0,0.15895978,157.0,188.0,0.15792793,187.0,195.0,0.4314902,152.0,187.0,0.14488605,171.0,164.0,0.41077393,146.0,173.0,0.19744329,8,warrior
warrior/girl3_warrior079_flipped.jpg,156.0,233.0,0.3975114,162.0,235.0,0.47586736,153.0,236.0,0.41108006,168.0,227.0,0.57567954,146.0,225.0,0.5329242,181.0,201.0,0.78280646,137.0,195.0,0.72769046,204.0,165.0,0.64796203,135.0,174.0,0.11087751,191.0,182.0,0.19156334,138.0,174.0,0.25675955,165.0,164.0,0.21484187,137.0,170.0,0.12664974,178.0,161.0,0.16981833,135.0,191.0,0.19293565,173.0,157.0,0.10859912,138.0,173.0,0.24103518,8,warrior
warrior/girl3_warrior085.jpg,140.0,232.0,0.49420998,144.0,230.0,0.3296088,135.0,231.0,0.33355793,154.0,216.0,0.5336058,130.0,218.0,0.46314865,162.0,194.0,0.29583105,122.0,198.0,0.41337582,186.0,162.0,0.3519568,111.0,186.0,0.18156461,173.0,178.0,0.27032444,105.0,182.0,0.3071599,155.0,158.0,0.28607365,129.0,154.0,0.5506071,154.0,124.0,0.121944495,123.0,126.0,0.4885439,152.0,81.0,0.12332736,125.0,75.0,0.4903393,8,warrior
warrior/girl3_warrior103_flipped.jpg,165.0,210.0,0.3054679,170.0,212.0,0.5329262,162.0,214.0,0.39899614,174.0,205.0,0.44304872,155.0,207.0,0.43805996,181.0,184.0,0.66775393,143.0,187.0,0.5213758,204.0,213.0,0.84814525,126.0,220.0,0.8451022,211.0,254.0,0.58978736,137.0,260.0,0.6975793,166.0,143.0,0.5736196,140.0,142.0,0.5560478,155.0,105.0,0.42984942,151.0,103.0,0.15284958,154.0,53.0,0.24134572,153.0,55.0,0.18106665,8,warrior
warrior/girl3_warrior119.jpg,124.0,215.0,0.18369724,125.0,220.0,0.2843895,115.0,219.0,0.47461516,135.0,210.0,0.332147,112.0,207.0,0.30782637,148.0,191.0,0.63752663,112.0,179.0,0.6090855,149.0,221.0,0.67514753,90.0,209.0,0.8399427,148.0,231.0,0.16971277,75.0,231.0,0.59729457,176.0,153.0,0.1824431,153.0,143.0,0.30724934,150.0,218.0,0.11890288,151.0,127.0,0.53744894,153.0,229.0,0.10066503,150.0,222.0,0.108580016,8,warrior
warrior/girl3_warrior125.jpg,118.0,215.0,0.23205052,121.0,219.0,0.42681018,112.0,217.0,0.46582016,131.0,210.0,0.3819331,107.0,206.0,0.4865962,145.0,193.0,0.5305189,107.0,180.0,0.5521451,144.0,226.0,0.3334973,87.0,207.0,0.7391107,140.0,235.0,0.22241029,68.0,232.0,0.8531953,167.0,153.0,0.49542642,149.0,140.0,0.4582636,165.0,98.0,0.42115843,162.0,103.0,0.72054774,160.0,216.0,0.26643586,160.0,216.0,0.2189885,8,warrior
warrior/girl3_warrior125_flipped.jpg,184.0,213.0,0.2101651,189.0,212.0,0.519411,180.0,215.0,0.51408136,194.0,204.0,0.45069274,169.0,208.0,0.37186325,195.0,181.0,0.76545024,153.0,195.0,0.73755777,213.0,207.0,0.7592919,157.0,218.0,0.56818646,233.0,232.0,0.6789564,162.0,240.0,0.30447033,153.0,139.0,0.50502723,133.0,157.0,0.47292632,148.0,123.0,0.37147748,138.0,180.0,0.1579959,140.0,214.0,0.35437417,139.0,214.0,0.46194088,8,warrior
warrior/girl3_warrior127.jpg,114.0,213.0,0.17510898,115.0,217.0,0.34910312,110.0,216.0,0.46382037,126.0,207.0,0.3478789,108.0,207.0,0.3439534,142.0,189.0,0.5338329,107.0,180.0,0.558656,144.0,217.0,0.3592661,85.0,208.0,0.72538674,135.0,247.0,0.39748973,63.0,233.0,0.7822054,167.0,151.0,0.4070661,151.0,145.0,0.4932145,165.0,102.0,0.45568547,153.0,122.0,0.2896292,161.0,213.0,0.21235426,178.0,69.0,0.18979599,8,warrior
warrior/girl3_warrior129.jpg,112.0,215.0,0.34478736,115.0,216.0,0.45901975,108.0,215.0,0.4711407,126.0,206.0,0.50728947,105.0,205.0,0.48989958,142.0,191.0,0.6692287,105.0,180.0,0.43681315,139.0,218.0,0.61289066,82.0,207.0,0.8204247,129.0,252.0,0.73531044,57.0,231.0,0.723359,169.0,157.0,0.48112825,149.0,144.0,0.5981283,167.0,103.0,0.25319192,157.0,119.0,0.37545344,179.0,69.0,0.19217364,179.0,70.0,0.24881709,8,warrior
warrior/girl3_warrior129_flipped.jpg,185.0,212.0,0.43687856,188.0,213.0,0.519693,183.0,214.0,0.52486,191.0,206.0,0.49809805,175.0,208.0,0.5197403,197.0,180.0,0.8406856,158.0,193.0,0.66243744,216.0,207.0,0.8322007,160.0,220.0,0.465385,240.0,232.0,0.86880755,172.0,252.0,0.74848145,150.0,145.0,0.55584466,135.0,151.0,0.71404684,141.0,118.0,0.4765287,144.0,198.0,0.36285686,122.0,71.0,0.52106535,139.0,211.0,0.24800657,8,warrior
warrior/girl3_warrior138.jpg,105.0,209.0,0.3161983,107.0,212.0,0.3974383,101.0,210.0,0.41076177,117.0,205.0,0.4420684,98.0,202.0,0.4274908,137.0,193.0,0.6877901,99.0,178.0,0.6621063,133.0,222.0,0.7996589,75.0,204.0,0.6206076,119.0,250.0,0.7396865,51.0,227.0,0.6808753,165.0,158.0,0.47898322,148.0,141.0,0.6674348,160.0,185.0,0.12241795,155.0,123.0,0.37828344,184.0,72.0,0.14126211,184.0,76.0,0.23674685,8,warrior
warrior/girl3_warrior138_flipped.jpg,193.0,214.0,0.46025503,198.0,213.0,0.58123124,190.0,215.0,0.5218102,199.0,204.0,0.52072096,180.0,207.0,0.5148374,203.0,178.0,0.78334963,161.0,193.0,0.61230856,225.0,204.0,0.79492664,167.0,224.0,0.8610953,251.0,229.0,0.88748646,181.0,248.0,0.6513845,156.0,143.0,0.60805416,136.0,155.0,0.67420244,138.0,114.0,0.7637327,133.0,169.0,0.20665869,119.0,72.0,0.36543116,143.0,211.0,0.16521251,8,warrior
warrior/girl3_warrior142.jpg,103.0,209.0,0.28324464,104.0,211.0,0.39052674,98.0,209.0,0.38399208,114.0,203.0,0.3915473,94.0,202.0,0.42713228,135.0,194.0,0.5413722,95.0,175.0,0.63932014,129.0,222.0,0.7213237,72.0,203.0,0.74278396,115.0,248.0,0.7702426,46.0,227.0,0.7550142,162.0,159.0,0.63805115,146.0,142.0,0.67330337,154.0,197.0,0.2726426,155.0,124.0,0.5730622,183.0,79.0,0.14972894,183.0,82.0,0.27007815,8,warrior
warrior/girl3_warrior142_flipped.jpg,199.0,212.0,0.45725423,203.0,211.0,0.57670057,196.0,214.0,0.52282745,204.0,200.0,0.5713197,185.0,207.0,0.61054087,207.0,176.0,0.81557757,165.0,196.0,0.57206535,227.0,201.0,0.75554377,171.0,224.0,0.7100552,254.0,227.0,0.8435169,186.0,248.0,0.61648905,155.0,143.0,0.5010952,135.0,157.0,0.55785036,130.0,105.0,0.5546453,124.0,174.0,0.23930638,115.0,74.0,0.29441458,141.0,212.0,0.23323056,8,warrior
warrior/girl3_warrior143_flipped.jpg,201.0,210.0,0.46216977,205.0,208.0,0.63152456,198.0,212.0,0.4322944,203.0,198.0,0.49487942,186.0,206.0,0.40840977,204.0,176.0,0.69270885,165.0,194.0,0.6650916,226.0,200.0,0.6602067,174.0,223.0,0.5439236,255.0,226.0,0.7266196,188.0,248.0,0.68486017,153.0,145.0,0.24227783,134.0,159.0,0.39603204,141.0,123.0,0.46500346,125.0,171.0,0.21877521,142.0,214.0,0.2708081,144.0,212.0,0.17808776,8,warrior
warrior/girl3_warrior146.jpg,95.0,205.0,0.40601417,98.0,205.0,0.38654014,92.0,203.0,0.59451354,111.0,198.0,0.45987114,91.0,193.0,0.53629965,133.0,192.0,0.7134044,93.0,170.0,0.72442806,122.0,217.0,0.7967937,72.0,193.0,0.5768364,107.0,244.0,0.7724793,43.0,216.0,0.6254731,161.0,161.0,0.63712263,145.0,142.0,0.80256116,153.0,194.0,0.47058448,167.0,110.0,0.59467304,190.0,74.0,0.17178446,191.0,76.0,0.43308124,8,warrior
warrior/girl3_warrior146_flipped.jpg,205.0,208.0,0.59932065,208.0,205.0,0.6815616,203.0,208.0,0.6444472,206.0,193.0,0.6376853,189.0,201.0,0.539794,207.0,170.0,0.8274497,166.0,191.0,0.70420855,229.0,193.0,0.5784205,177.0,218.0,0.75128824,257.0,217.0,0.88431,193.0,243.0,0.8101368,157.0,135.0,0.7319454,138.0,156.0,0.51419896,129.0,105.0,0.7737921,143.0,185.0,0.49064144,108.0,76.0,0.6348611,144.0,212.0,0.44179472,8,warrior
warrior/girl3_warrior148.jpg,95.0,199.0,0.35492447,98.0,198.0,0.40238437,92.0,198.0,0.4885717,109.0,192.0,0.49712583,91.0,188.0,0.3427087,132.0,185.0,0.5965239,91.0,166.0,0.5640154,119.0,209.0,0.72723895,69.0,186.0,0.471371,104.0,238.0,0.7125139,42.0,207.0,0.42006952,160.0,159.0,0.5900527,147.0,140.0,0.7060684,153.0,197.0,0.49823964,170.0,112.0,0.4815599,155.0,215.0,0.26661858,194.0,81.0,0.58373934,8,warrior
warrior/girl3_warrior148_flipped.jpg,205.0,201.0,0.58149207,209.0,197.0,0.58914816,203.0,202.0,0.5509273,206.0,184.0,0.6234923,189.0,196.0,0.48180977,206.0,165.0,0.7141551,168.0,189.0,0.65470284,231.0,187.0,0.8292052,181.0,211.0,0.7916045,258.0,209.0,0.8202773,196.0,236.0,0.82754725,153.0,130.0,0.6906297,135.0,153.0,0.45050973,130.0,110.0,0.7101443,131.0,175.0,0.14996774,105.0,82.0,0.7100667,143.0,212.0,0.440324,8,warrior
warrior/girl3_warrior149.jpg,100.0,196.0,0.37845975,102.0,197.0,0.5116253,96.0,196.0,0.45244986,111.0,190.0,0.54843235,94.0,185.0,0.43985063,134.0,184.0,0.6792693,94.0,163.0,0.6447479,120.0,204.0,0.81722516,70.0,184.0,0.6386696,104.0,232.0,0.83272773,47.0,201.0,0.60100293,161.0,161.0,0.46711516,150.0,140.0,0.66135156,154.0,193.0,0.56940556,171.0,113.0,0.52577806,156.0,214.0,0.55814505,197.0,84.0,0.36311424,8,warrior
warrior/girl3_warrior149_flipped.jpg,205.0,199.0,0.5140842,208.0,194.0,0.6199002,202.0,199.0,0.6291933,205.0,181.0,0.5866228,187.0,193.0,0.4502937,206.0,163.0,0.6967874,167.0,188.0,0.563553,231.0,184.0,0.83965504,180.0,206.0,0.5383948,258.0,203.0,0.81662476,195.0,231.0,0.63659656,155.0,132.0,0.79210347,137.0,157.0,0.6160985,130.0,111.0,0.827596,137.0,175.0,0.16024412,105.0,85.0,0.69771916,143.0,212.0,0.4609941,8,warrior
warrior/girl3_warrior150.jpg,104.0,191.0,0.3325181,107.0,190.0,0.44316489,98.0,191.0,0.34682825,115.0,183.0,0.478816,95.0,180.0,0.36429372,135.0,180.0,0.49323764,95.0,160.0,0.38277802,120.0,199.0,0.8764667,68.0,179.0,0.5129528,104.0,226.0,0.73769754,45.0,196.0,0.29457307,161.0,157.0,0.54662716,147.0,140.0,0.71316165,154.0,193.0,0.5817486,171.0,115.0,0.430703,155.0,213.0,0.44036877,196.0,90.0,0.5760499,8,warrior
warrior/guy1_warrior043_flipped.jpg,125.0,118.0,0.76967895,128.0,111.0,0.7112658,120.0,113.0,0.7798081,139.0,98.0,0.71514815,120.0,106.0,0.7143402,168.0,105.0,0.7212163,125.0,113.0,0.7834399,209.0,87.0,0.81566393,116.0,100.0,0.19875796,207.0,111.0,0.9151828,173.0,108.0,0.137719,195.0,139.0,0.713109,174.0,147.0,0.88053286,227.0,143.0,0.89477265,175.0,199.0,0.77609026,249.0,137.0,0.8395652,184.0,252.0,0.92513525,8,warrior
warrior/guy1_warrior044.jpg,175.0,116.0,0.7221918,180.0,112.0,0.5048661,172.0,110.0,0.7915462,181.0,106.0,0.43291113,160.0,100.0,0.663126,176.0,116.0,0.6427525,131.0,106.0,0.82200575,208.0,111.0,0.22455461,91.0,89.0,0.81215537,216.0,111.0,0.12639919,92.0,111.0,0.83178437,128.0,148.0,0.7958684,105.0,138.0,0.9194563,124.0,198.0,0.9174379,75.0,143.0,0.84874076,115.0,251.0,0.8603705,51.0,136.0,0.8561672,8,warrior
warrior/guy1_warrior057_flipped.jpg,139.0,123.0,0.5825269,143.0,116.0,0.6951402,134.0,117.0,0.63344824,155.0,104.0,0.62183833,131.0,109.0,0.4986758,179.0,108.0,0.60719585,134.0,118.0,0.38433874,213.0,89.0,0.89421785,159.0,119.0,0.10339708,209.0,111.0,0.8177878,185.0,117.0,0.18188645,199.0,135.0,0.7282703,175.0,146.0,0.8948983,220.0,138.0,0.8947642,180.0,198.0,0.9278171,237.0,133.0,0.76122266,202.0,120.0,0.121456675,8,warrior
warrior/guy1_warrior073_flipped.jpg,146.0,117.0,0.69255245,151.0,110.0,0.6996608,141.0,111.0,0.75114286,160.0,100.0,0.81573653,136.0,103.0,0.74070513,178.0,102.0,0.8043095,129.0,109.0,0.5091921,208.0,81.0,0.91147894,122.0,90.0,0.77828145,208.0,119.0,0.93654215,137.0,137.0,0.56627434,185.0,138.0,0.7093588,160.0,146.0,0.89756405,196.0,146.0,0.6344892,168.0,198.0,0.863183,208.0,146.0,0.74106723,172.0,221.0,0.14081523,8,warrior
warrior/guy1_warrior077_flipped.jpg,144.0,114.0,0.7260329,149.0,108.0,0.6242334,139.0,109.0,0.76622105,158.0,99.0,0.8155073,134.0,101.0,0.69653356,176.0,101.0,0.87721616,127.0,106.0,0.7147783,205.0,87.0,0.94793546,116.0,93.0,0.81176734,203.0,123.0,0.7968613,120.0,128.0,0.8787194,178.0,138.0,0.76970196,153.0,145.0,0.8811133,193.0,148.0,0.7083614,161.0,196.0,0.7264635,198.0,150.0,0.70541406,163.0,216.0,0.29546708,8,warrior
warrior/guy1_warrior080_flipped.jpg,143.0,112.0,0.6488749,148.0,106.0,0.7914715,138.0,106.0,0.6532208,157.0,97.0,0.75634974,133.0,99.0,0.7299324,174.0,99.0,0.8779624,126.0,106.0,0.73449075,204.0,91.0,0.9105641,107.0,95.0,0.82115793,198.0,126.0,0.873973,112.0,129.0,0.9471349,173.0,139.0,0.93007344,148.0,144.0,0.89584905,186.0,148.0,0.6368164,156.0,197.0,0.833161,190.0,149.0,0.70625013,158.0,224.0,0.11851642,8,warrior
warrior/guy1_warrior081_flipped.jpg,142.0,112.0,0.7355596,147.0,105.0,0.7767352,137.0,106.0,0.7938254,156.0,96.0,0.7896336,132.0,99.0,0.77228284,173.0,99.0,0.8678164,125.0,106.0,0.8395046,204.0,94.0,0.945395,105.0,96.0,0.91543865,196.0,126.0,0.89205754,110.0,130.0,0.91793257,172.0,140.0,0.9191415,146.0,145.0,0.87888396,184.0,154.0,0.45179516,154.0,197.0,0.8844223,187.0,149.0,0.59898925,184.0,149.0,0.10000733,8,warrior
warrior/guy1_warrior082_flipped.jpg,141.0,111.0,0.6339509,146.0,104.0,0.8040934,136.0,105.0,0.78933203,155.0,94.0,0.7023499,131.0,97.0,0.6661272,173.0,97.0,0.9132315,123.0,104.0,0.8350225,204.0,97.0,0.8953696,100.0,99.0,0.8917606,195.0,127.0,0.8581389,107.0,130.0,0.88422394,170.0,140.0,0.8302126,144.0,144.0,0.91151696,181.0,150.0,0.68601394,152.0,198.0,0.89854264,185.0,151.0,0.567588,155.0,224.0,0.14119379,8,warrior
warrior/guy1_warrior088_flipped.jpg,135.0,105.0,0.7240045,140.0,98.0,0.63338524,130.0,98.0,0.54917836,149.0,88.0,0.8547238,124.0,91.0,0.6474999,167.0,96.0,0.7572868,112.0,99.0,0.8723659,202.0,111.0,0.9565949,82.0,109.0,0.9270891,184.0,126.0,0.9353146,93.0,125.0,0.7605485,160.0,140.0,0.9241511,133.0,144.0,0.931374,167.0,155.0,0.50072575,139.0,196.0,0.8885154,168.0,151.0,0.7252128,165.0,150.0,0.15415615,8,warrior
warrior/guy1_warrior091_flipped.jpg,131.0,101.0,0.77654994,137.0,94.0,0.90540427,126.0,94.0,0.83632183,146.0,86.0,0.8920599,120.0,87.0,0.7172751,162.0,93.0,0.728949,106.0,95.0,0.9116819,204.0,110.0,0.929122,66.0,110.0,0.89560074,179.0,117.0,0.87258685,86.0,118.0,0.7920768,152.0,139.0,0.91746086,124.0,141.0,0.94155204,159.0,159.0,0.5545522,132.0,196.0,0.85749596,158.0,151.0,0.62102246,155.0,149.0,0.16020995,8,warrior
warrior/guy1_warrior093_flipped.jpg,128.0,98.0,0.7460935,134.0,91.0,0.85130703,123.0,91.0,0.75822186,142.0,82.0,0.8496698,116.0,83.0,0.7986362,157.0,91.0,0.7341423,104.0,94.0,0.8166065,203.0,102.0,0.85973155,57.0,106.0,0.85384125,178.0,106.0,0.7971155,79.0,106.0,0.8193516,148.0,137.0,0.86319697,119.0,140.0,0.8920762,151.0,157.0,0.56560767,127.0,194.0,0.888082,149.0,157.0,0.54268277,145.0,153.0,0.10725074,8,warrior
warrior/guy1_warrior097_flipped.jpg,123.0,91.0,0.73545086,129.0,85.0,0.821263,118.0,85.0,0.66145873,136.0,75.0,0.86775094,111.0,76.0,0.74580824,151.0,85.0,0.6959934,97.0,86.0,0.84063995,199.0,91.0,0.86815816,49.0,88.0,0.8901533,179.0,86.0,0.84149075,73.0,83.0,0.8617275,139.0,135.0,0.8542584,110.0,136.0,0.9358083,137.0,154.0,0.59645045,117.0,194.0,0.83895886,134.0,147.0,0.7411845,132.0,148.0,0.14589497,8,warrior
warrior/guy1_warrior099.jpg,178.0,87.0,0.7350205,184.0,80.0,0.70274484,173.0,81.0,0.69185495,194.0,72.0,0.59765124,165.0,72.0,0.6499662,207.0,80.0,0.76649725,152.0,83.0,0.8389244,248.0,82.0,0.80723333,112.0,86.0,0.63542616,230.0,68.0,0.7092253,121.0,74.0,0.7474389,196.0,136.0,0.8853923,167.0,137.0,0.8762684,190.0,192.0,0.8984015,171.0,153.0,0.5550664,187.0,248.0,0.5581856,175.0,148.0,0.7041172,8,warrior
warrior/guy1_warrior099_flipped.jpg,121.0,89.0,0.7783434,128.0,82.0,0.6966668,116.0,82.0,0.82351345,136.0,72.0,0.82077587,107.0,72.0,0.7623648,149.0,83.0,0.8428546,93.0,82.0,0.72406745,193.0,86.0,0.8985573,50.0,82.0,0.9278234,180.0,74.0,0.833837,70.0,69.0,0.9148718,134.0,134.0,0.8884768,104.0,134.0,0.91331553,132.0,145.0,0.61424834,110.0,195.0,0.89929676,126.0,145.0,0.71611226,122.0,148.0,0.12404779,8,warrior
warrior/guy1_warrior100.jpg,178.0,86.0,0.77040565,185.0,78.0,0.7386993,173.0,79.0,0.7082884,193.0,69.0,0.6836498,166.0,71.0,0.6157799,209.0,79.0,0.7847721,152.0,81.0,0.9306212,247.0,77.0,0.93074036,115.0,82.0,0.9042939,230.0,61.0,0.9110445,120.0,68.0,0.73432565,199.0,136.0,0.82094145,169.0,138.0,0.9434773,192.0,191.0,0.937273,174.0,149.0,0.6755891,190.0,246.0,0.68816733,179.0,149.0,0.69145024,8,warrior
warrior/guy1_warrior101.jpg,179.0,84.0,0.6124493,185.0,77.0,0.652882,174.0,77.0,0.64142025,195.0,68.0,0.56516534,166.0,71.0,0.53789306,209.0,78.0,0.85482615,157.0,80.0,0.84347737,244.0,73.0,0.77473825,121.0,77.0,0.8175998,230.0,54.0,0.7248485,121.0,59.0,0.3421513,202.0,138.0,0.7978125,174.0,139.0,0.8868559,195.0,191.0,0.8438091,179.0,152.0,0.36760566,192.0,249.0,0.39530423,184.0,149.0,0.6489023,8,warrior
warrior/guy1_warrior101_flipped.jpg,121.0,85.0,0.6082866,127.0,78.0,0.7682536,115.0,78.0,0.8308628,133.0,67.0,0.8053771,107.0,67.0,0.7858344,144.0,78.0,0.86183393,90.0,77.0,0.88026303,179.0,77.0,0.8627563,54.0,73.0,0.93596506,180.0,62.0,0.61802924,71.0,51.0,0.8774927,130.0,134.0,0.88019705,99.0,134.0,0.86782867,127.0,142.0,0.500558,105.0,194.0,0.88970035,119.0,145.0,0.75010514,108.0,236.0,0.12067471,8,warrior
warrior/guy1_warrior104.jpg,180.0,78.0,0.73403746,186.0,70.0,0.68591535,174.0,71.0,0.48837218,195.0,61.0,0.4186408,167.0,65.0,0.4837638,210.0,72.0,0.7157836,161.0,74.0,0.77132714,233.0,56.0,0.83178544,133.0,65.0,0.59510934,225.0,33.0,0.6599202,119.0,45.0,0.5519915,211.0,133.0,0.8394419,179.0,134.0,0.7525444,203.0,191.0,0.8420488,181.0,135.0,0.27189204,200.0,249.0,0.23918507,193.0,144.0,0.54843247,8,warrior
warrior/guy1_warrior105.jpg,179.0,75.0,0.6508882,185.0,67.0,0.7241238,174.0,69.0,0.7715245,196.0,59.0,0.6838918,167.0,62.0,0.69673866,209.0,71.0,0.7455325,160.0,71.0,0.89187217,229.0,49.0,0.8227868,134.0,61.0,0.8365632,220.0,24.0,0.7585276,115.0,36.0,0.7080479,214.0,131.0,0.8303785,182.0,132.0,0.7630558,205.0,190.0,0.86296815,184.0,131.0,0.40749082,204.0,247.0,0.3369955,191.0,134.0,0.3122092,8,warrior
warrior/guy1_warrior105_flipped.jpg,119.0,76.0,0.707245,126.0,70.0,0.5843464,115.0,69.0,0.7032411,131.0,61.0,0.6320072,104.0,60.0,0.66910505,140.0,71.0,0.7689615,89.0,71.0,0.7258545,168.0,61.0,0.86747277,69.0,50.0,0.91593236,183.0,39.0,0.91781336,80.0,24.0,0.80931264,115.0,128.0,0.89088035,87.0,128.0,0.7588791,116.0,123.0,0.50140893,95.0,190.0,0.8599204,107.0,122.0,0.19980994,89.0,87.0,0.11718722,8,warrior
warrior/guy1_warrior118_flipped.jpg,159.0,54.0,0.75670075,164.0,47.0,0.6321323,154.0,45.0,0.64744645,163.0,37.0,0.7580766,140.0,32.0,0.74587625,168.0,49.0,0.78369033,113.0,43.0,0.5441687,211.0,36.0,0.88199115,113.0,18.0,0.47589606,252.0,13.0,0.8964339,125.0,8.0,0.25487387,101.0,112.0,0.6632067,77.0,112.0,0.72874904,72.0,103.0,0.65610373,87.0,180.0,0.61752814,49.0,119.0,0.7821679,87.0,263.0,0.90999466,8,warrior
warrior/guy1_warrior120_flipped.jpg,171.0,51.0,0.75479496,176.0,46.0,0.6587128,167.0,43.0,0.7858895,176.0,37.0,0.5622838,152.0,31.0,0.82187885,178.0,50.0,0.762208,121.0,40.0,0.67817664,224.0,33.0,0.8584345,130.0,9.0,0.49027514,268.0,12.0,0.8541832,138.0,5.0,0.18792374,101.0,110.0,0.82301664,79.0,108.0,0.7293409,68.0,104.0,0.82585883,89.0,181.0,0.69146717,45.0,116.0,0.8386011,90.0,267.0,0.933194,8,warrior
warrior/guy1_warrior121_flipped.jpg,179.0,53.0,0.7360036,184.0,46.0,0.6668453,174.0,44.0,0.768763,183.0,37.0,0.60011804,158.0,29.0,0.8087268,183.0,50.0,0.7211931,126.0,42.0,0.81633914,231.0,35.0,0.6866115,139.0,10.0,0.5493484,277.0,12.0,0.77316314,149.0,5.0,0.18640983,102.0,107.0,0.72923493,80.0,104.0,0.8125009,68.0,103.0,0.6554203,90.0,181.0,0.64807534,42.0,114.0,0.86628175,91.0,268.0,0.91077226,8,warrior
warrior/guy1_warrior124_flipped.jpg,197.0,51.0,0.582968,204.0,45.0,0.6161802,193.0,41.0,0.65213287,205.0,38.0,0.3777551,177.0,28.0,0.52373004,198.0,50.0,0.72236526,147.0,38.0,0.71632487,250.0,36.0,0.6986145,164.0,11.0,0.36222923,295.0,12.0,0.57247555,178.0,5.0,0.2009873,110.0,106.0,0.76978225,87.0,102.0,0.62789106,67.0,107.0,0.8141257,98.0,182.0,0.5638484,38.0,112.0,0.80301416,98.0,271.0,0.88415235,8,warrior
warrior/guy1_warrior125_flipped.jpg,204.0,52.0,0.7174318,210.0,47.0,0.5772507,200.0,44.0,0.7204393,210.0,38.0,0.5502838,185.0,30.0,0.77617383,206.0,49.0,0.72234666,152.0,36.0,0.8261056,255.0,37.0,0.741179,170.0,11.0,0.5262861,297.0,20.0,0.27480063,192.0,6.0,0.2007118,114.0,105.0,0.7862173,90.0,103.0,0.6974422,68.0,108.0,0.8900664,100.0,185.0,0.72888434,37.0,110.0,0.9315244,100.0,272.0,0.86957127,8,warrior
warrior/guy1_warrior126_flipped.jpg,211.0,55.0,0.6902657,217.0,49.0,0.82057226,207.0,46.0,0.7024132,215.0,39.0,0.71858615,191.0,32.0,0.64209116,211.0,50.0,0.7095363,158.0,37.0,0.7492683,261.0,37.0,0.7968304,178.0,14.0,0.6697769,296.0,25.0,0.22181268,196.0,5.0,0.33714634,115.0,102.0,0.7815489,91.0,100.0,0.7208737,69.0,108.0,0.8762306,104.0,189.0,0.7502667,36.0,109.0,0.9089037,103.0,272.0,0.8353227,8,warrior
warrior/guy1_warrior128.jpg,72.0,55.0,0.62265307,77.0,46.0,0.59879375,66.0,48.0,0.60251784,95.0,32.0,0.6757458,71.0,39.0,0.32452345,126.0,40.0,0.6224688,77.0,52.0,0.61277366,92.0,9.0,0.4686825,25.0,41.0,0.6392447,73.0,8.0,0.2054619,24.0,40.0,0.13002089,196.0,96.0,0.8898675,173.0,104.0,0.820981,187.0,182.0,0.8110122,216.0,109.0,0.60559726,188.0,275.0,0.7944942,261.0,109.0,0.86993545,8,warrior
warrior/guy1_warrior130.jpg,56.0,59.0,0.5811734,60.0,50.0,0.58358866,51.0,52.0,0.5297375,77.0,36.0,0.5530232,56.0,42.0,0.32387286,109.0,43.0,0.61968035,66.0,55.0,0.5225889,73.0,15.0,0.47679046,17.0,48.0,0.46728042,50.0,8.0,0.16545348,7.0,42.0,0.13734305,186.0,100.0,0.85158014,168.0,105.0,0.68082297,181.0,189.0,0.75543994,221.0,108.0,0.6908933,181.0,276.0,0.8553181,266.0,108.0,0.8776958,8,warrior
warrior/guy1_warrior130_flipped.jpg,239.0,55.0,0.41524738,244.0,50.0,0.4467739,238.0,50.0,0.5704857,243.0,40.0,0.39004296,226.0,34.0,0.47696775,236.0,50.0,0.32413107,190.0,36.0,0.7344091,288.0,45.0,0.6751783,223.0,14.0,0.38252175,290.0,42.0,0.15883498,245.0,6.0,0.34637317,132.0,101.0,0.78263175,109.0,99.0,0.7496227,67.0,104.0,0.81594485,119.0,190.0,0.77271163,32.0,109.0,0.82148206,117.0,275.0,0.8705638,8,warrior
warrior/guy1_warrior131_flipped.jpg,248.0,55.0,0.48542187,252.0,50.0,0.41269132,248.0,49.0,0.5065017,243.0,39.0,0.4249438,234.0,33.0,0.49977332,239.0,50.0,0.4886863,198.0,39.0,0.76532835,290.0,48.0,0.3915456,242.0,12.0,0.6081002,294.0,45.0,0.18427949,257.0,5.0,0.24095981,133.0,101.0,0.63400054,111.0,100.0,0.8704778,69.0,104.0,0.9307116,123.0,192.0,0.80107296,31.0,108.0,0.85975355,121.0,275.0,0.81413424,8,warrior
warrior/guy1_warrior134_flipped.jpg,261.0,64.0,0.3613052,268.0,58.0,0.4151603,263.0,56.0,0.38585532,257.0,49.0,0.41625693,248.0,43.0,0.56944394,242.0,58.0,0.54012215,212.0,48.0,0.5670521,278.0,54.0,0.2955029,267.0,20.0,0.6257931,282.0,53.0,0.2533879,292.0,10.0,0.20575614,138.0,100.0,0.47014773,120.0,101.0,0.71658903,75.0,106.0,0.812139,136.0,190.0,0.70676374,32.0,108.0,0.85766983,131.0,277.0,0.75418264,8,warrior
warrior/guy1_warrior135_flipped.jpg,272.0,66.0,0.5673293,275.0,60.0,0.6186769,272.0,59.0,0.5506815,262.0,49.0,0.6242888,259.0,47.0,0.5834147,236.0,54.0,0.8014027,217.0,52.0,0.7241323,282.0,46.0,0.4060795,274.0,25.0,0.58669806,285.0,51.0,0.31888962,288.0,50.0,0.18870051,140.0,97.0,0.72871256,124.0,102.0,0.63782173,77.0,107.0,0.9044106,140.0,193.0,0.7375588,32.0,108.0,0.92522705,135.0,278.0,0.841816,8,warrior
warrior/guy1_warrior138_flipped.jpg,289.0,79.0,0.49876562,293.0,74.0,0.40639958,290.0,73.0,0.42871103,285.0,58.0,0.29962137,280.0,52.0,0.33114037,255.0,60.0,0.61322176,227.0,62.0,0.75356567,274.0,60.0,0.12318696,233.0,66.0,0.12518848,288.0,51.0,0.160587,282.0,64.0,0.12116689,151.0,100.0,0.7544161,134.0,104.0,0.8855264,85.0,109.0,0.8780153,151.0,194.0,0.9061656,34.0,107.0,0.9424298,145.0,280.0,0.8685226,8,warrior
warrior/guy1_warrior143_flipped.jpg,294.0,89.0,0.4009152,297.0,87.0,0.6852757,296.0,85.0,0.68258303,296.0,74.0,0.5554905,294.0,72.0,0.5001264,262.0,63.0,0.7379652,253.0,74.0,0.7318424,292.0,82.0,0.21572566,294.0,58.0,0.58929396,294.0,93.0,0.18579757,294.0,90.0,0.2432835,157.0,101.0,0.8297428,152.0,110.0,0.864302,93.0,113.0,0.80929077,169.0,197.0,0.89763224,36.0,110.0,0.94907385,158.0,280.0,0.9059818,8,warrior
warrior/guy1_warrior145_flipped.jpg,293.0,91.0,0.44319504,296.0,84.0,0.6293113,296.0,84.0,0.6994692,296.0,75.0,0.49261242,292.0,74.0,0.6632179,258.0,65.0,0.8361628,254.0,73.0,0.82184404,291.0,76.0,0.27947533,294.0,63.0,0.6106596,293.0,81.0,0.24150437,294.0,86.0,0.22612645,161.0,105.0,0.91239035,157.0,111.0,0.88096046,94.0,121.0,0.92349327,172.0,199.0,0.90911746,38.0,118.0,0.93130636,162.0,279.0,0.9387563,8,warrior
warrior/guy1_warrior148_flipped.jpg,289.0,82.0,0.4741442,296.0,74.0,0.7050985,294.0,73.0,0.6187357,291.0,66.0,0.49415624,288.0,66.0,0.65617085,252.0,62.0,0.731691,252.0,68.0,0.78615844,291.0,66.0,0.28032607,294.0,53.0,0.76958776,293.0,67.0,0.25209066,294.0,69.0,0.19680451,164.0,111.0,0.859296,162.0,114.0,0.8771662,98.0,140.0,0.92957956,176.0,199.0,0.86877066,35.0,139.0,0.96131474,167.0,278.0,0.92053694,8,warrior
warrior/guy2_warrior044.jpg,247.0,211.0,0.37761784,253.0,208.0,0.5007961,248.0,210.0,0.40054676,251.0,191.0,0.46694514,238.0,195.0,0.6478717,241.0,160.0,0.8364661,205.0,186.0,0.43204227,230.0,119.0,0.7067597,149.0,160.0,0.6233866,189.0,134.0,0.6355636,184.0,177.0,0.26438046,181.0,161.0,0.5059298,162.0,163.0,0.5784576,169.0,214.0,0.114832975,110.0,149.0,0.37253076,71.0,115.0,0.3797924,71.0,115.0,0.2332469,8,warrior
warrior/guy2_warrior044_flipped.jpg,45.0,207.0,0.526196,46.0,208.0,0.5813335,40.0,205.0,0.55244946,58.0,201.0,0.50736713,42.0,188.0,0.3538844,102.0,194.0,0.5852002,58.0,153.0,0.8989876,154.0,161.0,0.6966541,70.0,118.0,0.9209774,115.0,135.0,0.31096554,110.0,133.0,0.8235371,155.0,157.0,0.68067086,139.0,148.0,0.61547923,192.0,148.0,0.56535554,128.0,213.0,0.65901554,231.0,113.0,0.36604035,152.0,155.0,0.14772639,8,warrior
warrior/guy2_warrior048.jpg,243.0,219.0,0.2004414,247.0,216.0,0.3617944,244.0,222.0,0.3491789,247.0,201.0,0.42497483,233.0,219.0,0.4055649,236.0,165.0,0.6944208,200.0,194.0,0.21357958,232.0,125.0,0.73512274,147.0,164.0,0.41421044,191.0,137.0,0.5585556,178.0,181.0,0.18558978,178.0,159.0,0.33472866,159.0,159.0,0.3902443,119.0,140.0,0.20818831,143.0,161.0,0.12876184,83.0,103.0,0.17484659,83.0,103.0,0.2761016,8,warrior
warrior/guy2_warrior054.jpg,228.0,223.0,0.3156519,232.0,221.0,0.4286817,227.0,225.0,0.4350665,236.0,205.0,0.496977,219.0,217.0,0.51004744,230.0,172.0,0.80447215,179.0,195.0,0.5197039,231.0,128.0,0.5927733,143.0,159.0,0.59894574,191.0,135.0,0.66442347,144.0,161.0,0.11241907,176.0,148.0,0.3512762,149.0,152.0,0.35129586,128.0,124.0,0.22661458,126.0,125.0,0.36053553,101.0,88.0,0.10330846,100.0,87.0,0.394812,8,warrior
warrior/guy2_warrior057.jpg,224.0,220.0,0.41240236,228.0,219.0,0.3825861,223.0,223.0,0.50223863,229.0,203.0,0.3988118,214.0,214.0,0.5046885,226.0,171.0,0.74970174,180.0,191.0,0.6517043,232.0,127.0,0.5487449,142.0,155.0,0.5534893,189.0,135.0,0.5754476,139.0,152.0,0.14814973,167.0,143.0,0.44982535,149.0,144.0,0.4305451,140.0,152.0,0.13114871,129.0,119.0,0.15010962,106.0,80.0,0.43036386,107.0,80.0,0.57050127,8,warrior
warrior/guy2_warrior059.jpg,223.0,221.0,0.36516672,227.0,218.0,0.5171126,221.0,222.0,0.38101318,228.0,199.0,0.4660708,211.0,211.0,0.40494475,224.0,169.0,0.7580584,178.0,188.0,0.60185254,229.0,126.0,0.552818,141.0,152.0,0.5395943,189.0,132.0,0.6228345,140.0,150.0,0.108991906,172.0,139.0,0.47188586,149.0,140.0,0.36574057,140.0,149.0,0.1131925,127.0,108.0,0.32359016,106.0,77.0,0.34620395,107.0,76.0,0.42092636,8,warrior
warrior/guy2_warrior060.jpg,220.0,219.0,0.42437717,224.0,217.0,0.51453996,217.0,220.0,0.43803293,228.0,200.0,0.42873165,207.0,210.0,0.49389523,222.0,169.0,0.7013353,177.0,187.0,0.74691033,228.0,126.0,0.5492871,140.0,152.0,0.6813587,188.0,131.0,0.50408083,156.0,118.0,0.41548994,170.0,139.0,0.5652895,146.0,141.0,0.54092324,139.0,150.0,0.12392204,126.0,107.0,0.37367013,106.0,74.0,0.3679549,108.0,75.0,0.36414325,8,warrior
warrior/guy2_warrior060_flipped.jpg,81.0,215.0,0.41371194,84.0,218.0,0.54840934,76.0,216.0,0.46101904,97.0,211.0,0.5220927,73.0,203.0,0.5971569,127.0,190.0,0.74353635,75.0,167.0,0.83542573,159.0,155.0,0.7669792,70.0,126.0,0.79869455,141.0,225.0,0.34883118,115.0,130.0,0.48988867,161.0,142.0,0.7284228,139.0,135.0,0.70749,160.0,153.0,0.34076545,129.0,174.0,0.18715085,145.0,119.0,0.18862261,147.0,119.0,0.11018742,8,warrior
warrior/guy2_warrior063.jpg,216.0,215.0,0.45452014,221.0,215.0,0.5135832,215.0,218.0,0.5275936,224.0,199.0,0.5286118,206.0,209.0,0.6248498,220.0,167.0,0.8523865,175.0,186.0,0.79697275,224.0,125.0,0.5963712,138.0,153.0,0.7608186,186.0,131.0,0.63045657,155.0,118.0,0.48235607,160.0,139.0,0.5566021,140.0,138.0,0.60471904,136.0,149.0,0.14047204,121.0,106.0,0.4630773,99.0,72.0,0.39724702,101.0,72.0,0.41486642,8,warrior
warrior/guy2_warrior063_flipped.jpg,82.0,212.0,0.40975568,85.0,216.0,0.3643065,77.0,214.0,0.4929641,97.0,210.0,0.6115502,76.0,201.0,0.4653604,129.0,191.0,0.6697908,78.0,167.0,0.80126137,139.0,176.0,0.70179474,73.0,126.0,0.7728556,144.0,219.0,0.42329895,119.0,130.0,0.52091086,159.0,145.0,0.75799584,139.0,137.0,0.68593776,161.0,154.0,0.31594026,174.0,112.0,0.26748645,199.0,72.0,0.48786587,200.0,69.0,0.46523032,8,warrior
warrior/guy2_warrior065.jpg,217.0,218.0,0.33281505,220.0,217.0,0.35319436,217.0,222.0,0.49804354,220.0,202.0,0.4543642,210.0,214.0,0.48347157,218.0,167.0,0.7341939,176.0,191.0,0.71761817,221.0,126.0,0.64549094,139.0,156.0,0.713847,181.0,132.0,0.40075144,152.0,122.0,0.3211999,164.0,141.0,0.4439459,143.0,144.0,0.46756256,122.0,116.0,0.17877895,122.0,116.0,0.2213746,95.0,75.0,0.34838733,96.0,75.0,0.4725523,8,warrior
warrior/guy2_warrior066.jpg,216.0,216.0,0.35296792,221.0,216.0,0.49887627,217.0,219.0,0.33787614,222.0,202.0,0.44719464,209.0,211.0,0.4670231,217.0,169.0,0.65570223,177.0,188.0,0.5455061,220.0,125.0,0.61327684,138.0,158.0,0.6153484,179.0,133.0,0.5323589,151.0,123.0,0.39455387,167.0,142.0,0.48829818,145.0,146.0,0.41032752,118.0,116.0,0.26887,117.0,120.0,0.18341883,90.0,76.0,0.3763432,91.0,76.0,0.35624585,8,warrior
warrior/guy2_warrior068.jpg,222.0,213.0,0.34835756,226.0,213.0,0.37832046,223.0,216.0,0.41753027,222.0,199.0,0.47071305,214.0,211.0,0.32685733,216.0,165.0,0.7672119,180.0,189.0,0.5828668,216.0,123.0,0.69905597,142.0,162.0,0.6859607,176.0,134.0,0.6034364,140.0,160.0,0.1142521,161.0,142.0,0.33344147,143.0,149.0,0.34912267,113.0,115.0,0.22121793,111.0,113.0,0.2946329,81.0,77.0,0.26385286,82.0,78.0,0.28454936,8,warrior
warrior/guy2_warrior068_flipped.jpg,74.0,210.0,0.47821832,77.0,214.0,0.4345553,69.0,211.0,0.41322264,90.0,211.0,0.5345031,71.0,198.0,0.39837545,123.0,192.0,0.7496761,80.0,165.0,0.83440244,159.0,163.0,0.7631899,81.0,123.0,0.888763,150.0,213.0,0.6647073,124.0,132.0,0.60286385,159.0,150.0,0.8080444,148.0,139.0,0.64948446,160.0,162.0,0.27667055,155.0,153.0,0.10328256,149.0,129.0,0.16865963,216.0,76.0,0.7830584,8,warrior
warrior/guy2_warrior070.jpg,225.0,209.0,0.2747448,229.0,208.0,0.4087218,226.0,213.0,0.45431632,228.0,196.0,0.35826078,218.0,207.0,0.33655888,218.0,159.0,0.7504257,184.0,187.0,0.41430196,215.0,119.0,0.6776167,146.0,165.0,0.42598528,177.0,136.0,0.55995214,151.0,211.0,0.51089215,157.0,137.0,0.45874986,140.0,146.0,0.49607986,105.0,114.0,0.33868605,105.0,117.0,0.21438503,74.0,80.0,0.2595321,75.0,81.0,0.24917693,8,warrior
warrior/guy2_warrior070_flipped.jpg,77.0,202.0,0.28892076,76.0,207.0,0.54012156,71.0,205.0,0.45590588,86.0,203.0,0.586707,70.0,193.0,0.43161702,116.0,187.0,0.7528391,81.0,158.0,0.72934026,153.0,165.0,0.81648695,84.0,119.0,0.85635835,150.0,211.0,0.6638275,122.0,134.0,0.6253245,154.0,149.0,0.5758666,147.0,136.0,0.6503611,142.0,178.0,0.3421525,193.0,119.0,0.43807116,133.0,136.0,0.17184377,225.0,81.0,0.725937,8,warrior
warrior/guy2_warrior071.jpg,224.0,205.0,0.3087947,229.0,203.0,0.45099157,225.0,207.0,0.29771283,229.0,192.0,0.33534834,218.0,204.0,0.44999367,219.0,156.0,0.6733746,185.0,183.0,0.41511732,212.0,116.0,0.6385007,151.0,187.0,0.3707128,179.0,135.0,0.5385337,150.0,209.0,0.7607297,156.0,133.0,0.4708295,142.0,147.0,0.41048485,102.0,113.0,0.49906752,103.0,122.0,0.16732968,68.0,81.0,0.39611745,69.0,81.0,0.20689887,8,warrior
warrior/guy2_warrior071_flipped.jpg,77.0,199.0,0.34770498,76.0,205.0,0.41584766,70.0,201.0,0.50890267,85.0,203.0,0.53042865,68.0,190.0,0.47935116,115.0,186.0,0.74543846,81.0,156.0,0.75777435,150.0,165.0,0.7785094,87.0,118.0,0.8783434,151.0,209.0,0.79418755,123.0,137.0,0.6801924,156.0,146.0,0.71203685,145.0,134.0,0.67346764,148.0,179.0,0.196672,101.0,152.0,0.20872246,152.0,211.0,0.2547051,125.0,135.0,0.29587293,8,warrior
warrior/guy2_warrior072.jpg,225.0,200.0,0.2662569,229.0,199.0,0.42074865,227.0,202.0,0.42609635,228.0,188.0,0.3688886,220.0,198.0,0.40302902,218.0,154.0,0.6750597,188.0,182.0,0.387287,210.0,115.0,0.58017266,153.0,181.0,0.34710088,179.0,137.0,0.36668217,149.0,206.0,0.60617256,154.0,136.0,0.43557534,140.0,144.0,0.44896445,100.0,114.0,0.5130179,102.0,121.0,0.16475469,66.0,83.0,0.45737574,66.0,83.0,0.18797788,8,warrior
warrior/guy2_warrior072_flipped.jpg,77.0,195.0,0.22550423,75.0,200.0,0.38374454,69.0,197.0,0.42181835,83.0,197.0,0.5049272,68.0,184.0,0.3590638,109.0,180.0,0.40874827,81.0,152.0,0.8275116,146.0,176.0,0.26555407,88.0,114.0,0.84846497,152.0,207.0,0.6967248,122.0,135.0,0.8196205,157.0,142.0,0.72121894,142.0,135.0,0.57816005,202.0,119.0,0.52150404,128.0,168.0,0.12663846,234.0,83.0,0.43227074,149.0,159.0,0.18421805,8,warrior
warrior/guy2_warrior076.jpg,230.0,179.0,0.19413607,237.0,177.0,0.36668962,235.0,183.0,0.44634435,235.0,165.0,0.35655093,229.0,181.0,0.35326582,218.0,135.0,0.7317973,196.0,172.0,0.3457165,204.0,101.0,0.43077537,154.0,172.0,0.39909643,185.0,131.0,0.36570245,148.0,198.0,0.7606673,155.0,124.0,0.50186193,141.0,134.0,0.44935092,96.0,113.0,0.19652517,93.0,115.0,0.4848725,53.0,83.0,0.22931355,53.0,82.0,0.2688591,8,warrior
warrior/guy2_warrior076_flipped.jpg,67.0,178.0,0.2284265,64.0,182.0,0.40900153,62.0,179.0,0.30837288,74.0,178.0,0.31054506,66.0,168.0,0.2423077,109.0,169.0,0.68534625,82.0,136.0,0.72887576,144.0,165.0,0.48777008,95.0,100.0,0.5956093,153.0,198.0,0.57867146,120.0,131.0,0.3618251,148.0,133.0,0.59163916,142.0,124.0,0.5532932,146.0,164.0,0.20131207,204.0,114.0,0.26390064,154.0,198.0,0.22382627,247.0,82.0,0.6145041,8,warrior
warrior/guy2_warrior077.jpg,234.0,173.0,0.23913574,240.0,169.0,0.36995816,238.0,176.0,0.24705239,236.0,160.0,0.37676674,231.0,177.0,0.32748887,218.0,131.0,0.5313386,197.0,168.0,0.4571928,203.0,98.0,0.4983227,153.0,172.0,0.31938517,188.0,128.0,0.3094518,148.0,195.0,0.6410509,154.0,122.0,0.5373206,141.0,134.0,0.44949445,97.0,114.0,0.1881848,93.0,114.0,0.52440953,52.0,81.0,0.40862843,52.0,81.0,0.38575593,8,warrior
warrior/guy2_warrior079.jpg,235.0,168.0,0.24938941,241.0,163.0,0.3794879,240.0,168.0,0.44661933,238.0,154.0,0.24412191,233.0,167.0,0.4982101,219.0,124.0,0.6607671,198.0,159.0,0.42214152,204.0,92.0,0.6307076,155.0,164.0,0.26391074,190.0,124.0,0.38966528,147.0,191.0,0.6452465,155.0,119.0,0.38639897,143.0,130.0,0.47122663,93.0,108.0,0.15207425,89.0,109.0,0.5716973,147.0,191.0,0.31778187,47.0,79.0,0.61999726,8,warrior
warrior/guy2_warrior079_flipped.jpg,63.0,167.0,0.38308495,63.0,171.0,0.4423925,59.0,167.0,0.42035028,71.0,169.0,0.55996376,61.0,155.0,0.3931363,106.0,157.0,0.7374785,80.0,121.0,0.7590511,144.0,150.0,0.32051182,95.0,92.0,0.79998505,154.0,192.0,0.6628839,113.0,123.0,0.6027294,150.0,124.0,0.82544076,142.0,117.0,0.67124325,210.0,111.0,0.7286072,119.0,142.0,0.11998029,253.0,79.0,0.66004705,135.0,147.0,0.20973517,8,warrior
warrior/guy2_warrior086_flipped.jpg,41.0,187.0,0.28770065,36.0,190.0,0.31179172,32.0,188.0,0.2831599,46.0,181.0,0.3914876,36.0,173.0,0.20231315,90.0,171.0,0.7424631,56.0,130.0,0.60731304,147.0,180.0,0.6177774,62.0,94.0,0.58954036,148.0,212.0,0.72738826,68.0,136.0,0.24025694,145.0,127.0,0.59729004,133.0,116.0,0.5931755,214.0,104.0,0.33380613,211.0,101.0,0.17213966,262.0,61.0,0.22048114,261.0,61.0,0.55701625,8,warrior
warrior/guy2_warrior094.jpg,230.0,166.0,0.52685374,236.0,162.0,0.46731195,225.0,163.0,0.5169531,241.0,142.0,0.31717217,212.0,146.0,0.5610955,230.0,101.0,0.47956875,167.0,122.0,0.60732687,268.0,97.0,0.5506425,112.0,170.0,0.8128348,254.0,133.0,0.2634251,161.0,194.0,0.35938498,145.0,85.0,0.34209973,119.0,88.0,0.5640696,66.0,59.0,0.11954758,63.0,59.0,0.53470814,23.0,16.0,0.19589047,22.0,16.0,0.41525078,8,warrior
warrior/guy2_warrior095.jpg,225.0,162.0,0.53084755,232.0,157.0,0.47625157,221.0,158.0,0.4720127,234.0,133.0,0.45172578,203.0,142.0,0.56656283,223.0,96.0,0.5298234,159.0,116.0,0.44589496,268.0,97.0,0.709926,112.0,162.0,0.66695756,248.0,145.0,0.25999022,157.0,194.0,0.43809018,142.0,79.0,0.29932112,112.0,82.0,0.558303,63.0,51.0,0.1330021,62.0,55.0,0.5242425,125.0,207.0,0.3386651,22.0,12.0,0.5106947,8,warrior
warrior/guy2_warrior095_flipped.jpg,76.0,156.0,0.39071694,78.0,156.0,0.5739948,68.0,152.0,0.5778389,94.0,146.0,0.4868554,63.0,129.0,0.3499263,142.0,123.0,0.4954365,78.0,88.0,0.84754986,191.0,164.0,0.7254074,30.0,95.0,0.8803192,173.0,208.0,0.58471775,54.0,147.0,0.4783979,194.0,82.0,0.80939615,165.0,70.0,0.83519566,238.0,57.0,0.70953083,229.0,58.0,0.26839322,273.0,13.0,0.48102075,275.0,13.0,0.32031474,8,warrior
warrior/guy2_warrior096.jpg,213.0,147.0,0.42812136,220.0,143.0,0.32236168,211.0,145.0,0.49666157,221.0,120.0,0.4950179,195.0,133.0,0.5430268,215.0,87.0,0.77405024,153.0,106.0,0.6215708,266.0,95.0,0.80309427,113.0,156.0,0.76820254,250.0,151.0,0.65894824,156.0,194.0,0.5203769,137.0,73.0,0.46317217,109.0,79.0,0.5511142,64.0,49.0,0.10144369,61.0,52.0,0.5029535,125.0,203.0,0.3147668,25.0,11.0,0.4787299,8,warrior
warrior/guy2_warrior096_flipped.jpg,73.0,140.0,0.31217375,75.0,144.0,0.48614013,68.0,136.0,0.48150173,93.0,145.0,0.48645017,72.0,118.0,0.36824858,144.0,115.0,0.31890777,84.0,86.0,0.7783531,189.0,156.0,0.7647435,32.0,96.0,0.7886652,175.0,204.0,0.68287635,49.0,152.0,0.8827637,194.0,77.0,0.7832835,165.0,68.0,0.7668608,238.0,57.0,0.7833318,162.0,125.0,0.26813567,270.0,13.0,0.51705515,180.0,151.0,0.36679566,8,warrior
warrior/guy2_warrior098.jpg,203.0,135.0,0.3567612,211.0,132.0,0.46050093,199.0,135.0,0.41710192,214.0,114.0,0.4402629,186.0,120.0,0.38134995,210.0,85.0,0.5750848,147.0,100.0,0.73032635,260.0,98.0,0.80211157,119.0,148.0,0.85430676,254.0,159.0,0.49296284,161.0,195.0,0.5475221,134.0,72.0,0.3430057,110.0,79.0,0.54383445,73.0,54.0,0.12500629,67.0,54.0,0.5185846,122.0,201.0,0.3616383,33.0,14.0,0.46465978,8,warrior
warrior/guy2_warrior098_flipped.jpg,92.0,132.0,0.27818048,92.0,134.0,0.2794591,85.0,129.0,0.36026782,108.0,132.0,0.36999422,87.0,114.0,0.35947764,149.0,109.0,0.21799347,87.0,83.0,0.8455365,182.0,149.0,0.71770245,36.0,98.0,0.77567345,138.0,195.0,0.8100862,44.0,160.0,0.719986,190.0,75.0,0.8139417,166.0,68.0,0.6616588,234.0,57.0,0.81276673,175.0,136.0,0.3214815,263.0,16.0,0.7031018,179.0,146.0,0.22215776,8,warrior
warrior/guy2_warrior100.jpg,191.0,128.0,0.3622693,202.0,127.0,0.39813778,190.0,128.0,0.48583975,207.0,111.0,0.36113918,179.0,115.0,0.44186148,207.0,89.0,0.585447,146.0,102.0,0.6356209,256.0,104.0,0.5542916,132.0,147.0,0.65699077,262.0,158.0,0.50040585,171.0,197.0,0.4708342,133.0,76.0,0.3964385,112.0,81.0,0.46672785,132.0,141.0,0.15031669,72.0,55.0,0.427053,124.0,200.0,0.3691753,44.0,22.0,0.4964803,8,warrior
warrior/guy2_warrior102.jpg,193.0,129.0,0.33162978,201.0,127.0,0.44276533,191.0,130.0,0.35633138,201.0,110.0,0.3473062,175.0,118.0,0.4784428,201.0,89.0,0.52573943,146.0,110.0,0.40845373,250.0,111.0,0.68625015,144.0,149.0,0.49270356,267.0,159.0,0.46499202,182.0,189.0,0.41399133,132.0,76.0,0.3793509,109.0,85.0,0.27568918,85.0,59.0,0.14421165,79.0,59.0,0.34772334,124.0,202.0,0.28839657,54.0,27.0,0.49682778,8,warrior
warrior/guy2_warrior102_flipped.jpg,106.0,128.0,0.36987764,110.0,127.0,0.42614454,99.0,127.0,0.42458463,124.0,116.0,0.7096704,97.0,113.0,0.44637015,157.0,103.0,0.5073872,97.0,88.0,0.58471584,156.0,148.0,0.49406147,47.0,112.0,0.8635334,114.0,188.0,0.75504804,31.0,162.0,0.61441827,190.0,82.0,0.7928897,165.0,74.0,0.7376681,220.0,62.0,0.75454915,164.0,137.0,0.4716767,246.0,27.0,0.7341889,175.0,202.0,0.28758585,8,warrior
warrior/guy2_warrior105.jpg,187.0,140.0,0.31347254,193.0,137.0,0.49010682,183.0,139.0,0.5035214,198.0,119.0,0.41399443,170.0,126.0,0.37713867,201.0,99.0,0.58668435,146.0,118.0,0.48288652,245.0,119.0,0.8012674,149.0,145.0,0.34330016,266.0,146.0,0.12007287,179.0,179.0,0.62720764,138.0,81.0,0.6542501,112.0,89.0,0.65716565,137.0,154.0,0.17390136,86.0,67.0,0.5643466,129.0,209.0,0.3512163,63.0,37.0,0.66873413,8,warrior
warrior/guy2_warrior105_flipped.jpg,111.0,135.0,0.42445287,115.0,135.0,0.56490076,104.0,133.0,0.5093843,129.0,124.0,0.37893248,100.0,117.0,0.5573225,159.0,110.0,0.56141067,104.0,95.0,0.7676056,148.0,144.0,0.30284172,58.0,117.0,0.83124375,121.0,179.0,0.73357487,40.0,140.0,0.18458824,186.0,88.0,0.7257763,161.0,81.0,0.83701587,211.0,69.0,0.88435256,163.0,151.0,0.59025747,237.0,36.0,0.8810433,172.0,207.0,0.31683135,8,warrior
warrior/guy2_warrior108.jpg,185.0,154.0,0.29342303,191.0,151.0,0.37860316,182.0,153.0,0.41645,196.0,135.0,0.31201687,169.0,138.0,0.3651759,202.0,115.0,0.54097456,146.0,127.0,0.67681396,237.0,132.0,0.7079524,141.0,173.0,0.3423508,263.0,153.0,0.2313237,170.0,180.0,0.21258865,142.0,95.0,0.54925334,119.0,102.0,0.41252813,141.0,168.0,0.2213477,98.0,81.0,0.5037229,135.0,220.0,0.26237595,78.0,52.0,0.6545644,8,warrior
warrior/guy2_warrior108_flipped.jpg,113.0,145.0,0.3603074,116.0,146.0,0.55325913,106.0,143.0,0.5010643,132.0,138.0,0.42337868,101.0,130.0,0.48113382,159.0,122.0,0.56782633,106.0,108.0,0.72428143,148.0,146.0,0.58071244,65.0,131.0,0.6934603,128.0,181.0,0.695141,47.0,147.0,0.2561048,182.0,98.0,0.68086404,156.0,93.0,0.7559548,201.0,81.0,0.7190652,157.0,158.0,0.5344523,221.0,51.0,0.784849,218.0,52.0,0.14511837,8,warrior
warrior/guy2_warrior111_flipped.jpg,116.0,159.0,0.36714935,118.0,159.0,0.6157106,109.0,158.0,0.50693405,131.0,153.0,0.5138337,104.0,146.0,0.50419086,152.0,141.0,0.6964575,104.0,124.0,0.5108017,152.0,159.0,0.5686178,67.0,148.0,0.8694316,137.0,192.0,0.7084672,53.0,162.0,0.23297805,175.0,111.0,0.732431,149.0,108.0,0.6360644,190.0,95.0,0.7806393,176.0,99.0,0.46268395,205.0,67.0,0.7646649,202.0,68.0,0.20203047,8,warrior
warrior/guy2_warrior113.jpg,183.0,177.0,0.3331061,190.0,172.0,0.41478184,179.0,173.0,0.37073886,195.0,157.0,0.34310636,167.0,159.0,0.38895243,202.0,142.0,0.29973933,147.0,152.0,0.5519662,232.0,159.0,0.7529325,148.0,171.0,0.52888083,253.0,179.0,0.13876902,159.0,200.0,0.43812326,154.0,117.0,0.5141845,130.0,121.0,0.4701126,118.0,102.0,0.2638896,116.0,105.0,0.38747016,102.0,79.0,0.34366468,102.0,79.0,0.4800298,8,warrior
warrior/guy2_warrior113_flipped.jpg,114.0,168.0,0.30510196,118.0,168.0,0.4444561,108.0,167.0,0.54502606,131.0,161.0,0.5334711,103.0,155.0,0.50559044,154.0,148.0,0.69232917,102.0,135.0,0.52129704,153.0,170.0,0.72312266,67.0,159.0,0.76673687,141.0,200.0,0.66408324,54.0,175.0,0.14858061,171.0,121.0,0.7424754,146.0,117.0,0.6842086,183.0,105.0,0.7289176,174.0,107.0,0.48665896,196.0,79.0,0.55972403,195.0,77.0,0.27969038,8,warrior
warrior/guy2_warrior118_flipped.jpg,115.0,188.0,0.4545747,120.0,187.0,0.48347202,110.0,188.0,0.5475239,131.0,175.0,0.58869445,104.0,174.0,0.57140493,152.0,165.0,0.7915804,101.0,155.0,0.5974589,151.0,208.0,0.5743462,71.0,179.0,0.7598793,144.0,225.0,0.1424632,57.0,196.0,0.21480091,163.0,138.0,0.8232581,137.0,134.0,0.75455004,171.0,122.0,0.652449,162.0,123.0,0.52885026,179.0,96.0,0.6595238,178.0,96.0,0.3826818,8,warrior
warrior/guy2_warrior122_flipped.jpg,116.0,196.0,0.44298044,120.0,193.0,0.63865113,110.0,192.0,0.51546776,132.0,179.0,0.6168639,105.0,177.0,0.5931839,154.0,174.0,0.48871386,99.0,161.0,0.67222345,154.0,211.0,0.57242095,75.0,179.0,0.8013035,148.0,235.0,0.26920003,56.0,196.0,0.91620636,160.0,145.0,0.79519653,135.0,140.0,0.7034912,166.0,130.0,0.7484208,156.0,130.0,0.42098802,172.0,106.0,0.7169403,172.0,105.0,0.41533086,8,warrior
warrior/guy2_warrior123.jpg,183.0,196.0,0.51437026,187.0,190.0,0.48194265,178.0,191.0,0.55212,193.0,175.0,0.5517443,166.0,177.0,0.4589431,199.0,161.0,0.68846536,147.0,172.0,0.42768508,223.0,178.0,0.595351,142.0,198.0,0.354184,237.0,193.0,0.14468135,149.0,228.0,0.1457204,166.0,146.0,0.56803846,139.0,151.0,0.28970084,136.0,127.0,0.42376554,141.0,179.0,0.19773112,127.0,106.0,0.3455429,127.0,106.0,0.5097731,8,warrior
warrior/guy2_warrior123_flipped.jpg,120.0,195.0,0.3969554,124.0,191.0,0.56449056,114.0,191.0,0.47027814,134.0,177.0,0.61061007,107.0,177.0,0.4572163,155.0,171.0,0.60055506,99.0,162.0,0.71355647,158.0,205.0,0.68675685,77.0,177.0,0.87397563,151.0,230.0,0.35092622,59.0,195.0,0.9024058,159.0,144.0,0.8169614,135.0,141.0,0.71253383,166.0,128.0,0.8045877,156.0,130.0,0.3623839,172.0,105.0,0.81099665,172.0,104.0,0.38139886,8,warrior
warrior/guy2_warrior129_flipped.jpg,128.0,186.0,0.23147602,132.0,184.0,0.50529885,122.0,182.0,0.5787297,144.0,169.0,0.27974638,114.0,170.0,0.5133641,159.0,159.0,0.38685408,107.0,156.0,0.6845454,169.0,173.0,0.47983393,85.0,168.0,0.59900767,170.0,184.0,0.5465776,73.0,171.0,0.47189948,162.0,155.0,0.6917039,134.0,162.0,0.16200963,159.0,189.0,0.21730517,141.0,202.0,0.40008402,165.0,194.0,0.18484715,142.0,226.0,0.45113054,8,warrior
warrior/guy2_warrior148_flipped.jpg,160.0,117.0,0.5526523,166.0,111.0,0.7409283,155.0,112.0,0.7561397,174.0,96.0,0.7602373,148.0,97.0,0.5730033,184.0,99.0,0.79994005,138.0,97.0,0.6686417,201.0,102.0,0.72819144,120.0,93.0,0.787895,207.0,88.0,0.7517829,101.0,82.0,0.8108152,186.0,138.0,0.83185846,155.0,144.0,0.74093103,191.0,139.0,0.24960706,163.0,201.0,0.79666984,194.0,127.0,0.10168258,192.0,126.0,0.113599636,8,warrior
warrior/guy2_warrior150.jpg,136.0,104.0,0.40975785,143.0,98.0,0.49531123,132.0,99.0,0.47602993,151.0,85.0,0.4576825,124.0,85.0,0.44243702,157.0,92.0,0.47052354,113.0,90.0,0.5508976,175.0,81.0,0.4704015,99.0,82.0,0.24098243,194.0,63.0,0.72564083,92.0,64.0,0.33091393,143.0,143.0,0.4803788,118.0,137.0,0.21759155,136.0,200.0,0.2604488,110.0,147.0,0.10237078,107.0,149.0,0.2608832,107.0,149.0,0.22036462,8,warrior
warrior2/1.jpg,699.0,90.0,0.83898896,692.0,79.0,0.87005424,684.0,78.0,0.81129646,663.0,85.0,0.8273157,647.0,88.0,0.93580616,724.0,154.0,0.8639276,593.0,151.0,0.96092254,828.0,145.0,0.84558284,483.0,150.0,0.880063,914.0,141.0,0.9435985,400.0,152.0,0.8637648,689.0,350.0,0.8761754,606.0,342.0,0.6982021,834.0,404.0,0.9102458,507.0,460.0,0.8676347,826.0,556.0,0.9253358,391.0,563.0,0.7421566,9,warrior2
warrior2/10.jpg,350.0,282.0,0.58444273,361.0,272.0,0.77158237,358.0,272.0,0.8255518,395.0,282.0,0.602432,388.0,280.0,0.8695745,442.0,341.0,0.94963837,331.0,342.0,0.92361504,533.0,342.0,0.86402845,251.0,337.0,0.8665678,613.0,337.0,0.7974883,170.0,330.0,0.873677,422.0,496.0,0.8592581,355.0,497.0,0.7903191,525.0,583.0,0.9332452,240.0,512.0,0.8856021,633.0,654.0,0.9404359,227.0,643.0,0.9225367,9,warrior2
warrior2/100.jpg,233.0,84.0,0.6505327,233.0,78.0,0.767632,239.0,76.0,0.5739142,244.0,85.0,0.7305299,263.0,80.0,0.5726415,232.0,126.0,0.63193905,294.0,114.0,0.8742598,162.0,111.0,0.8764694,358.0,117.0,0.8835701,101.0,103.0,0.82717633,418.0,115.0,0.6588108,239.0,235.0,0.60240746,276.0,227.0,0.69199824,154.0,260.0,0.8210482,317.0,278.0,0.84053934,146.0,329.0,0.7700794,369.0,334.0,0.94244456,9,warrior2
warrior2/101.jpg,201.0,23.0,0.7753985,210.0,8.0,0.73764503,211.0,8.0,0.73082066,252.0,13.0,0.9203781,252.0,12.0,0.7981456,356.0,68.0,0.88523763,215.0,90.0,0.94175965,470.0,100.0,0.8868373,102.0,80.0,0.9184457,567.0,120.0,0.9108346,6.0,77.0,0.38655743,378.0,288.0,0.94875956,293.0,289.0,0.9575433,486.0,408.0,0.8341912,153.0,360.0,0.7745886,575.0,484.0,0.5243102,188.0,487.0,0.24292754,9,warrior2
warrior2/102.jpg,257.0,75.0,0.71457803,264.0,66.0,0.8284247,262.0,66.0,0.9063228,289.0,68.0,0.8139417,283.0,67.0,0.66566294,332.0,109.0,0.7747483,250.0,115.0,0.91437525,400.0,109.0,0.82618606,189.0,100.0,0.9371237,463.0,105.0,0.87107277,128.0,83.0,0.9308615,323.0,238.0,0.90107566,268.0,239.0,0.9409819,400.0,315.0,0.9623056,184.0,280.0,0.8471682,481.0,376.0,0.821307,209.0,376.0,0.78748137,9,warrior2
warrior2/104.jpg,297.0,92.0,0.8968553,305.0,82.0,0.7232032,302.0,82.0,0.67950916,335.0,85.0,0.91158956,326.0,84.0,0.879702,382.0,130.0,0.9131418,288.0,136.0,0.8538846,453.0,128.0,0.94744706,217.0,141.0,0.8378427,519.0,129.0,0.77209157,147.0,148.0,0.8930085,355.0,250.0,0.7441918,302.0,245.0,0.8944707,450.0,244.0,0.90201896,216.0,306.0,0.74965155,481.0,351.0,0.9321568,112.0,359.0,0.79236376,9,warrior2
warrior2/106.jpg,376.0,79.0,0.8143675,392.0,69.0,0.936557,378.0,69.0,0.8980065,426.0,82.0,0.9070222,397.0,76.0,0.77355313,464.0,145.0,0.90442747,349.0,137.0,0.8491031,551.0,162.0,0.90185237,264.0,134.0,0.9559891,632.0,174.0,0.8672346,187.0,121.0,0.9309694,461.0,307.0,0.94130814,396.0,314.0,0.9440744,552.0,408.0,0.8739926,282.0,351.0,0.9005165,634.0,490.0,0.7381444,274.0,486.0,0.95807654,9,warrior2
warrior2/106496140_1017546718664287_6497042265084593264_n.jpg,484.0,322.0,0.75948966,487.0,316.0,0.7859725,488.0,315.0,0.8239082,501.0,316.0,0.76540315,501.0,315.0,0.89497614,539.0,341.0,0.87738997,486.0,337.0,0.9416535,581.0,368.0,0.88083637,444.0,333.0,0.94413567,626.0,379.0,0.6173719,411.0,332.0,0.83771235,527.0,432.0,0.92240095,501.0,431.0,0.90299946,569.0,503.0,0.95920515,443.0,456.0,0.8160305,632.0,567.0,0.92804813,430.0,522.0,0.8812115,9,warrior2
warrior2/108.jpg,267.0,372.0,0.847349,276.0,358.0,0.87320316,274.0,357.0,0.85166585,316.0,356.0,0.85578257,308.0,357.0,0.7458183,395.0,410.0,0.7630017,266.0,428.0,0.949281,505.0,430.0,0.95090824,183.0,444.0,0.9656733,599.0,417.0,0.87992465,101.0,425.0,0.84145486,384.0,586.0,0.93627846,311.0,588.0,0.9548215,502.0,698.0,0.8955462,186.0,640.0,0.8997108,603.0,793.0,0.95740545,189.0,774.0,0.9577219,9,warrior2
warrior2/109.jpg,293.0,51.0,0.60494167,301.0,44.0,0.76468396,297.0,44.0,0.8752951,325.0,48.0,0.90826744,317.0,47.0,0.72989094,357.0,90.0,0.92330635,277.0,83.0,0.937174,417.0,88.0,0.9380888,221.0,81.0,0.95264864,472.0,85.0,0.90563107,165.0,79.0,0.9198553,332.0,195.0,0.86978877,285.0,193.0,0.90183765,392.0,254.0,0.97432107,209.0,222.0,0.9165392,451.0,308.0,0.85892326,203.0,309.0,0.91048986,9,warrior2
warrior2/110.jpg,1001.0,524.0,0.7040372,998.0,502.0,0.8577422,971.0,504.0,0.7712382,953.0,522.0,0.79870427,918.0,531.0,0.80986047,985.0,615.0,0.8950477,889.0,628.0,0.8821847,998.0,445.0,0.7961791,906.0,433.0,0.8402987,955.0,360.0,0.53162694,908.0,364.0,0.49429792,953.0,951.0,0.70368403,891.0,948.0,0.7223154,1166.0,973.0,0.6163535,1169.0,970.0,0.56608415,1218.0,1224.0,0.49550363,519.0,1147.0,0.7782226,9,warrior2
warrior2/11085042_397863457005222_1837272677_n.jpg,305.0,205.0,0.8453114,317.0,197.0,0.5639694,310.0,196.0,0.75160044,345.0,206.0,0.69702005,333.0,205.0,0.83991224,379.0,257.0,0.8490242,284.0,252.0,0.9293017,460.0,259.0,0.93089795,212.0,254.0,0.8991281,537.0,250.0,0.90605426,151.0,244.0,0.654246,357.0,409.0,0.88261193,300.0,410.0,0.94257575,444.0,489.0,0.86212826,202.0,451.0,0.7458085,523.0,568.0,0.74402,203.0,569.0,0.81285465,9,warrior2
warrior2/110970488_308974320478968_8748015620712451064_n.jpg,469.0,575.0,0.8373777,479.0,561.0,0.7984528,472.0,561.0,0.86643267,513.0,558.0,0.8013537,501.0,559.0,0.7962402,574.0,618.0,0.7499703,454.0,614.0,0.9269003,687.0,633.0,0.7756134,346.0,608.0,0.85353243,786.0,651.0,0.9165212,256.0,606.0,0.8712246,557.0,790.0,0.8576795,483.0,792.0,0.9241734,662.0,905.0,0.8322279,331.0,812.0,0.87244487,786.0,980.0,0.85785234,332.0,969.0,0.90131456,9,warrior2
warrior2/111.jpg,555.0,413.0,0.84242225,543.0,403.0,0.88240623,541.0,401.0,0.5222478,511.0,408.0,0.86587816,508.0,410.0,0.93026567,573.0,476.0,0.91283715,451.0,478.0,0.7993626,658.0,477.0,0.6902005,360.0,473.0,0.9585842,737.0,483.0,0.8166335,274.0,475.0,0.881078,555.0,650.0,0.89940566,488.0,648.0,0.8974256,684.0,658.0,0.7546949,376.0,731.0,0.8610452,702.0,797.0,0.7868813,258.0,805.0,0.9507284,9,warrior2
warrior2/112.jpg,684.0,88.0,0.79488987,699.0,69.0,0.83672166,690.0,69.0,0.8728638,751.0,78.0,0.94677955,732.0,75.0,0.744263,817.0,162.0,0.93579674,668.0,162.0,0.9123324,951.0,157.0,0.95887357,537.0,140.0,0.773334,1094.0,148.0,0.84978926,422.0,108.0,0.79954374,787.0,394.0,0.85506856,704.0,401.0,0.95064735,944.0,544.0,0.9513748,512.0,460.0,0.8949655,1103.0,658.0,0.91440225,461.0,663.0,0.92695224,9,warrior2
warrior2/113.jpg,204.0,104.0,0.85410446,199.0,99.0,0.9387646,197.0,98.0,0.86316645,185.0,102.0,0.8644514,181.0,103.0,0.94720465,212.0,135.0,0.9479628,160.0,135.0,0.92327285,257.0,125.0,0.953231,111.0,136.0,0.81386465,299.0,121.0,0.9429275,69.0,139.0,0.81831425,208.0,213.0,0.9418773,175.0,213.0,0.8972153,267.0,239.0,0.95712125,138.0,263.0,0.91088325,268.0,306.0,0.7636168,96.0,308.0,0.9344915,9,warrior2
warrior2/114.jpg,223.0,349.0,0.7333518,215.0,354.0,0.723817,211.0,358.0,0.7030456,218.0,381.0,0.7802425,215.0,388.0,0.73410547,284.0,373.0,0.89018154,233.0,434.0,0.80193675,239.0,306.0,0.7265111,222.0,511.0,0.7175215,194.0,267.0,0.8364678,180.0,576.0,0.58387107,340.0,528.0,0.779416,281.0,526.0,0.8935465,437.0,546.0,0.9289539,192.0,603.0,0.79857373,448.0,654.0,0.8978005,100.0,665.0,0.7182095,9,warrior2
warrior2/115.jpg,3388.0,467.0,0.77506435,3337.0,402.0,0.6537605,3309.0,405.0,0.78559375,3174.0,454.0,0.848899,3131.0,462.0,0.87170815,3517.0,802.0,0.9110668,2809.0,788.0,0.8354537,4092.0,846.0,0.9170625,2270.0,917.0,0.9233701,4573.0,826.0,0.76681733,1812.0,909.0,0.936471,3367.0,1837.0,0.9181934,2939.0,1852.0,0.93458676,4041.0,2224.0,0.8943374,2449.0,2477.0,0.8324004,4126.0,2970.0,0.87951136,1939.0,2988.0,0.9251165,9,warrior2
warrior2/116224435_4195266540546850_2925814037539252660_n.jpg,454.0,263.0,0.8822105,477.0,249.0,0.7694874,453.0,250.0,0.9018073,532.0,267.0,0.9208596,473.0,264.0,0.61243117,593.0,372.0,0.94168735,411.0,343.0,0.9342316,718.0,370.0,0.9095747,284.0,326.0,0.96061724,829.0,372.0,0.8402811,171.0,313.0,0.8302198,581.0,606.0,0.91323644,476.0,623.0,0.9539066,728.0,763.0,0.9722619,304.0,708.0,0.8162822,859.0,911.0,0.94251025,316.0,907.0,0.9353268,9,warrior2
warrior2/118.jpg,222.0,254.0,0.6550742,232.0,246.0,0.83148897,226.0,245.0,0.9016301,259.0,254.0,0.9223689,247.0,250.0,0.78465194,297.0,291.0,0.8667209,207.0,289.0,0.917666,368.0,299.0,0.8457469,140.0,287.0,0.94020456,430.0,301.0,0.8368755,82.0,283.0,0.9510797,272.0,418.0,0.90490776,222.0,419.0,0.92717355,350.0,483.0,0.96533424,128.0,438.0,0.9181624,430.0,538.0,0.93523926,131.0,533.0,0.8515936,9,warrior2
warrior2/118707136_308288780455470_3012433111837646934_n.jpg,686.0,430.0,0.5831175,698.0,418.0,0.46474683,691.0,416.0,0.39805117,735.0,427.0,0.48742095,725.0,427.0,0.2087528,795.0,501.0,0.7415792,690.0,501.0,0.658089,890.0,511.0,0.7388152,626.0,484.0,0.65342546,974.0,534.0,0.71377337,559.0,471.0,0.5817619,809.0,719.0,0.8605957,743.0,729.0,0.8235234,874.0,852.0,0.78877896,630.0,811.0,0.77846694,979.0,977.0,0.6387555,655.0,984.0,0.6981214,9,warrior2
warrior2/119.jpg,386.0,61.0,0.6850338,399.0,49.0,0.6457337,372.0,50.0,0.68051374,420.0,62.0,0.5783597,353.0,63.0,0.67535675,447.0,138.0,0.77304125,338.0,144.0,0.65262747,514.0,135.0,0.7190381,291.0,190.0,0.48492095,613.0,98.0,0.29515263,235.0,200.0,0.4829003,421.0,350.0,0.58430934,336.0,346.0,0.7179036,508.0,461.0,0.60569334,297.0,463.0,0.6543691,534.0,675.0,0.68983454,272.0,582.0,0.8147818,9,warrior2
warrior2/120.jpg,456.0,143.0,0.5931803,469.0,130.0,0.6919377,460.0,130.0,0.62451226,510.0,135.0,0.9437345,487.0,134.0,0.67920434,565.0,204.0,0.9342896,436.0,204.0,0.9501252,671.0,199.0,0.92888504,330.0,209.0,0.8679496,763.0,199.0,0.9229305,244.0,198.0,0.7699237,553.0,392.0,0.8855649,479.0,400.0,0.9482355,655.0,522.0,0.9738809,335.0,458.0,0.84953344,772.0,614.0,0.68668985,304.0,610.0,0.8785335,9,warrior2
warrior2/121.jpg,340.0,50.0,0.8628578,349.0,41.0,0.94175106,348.0,41.0,0.9258321,379.0,50.0,0.83308613,373.0,49.0,0.7410129,415.0,96.0,0.7654156,334.0,101.0,0.92001754,494.0,102.0,0.9282188,262.0,94.0,0.8920463,561.0,114.0,0.73548007,199.0,91.0,0.75413275,412.0,234.0,0.930182,363.0,236.0,0.9516339,498.0,306.0,0.9352833,274.0,246.0,0.9146891,597.0,350.0,0.81371915,277.0,350.0,0.89542896,9,warrior2
warrior2/122.jpg,223.0,220.0,0.39884567,228.0,212.0,0.49798974,234.0,212.0,0.29663816,244.0,221.0,0.38395506,271.0,222.0,0.38704622,208.0,271.0,0.6443267,308.0,259.0,0.48736438,126.0,277.0,0.32500175,355.0,263.0,0.4019611,66.0,274.0,0.4283023,389.0,260.0,0.66368866,239.0,407.0,0.43844146,296.0,402.0,0.6624194,163.0,458.0,0.8644399,327.0,455.0,0.7210218,182.0,575.0,0.84176254,393.0,516.0,0.6001115,9,warrior2
warrior2/123.jpg,383.0,551.0,0.7545853,376.0,542.0,0.7060694,377.0,542.0,0.6638351,354.0,548.0,0.70462525,355.0,547.0,0.72863305,386.0,591.0,0.6569637,314.0,592.0,0.8553756,453.0,588.0,0.7851634,251.0,599.0,0.75154555,508.0,585.0,0.7834877,192.0,603.0,0.8008612,374.0,726.0,0.89574313,324.0,720.0,0.7260994,465.0,759.0,0.84269047,254.0,794.0,0.82038635,462.0,842.0,0.71905565,183.0,843.0,0.65890765,9,warrior2
warrior2/125425503_103584784868002_721202835553375521_n.jpg,581.0,396.0,0.8522905,579.0,382.0,0.7905867,562.0,383.0,0.8393853,552.0,389.0,0.7639661,516.0,397.0,0.89135706,609.0,463.0,0.9263753,464.0,463.0,0.91730714,721.0,462.0,0.9421839,349.0,456.0,0.85268164,813.0,475.0,0.89951223,247.0,451.0,0.82327807,581.0,690.0,0.91942626,491.0,689.0,0.7832366,712.0,761.0,0.9161007,381.0,807.0,0.8729089,700.0,917.0,0.9024227,270.0,902.0,0.95081526,9,warrior2
warrior2/125806434_813934642722931_7478584719580974463_n.jpg,650.0,507.0,0.8691053,636.0,491.0,0.904174,628.0,491.0,0.8520155,598.0,503.0,0.7570603,579.0,509.0,0.94718057,672.0,595.0,0.89170134,495.0,582.0,0.87253577,818.0,596.0,0.9439384,352.0,599.0,0.9543667,961.0,595.0,0.8447371,210.0,613.0,0.8035845,625.0,861.0,0.91841,506.0,854.0,0.7785354,798.0,989.0,0.83371353,371.0,1041.0,0.92016435,759.0,1213.0,0.8846767,197.0,1201.0,0.8928261,9,warrior2
warrior2/125912465_3429161337309426_6741099381547878125_n.jpg,655.0,346.0,0.33109847,667.0,339.0,0.33088717,655.0,340.0,0.30325037,688.0,342.0,0.5183508,659.0,342.0,0.15269816,704.0,380.0,0.74907243,638.0,374.0,0.4886337,747.0,398.0,0.46357667,581.0,363.0,0.52107525,799.0,411.0,0.5180836,530.0,354.0,0.53324157,683.0,481.0,0.61860275,639.0,478.0,0.7082324,731.0,537.0,0.54810184,560.0,503.0,0.7279855,777.0,598.0,0.6761377,550.0,595.0,0.5470836,9,warrior2
warrior2/125914697_3628021647261112_2957750619725948610_n.jpg,536.0,307.0,0.81525743,556.0,286.0,0.9378485,520.0,285.0,0.88309515,583.0,272.0,0.93000346,501.0,269.0,0.6825721,619.0,344.0,0.81848085,451.0,342.0,0.9587221,743.0,343.0,0.819159,311.0,334.0,0.8584917,873.0,333.0,0.85585225,183.0,314.0,0.85989344,571.0,589.0,0.9300543,463.0,584.0,0.9209386,746.0,692.0,0.90051925,357.0,731.0,0.921256,766.0,876.0,0.90642154,240.0,858.0,0.9494888,9,warrior2
warrior2/126015023_437133607279608_7991144721490606533_n.jpg,437.0,631.0,0.81881446,442.0,626.0,0.6648217,442.0,626.0,0.9109119,457.0,633.0,0.7569102,454.0,632.0,0.8070508,479.0,661.0,0.8908304,427.0,658.0,0.9574353,528.0,665.0,0.9332614,381.0,650.0,0.77349097,568.0,660.0,0.9323624,338.0,637.0,0.7695515,476.0,739.0,0.90980154,442.0,742.0,0.95646363,519.0,786.0,0.95473826,386.0,765.0,0.8121619,566.0,812.0,0.8608323,371.0,815.0,0.62828565,9,warrior2
warrior2/126190727_410503490337494_8764851598681563879_n.jpg,569.0,387.0,0.7783368,564.0,378.0,0.8857688,560.0,377.0,0.844803,542.0,382.0,0.78003037,530.0,381.0,0.84146804,578.0,441.0,0.9026737,487.0,423.0,0.8781292,648.0,448.0,0.821944,426.0,455.0,0.849061,710.0,442.0,0.7960605,352.0,462.0,0.88787246,556.0,573.0,0.93802065,492.0,570.0,0.9075201,642.0,627.0,0.87483996,433.0,654.0,0.8814638,601.0,727.0,0.90243715,360.0,729.0,0.86517197,9,warrior2
warrior2/126215363_1309075862769063_6243599579269304586_n.jpg,524.0,431.0,0.88077766,533.0,425.0,0.86412597,525.0,424.0,0.83154005,554.0,431.0,0.9182761,534.0,429.0,0.643246,582.0,462.0,0.88499844,502.0,458.0,0.89098305,625.0,463.0,0.84853894,452.0,453.0,0.941415,655.0,471.0,0.9011422,399.0,445.0,0.9284018,567.0,564.0,0.8399017,520.0,566.0,0.9426491,623.0,617.0,0.96891445,456.0,595.0,0.88443166,680.0,648.0,0.7469723,457.0,680.0,0.9515839,9,warrior2
warrior2/126320299_182947766782348_7160394138898396991_n (1).jpg,602.0,264.0,0.7730173,598.0,247.0,0.80091536,587.0,245.0,0.83553094,561.0,251.0,0.615339,536.0,246.0,0.6843878,627.0,349.0,0.7968418,440.0,347.0,0.9310747,769.0,338.0,0.87785995,287.0,345.0,0.9184423,892.0,333.0,0.88639367,154.0,335.0,0.91087294,527.0,618.0,0.8635358,416.0,596.0,0.8455,721.0,706.0,0.7571903,282.0,766.0,0.88639176,753.0,973.0,0.87529707,163.0,953.0,0.95199805,9,warrior2
warrior2/126320299_182947766782348_7160394138898396991_n.jpg,602.0,264.0,0.7730173,598.0,247.0,0.80091536,587.0,245.0,0.83553094,561.0,251.0,0.615339,536.0,246.0,0.6843878,627.0,349.0,0.7968418,440.0,347.0,0.9310747,769.0,338.0,0.87785995,287.0,345.0,0.9184423,892.0,333.0,0.88639367,154.0,335.0,0.91087294,527.0,618.0,0.8635358,416.0,596.0,0.8455,721.0,706.0,0.7571903,282.0,766.0,0.88639176,753.0,973.0,0.87529707,163.0,953.0,0.95199805,9,warrior2
warrior2/126500549_200972338192796_4111422652337198837_n.jpg,361.0,119.0,0.7043984,373.0,94.0,0.7007817,367.0,95.0,0.6088247,429.0,105.0,0.7814785,420.0,110.0,0.5103344,558.0,181.0,0.75469947,328.0,256.0,0.8590003,732.0,163.0,0.6693639,240.0,277.0,0.7868747,887.0,133.0,0.77571434,111.0,263.0,0.78582525,612.0,562.0,0.9170105,447.0,579.0,0.7913643,781.0,774.0,0.8455166,300.0,720.0,0.58790874,975.0,952.0,0.77310824,303.0,978.0,0.78973216,9,warrior2
warrior2/126618029_722522948618387_719447566630464261_n.jpg,484.0,282.0,0.6381351,504.0,265.0,0.47125843,488.0,263.0,0.45591852,557.0,283.0,0.47890627,518.0,276.0,0.1774797,647.0,395.0,0.70125806,440.0,385.0,0.6208817,778.0,393.0,0.48142657,299.0,368.0,0.63614917,911.0,393.0,0.59881425,163.0,360.0,0.7384441,596.0,692.0,0.80916417,463.0,688.0,0.7397009,748.0,832.0,0.77417904,284.0,760.0,0.6799669,940.0,966.0,0.71885383,301.0,971.0,0.8018514,9,warrior2
warrior2/126851732_225845605561435_5170110664712153481_n.jpg,279.0,159.0,0.8227605,274.0,150.0,0.5392353,275.0,150.0,0.7461965,249.0,150.0,0.7310676,251.0,152.0,0.820374,262.0,203.0,0.71664476,208.0,184.0,0.70916927,351.0,188.0,0.67025936,128.0,173.0,0.84821236,423.0,187.0,0.2902643,62.0,177.0,0.82954663,216.0,331.0,0.79318273,213.0,328.0,0.8084881,125.0,402.0,0.8386058,349.0,348.0,0.8706488,18.0,449.0,0.29803488,371.0,447.0,0.6651039,9,warrior2
warrior2/126900672_440026420334267_6383455923618532452_n.jpg,587.0,467.0,0.5983444,580.0,457.0,0.631799,579.0,457.0,0.8352602,552.0,458.0,0.89812833,549.0,459.0,0.9137386,589.0,499.0,0.8366106,499.0,507.0,0.88981235,673.0,500.0,0.892622,428.0,515.0,0.89228594,745.0,498.0,0.86819935,345.0,508.0,0.9301437,562.0,656.0,0.8980621,509.0,649.0,0.88598967,671.0,685.0,0.8226464,426.0,740.0,0.91384465,677.0,803.0,0.9387149,320.0,800.0,0.69893277,9,warrior2
warrior2/126919054_665014180872982_8570153491314776544_n.jpg,353.0,221.0,0.5888113,337.0,196.0,0.5949214,378.0,200.0,0.6763245,308.0,223.0,0.6671361,398.0,234.0,0.6933399,256.0,321.0,0.76192856,411.0,344.0,0.8957365,168.0,311.0,0.845237,577.0,329.0,0.89978856,100.0,311.0,0.6537641,742.0,303.0,0.6618119,306.0,621.0,0.7751843,421.0,612.0,0.7088018,178.0,623.0,0.873435,545.0,839.0,0.8451049,190.0,806.0,0.6694386,705.0,1075.0,0.7485292,9,warrior2
warrior2/126940075_188040962927637_499025065830898405_n.jpg,395.0,317.0,0.82573444,420.0,295.0,0.8763117,405.0,294.0,0.8975506,495.0,308.0,0.84453875,470.0,306.0,0.8571696,600.0,432.0,0.9202821,343.0,427.0,0.9111072,777.0,421.0,0.9224938,180.0,437.0,0.9123503,935.0,399.0,0.8274741,21.0,446.0,0.76758015,593.0,744.0,0.9548308,430.0,758.0,0.9299543,770.0,973.0,0.9043522,187.0,904.0,0.85551304,990.0,1183.0,0.92952,189.0,1212.0,0.95744944,9,warrior2
warrior2/126971849_198412811820187_5222306785735784447_n.jpg,471.0,139.0,0.65384173,465.0,119.0,0.5299796,492.0,114.0,0.59317875,480.0,139.0,0.84850407,545.0,130.0,0.749241,478.0,256.0,0.9377961,627.0,252.0,0.86087346,288.0,216.0,0.87026465,791.0,291.0,0.9484966,109.0,165.0,0.66211367,914.0,290.0,0.8545421,555.0,601.0,0.6794342,631.0,572.0,0.7679887,273.0,612.0,0.940645,791.0,723.0,0.80313367,306.0,977.0,0.769663,977.0,827.0,0.6720732,9,warrior2
warrior2/127.jpg,716.0,170.0,0.7517278,727.0,148.0,0.7675831,689.0,146.0,0.8427137,709.0,163.0,0.7510704,624.0,161.0,0.7151196,755.0,305.0,0.9216969,566.0,289.0,0.91139925,872.0,320.0,0.8780249,480.0,311.0,0.6786194,986.0,290.0,0.9049928,406.0,277.0,0.89038616,699.0,626.0,0.9338953,571.0,631.0,0.9063986,863.0,765.0,0.8126537,498.0,831.0,0.8406333,844.0,1045.0,0.81097245,394.0,975.0,0.81003386,9,warrior2
warrior2/127106265_1480212512172323_8619543831553124340_n.jpg,477.0,302.0,0.82463217,477.0,294.0,0.9042384,468.0,292.0,0.8663385,463.0,299.0,0.7208394,441.0,297.0,0.8106803,501.0,347.0,0.9217007,395.0,339.0,0.9082475,571.0,333.0,0.90844506,330.0,338.0,0.9024389,643.0,324.0,0.8914316,275.0,346.0,0.7861975,467.0,477.0,0.87777746,406.0,479.0,0.868086,568.0,509.0,0.90186495,339.0,566.0,0.6253333,560.0,618.0,0.60748744,250.0,639.0,0.7461492,9,warrior2
warrior2/127175199_368620340874892_8594248806542964126_n.jpg,502.0,249.0,0.6538172,495.0,239.0,0.8781276,495.0,238.0,0.596634,468.0,240.0,0.78253293,467.0,240.0,0.84793496,518.0,294.0,0.8629869,411.0,294.0,0.7952136,599.0,293.0,0.8576673,342.0,309.0,0.8458399,674.0,282.0,0.7334123,258.0,308.0,0.7186693,495.0,460.0,0.7307372,432.0,455.0,0.6658376,599.0,516.0,0.8844186,335.0,558.0,0.73120475,614.0,643.0,0.48649758,233.0,657.0,0.7274372,9,warrior2
warrior2/127184808_675687296465808_9167933051766544914_n.jpg,557.0,411.0,0.8259754,561.0,392.0,0.83562326,531.0,392.0,0.91272044,547.0,399.0,0.6819869,477.0,406.0,0.7957402,607.0,514.0,0.8480139,425.0,502.0,0.8820133,732.0,539.0,0.8185984,334.0,510.0,0.7295973,881.0,568.0,0.8937596,250.0,502.0,0.8666954,568.0,781.0,0.86246777,449.0,778.0,0.78221387,726.0,904.0,0.94143504,343.0,867.0,0.7516809,746.0,1132.0,0.9269073,282.0,902.0,0.8617174,9,warrior2
warrior2/127633677_3524627634319337_1566275162261455820_n.jpg,412.0,195.0,0.594437,398.0,183.0,0.7348372,429.0,180.0,0.7700824,385.0,198.0,0.83880204,448.0,194.0,0.7801197,329.0,260.0,0.5572976,511.0,251.0,0.930772,186.0,272.0,0.9527466,662.0,274.0,0.9687167,62.0,292.0,0.78615856,798.0,283.0,0.7548421,402.0,489.0,0.66597354,502.0,483.0,0.859586,178.0,563.0,0.85761195,633.0,649.0,0.92781913,204.0,786.0,0.9066378,806.0,772.0,0.38472039,9,warrior2
warrior2/128372123_203184894667719_5418510881834941595_n.jpg,562.0,347.0,0.7695954,558.0,342.0,0.8706087,557.0,342.0,0.8521348,544.0,344.0,0.8164867,543.0,345.0,0.8884693,561.0,373.0,0.9131594,522.0,367.0,0.9333722,596.0,368.0,0.8102722,481.0,365.0,0.77332425,636.0,362.0,0.53135085,439.0,360.0,0.830687,557.0,441.0,0.90581125,530.0,440.0,0.78101,610.0,453.0,0.91110647,496.0,485.0,0.7832655,620.0,517.0,0.7287343,450.0,513.0,0.6017806,9,warrior2
warrior2/128492647_1037597146711899_2635425007860016444_n.jpg,457.0,447.0,0.7114104,472.0,432.0,0.81005037,468.0,431.0,0.8376987,522.0,444.0,0.8633443,512.0,443.0,0.8386669,607.0,526.0,0.7666571,430.0,529.0,0.91944903,745.0,519.0,0.8784866,320.0,508.0,0.6566291,841.0,516.0,0.7134437,225.0,501.0,0.7884296,572.0,772.0,0.83359975,460.0,770.0,0.9344517,722.0,900.0,0.7931787,281.0,822.0,0.87034965,888.0,1025.0,0.8508639,256.0,1011.0,0.90281105,9,warrior2
warrior2/128864585_3080518945383566_5375506774877385535_n.jpg,571.0,312.0,0.84613645,577.0,307.0,0.83484924,572.0,307.0,0.8603277,594.0,311.0,0.7265356,583.0,309.0,0.64332986,626.0,343.0,0.88042367,556.0,345.0,0.8883883,669.0,349.0,0.67262053,514.0,345.0,0.79138094,716.0,354.0,0.8416736,471.0,345.0,0.8751238,610.0,429.0,0.9551155,569.0,432.0,0.9338612,657.0,487.0,0.93576956,504.0,467.0,0.92519605,710.0,537.0,0.8304909,489.0,551.0,0.8402296,9,warrior2
warrior2/128882275_295796695069514_2033146931957133329_n.jpg,567.0,340.0,0.7663835,565.0,328.0,0.8968878,560.0,328.0,0.874526,537.0,332.0,0.68179667,530.0,333.0,0.91029423,496.0,376.0,0.805192,556.0,379.0,0.8773015,452.0,375.0,0.7642265,629.0,374.0,0.8063833,401.0,367.0,0.7652542,684.0,365.0,0.8903664,508.0,504.0,0.5666933,537.0,511.0,0.8537134,434.0,569.0,0.9240714,626.0,510.0,0.8546946,343.0,612.0,0.8629237,631.0,623.0,0.74303323,9,warrior2
warrior2/129072178_399509111330289_3751640864642349461_n.jpg,578.0,133.0,0.7512499,574.0,116.0,0.5362811,556.0,118.0,0.5639782,542.0,128.0,0.41361222,497.0,131.0,0.73310566,599.0,247.0,0.8340239,411.0,251.0,0.6816723,761.0,216.0,0.72173584,244.0,254.0,0.7613197,911.0,198.0,0.86317027,107.0,251.0,0.6603673,555.0,563.0,0.9165284,431.0,562.0,0.81465715,750.0,682.0,0.97357875,324.0,761.0,0.8307868,782.0,909.0,0.9198777,201.0,919.0,0.73913276,9,warrior2
warrior2/129369859_3332678680175072_5115016720092421824_n.jpg,427.0,376.0,0.8289006,422.0,369.0,0.61826074,420.0,369.0,0.75055504,404.0,373.0,0.83794177,401.0,374.0,0.9307216,440.0,413.0,0.9212816,360.0,409.0,0.81948614,489.0,405.0,0.8126293,301.0,407.0,0.9273432,543.0,394.0,0.91781837,247.0,398.0,0.9324091,416.0,519.0,0.8903982,369.0,516.0,0.8431909,494.0,564.0,0.8582784,311.0,581.0,0.8301783,487.0,653.0,0.8316275,248.0,635.0,0.93508875,9,warrior2
warrior2/129731529_876211786454557_2783193446514477091_n.jpg,652.0,262.0,0.9091148,636.0,242.0,0.7544123,631.0,239.0,0.8694774,574.0,251.0,0.87381953,571.0,248.0,0.8031384,663.0,388.0,0.9513079,471.0,355.0,0.93914425,822.0,354.0,0.9498474,294.0,363.0,0.7848945,955.0,326.0,0.9403615,123.0,334.0,0.90711045,624.0,657.0,0.88379407,493.0,654.0,0.8753645,834.0,753.0,0.9534024,343.0,835.0,0.9084178,864.0,975.0,0.9515666,191.0,975.0,0.76225746,9,warrior2
warrior2/129731568_159765979210894_4254117717601992478_n.jpg,511.0,276.0,0.5948565,510.0,269.0,0.6435803,503.0,270.0,0.65517473,499.0,274.0,0.3502166,481.0,278.0,0.7436736,534.0,318.0,0.7766896,443.0,315.0,0.6112533,580.0,306.0,0.5285384,384.0,306.0,0.610415,639.0,296.0,0.62657666,326.0,301.0,0.68003297,511.0,434.0,0.808101,457.0,436.0,0.7384908,590.0,446.0,0.67273015,393.0,503.0,0.80049044,592.0,543.0,0.7158526,302.0,553.0,0.5464368,9,warrior2
warrior2/129773910_709855849957340_3592897135983279982_n.jpg,619.0,257.0,0.63173157,625.0,236.0,0.77643085,596.0,237.0,0.756312,614.0,244.0,0.114407495,538.0,249.0,0.5766033,666.0,359.0,0.7146152,457.0,353.0,0.59834224,802.0,336.0,0.47433683,353.0,361.0,0.331842,953.0,323.0,0.45327586,243.0,371.0,0.69191337,577.0,629.0,0.82259774,440.0,618.0,0.7932603,750.0,658.0,0.76416886,304.0,756.0,0.7432741,757.0,901.0,0.74397177,105.0,871.0,0.68016887,9,warrior2
warrior2/129783185_205056481080261_2863664763035883041_n.jpg,545.0,358.0,0.7802094,560.0,340.0,0.85699624,527.0,340.0,0.89033246,578.0,350.0,0.92526615,511.0,349.0,0.9282569,620.0,434.0,0.85364693,461.0,431.0,0.9096993,748.0,449.0,0.8873616,332.0,438.0,0.79590625,866.0,460.0,0.921524,228.0,435.0,0.921134,576.0,671.0,0.8581887,482.0,667.0,0.84260607,749.0,737.0,0.8540806,362.0,786.0,0.7944896,739.0,899.0,0.92340446,230.0,893.0,0.9221645,9,warrior2
warrior2/13.jpg,470.0,86.0,0.89765096,483.0,74.0,0.7925502,472.0,73.0,0.8866975,519.0,79.0,0.90962064,494.0,75.0,0.8126323,561.0,130.0,0.70039856,449.0,129.0,0.91951805,641.0,137.0,0.64918715,357.0,132.0,0.93888265,719.0,125.0,0.8854345,281.0,121.0,0.90687704,528.0,292.0,0.84967923,460.0,291.0,0.9452952,613.0,380.0,0.97743857,339.0,327.0,0.9106328,729.0,456.0,0.9329689,313.0,456.0,0.73163354,9,warrior2
warrior2/130096507_718498658870975_1228768902561472143_n.jpg,533.0,205.0,0.9131883,557.0,187.0,0.8103637,534.0,185.0,0.84888124,615.0,198.0,0.94830436,557.0,192.0,0.7880548,682.0,290.0,0.89936435,479.0,284.0,0.8410685,827.0,310.0,0.7676845,328.0,260.0,0.82040846,950.0,323.0,0.9521652,195.0,240.0,0.8828205,631.0,583.0,0.9053821,510.0,581.0,0.9348003,762.0,769.0,0.96431375,305.0,694.0,0.7944767,903.0,930.0,0.90500766,281.0,919.0,0.91890347,9,warrior2
warrior2/130155347_196542688722247_4557078133664949071_n (1).jpg,434.0,192.0,0.5056349,448.0,179.0,0.6258538,436.0,178.0,0.5347052,504.0,194.0,0.6939108,464.0,191.0,0.11809006,589.0,292.0,0.786539,420.0,289.0,0.7015463,726.0,292.0,0.69058806,307.0,290.0,0.7170687,855.0,296.0,0.4422103,174.0,280.0,0.6553838,567.0,560.0,0.7580284,453.0,555.0,0.6787616,710.0,711.0,0.7196029,296.0,631.0,0.50197625,876.0,846.0,0.7177031,278.0,842.0,0.7453357,9,warrior2
warrior2/130209702_833406170580638_6911984153632876022_n.jpg,548.0,591.0,0.58566093,557.0,584.0,0.4332413,546.0,582.0,0.643757,586.0,590.0,0.6085901,552.0,587.0,0.16120423,624.0,629.0,0.71333325,531.0,634.0,0.77519906,687.0,629.0,0.66696256,451.0,627.0,0.78256977,746.0,625.0,0.7255994,377.0,617.0,0.5872652,611.0,771.0,0.778051,550.0,769.0,0.71339846,669.0,838.0,0.38684127,452.0,824.0,0.4671988,742.0,905.0,0.61567736,454.0,927.0,0.44530153,9,warrior2
warrior2/130244819_438532437190362_8891848718842458189_n.jpg,486.0,359.0,0.8330249,490.0,346.0,0.8014568,492.0,346.0,0.86266947,510.0,345.0,0.78776383,513.0,346.0,0.8393241,486.0,393.0,0.9111985,566.0,395.0,0.9121836,403.0,396.0,0.9137226,635.0,400.0,0.91666174,326.0,388.0,0.81137526,694.0,398.0,0.9321271,506.0,543.0,0.53374106,560.0,539.0,0.84706295,375.0,565.0,0.9477741,622.0,622.0,0.93315065,376.0,692.0,0.9169589,703.0,689.0,0.8981915,9,warrior2
warrior2/130251091_171431871387327_7787599068140733425_n.jpg,494.0,450.0,0.73096013,500.0,431.0,0.90547216,504.0,430.0,0.90705764,532.0,428.0,0.8885343,545.0,427.0,0.7910227,496.0,511.0,0.9158985,623.0,521.0,0.9154131,370.0,527.0,0.85499465,731.0,547.0,0.84980094,253.0,522.0,0.5701693,843.0,550.0,0.76919305,542.0,716.0,0.7986165,620.0,710.0,0.8498055,351.0,774.0,0.9430145,739.0,840.0,0.98101836,337.0,945.0,0.8371016,866.0,941.0,0.93749505,9,warrior2
warrior2/130253807_3444751682301899_6696736544311550232_n.jpg,663.0,97.0,0.83171576,655.0,76.0,0.58872104,644.0,76.0,0.8338869,606.0,80.0,0.72394073,587.0,81.0,0.81832904,680.0,195.0,0.87259024,476.0,177.0,0.88412535,821.0,195.0,0.68197083,313.0,191.0,0.94443434,962.0,185.0,0.90117866,168.0,183.0,0.9013274,608.0,492.0,0.9248134,476.0,480.0,0.8732423,818.0,589.0,0.7929683,332.0,670.0,0.8988178,821.0,826.0,0.9056191,155.0,803.0,0.8950349,9,warrior2
warrior2/130547466_1125291377924066_5440232559024725688_n.jpg,456.0,343.0,0.82100284,477.0,323.0,0.7631059,464.0,321.0,0.769085,538.0,332.0,0.8732951,512.0,329.0,0.7614788,635.0,417.0,0.8997769,422.0,432.0,0.8939337,774.0,424.0,0.75765336,278.0,418.0,0.78089,877.0,425.0,0.85380435,145.0,400.0,0.6504818,654.0,685.0,0.9066094,528.0,692.0,0.81465995,814.0,824.0,0.9210278,348.0,734.0,0.87316203,1006.0,951.0,0.908873,319.0,947.0,0.7420485,9,warrior2
warrior2/130669215_390524872195606_8745225091713052255_n.jpg,638.0,202.0,0.43457878,650.0,202.0,0.5794965,642.0,192.0,0.4086449,663.0,228.0,0.4679085,640.0,206.0,0.23637505,646.0,293.0,0.55385876,606.0,215.0,0.7490865,659.0,377.0,0.3736587,624.0,143.0,0.6194751,677.0,425.0,0.32394734,676.0,93.0,0.5638576,598.0,385.0,0.7098272,540.0,369.0,0.62874526,676.0,461.0,0.49276847,436.0,411.0,0.64223504,766.0,505.0,0.6858268,425.0,491.0,0.70917356,9,warrior2
warrior2/130711018_1040245003161054_5434341628878698708_n.jpg,320.0,66.0,0.8598063,327.0,57.0,0.7765118,326.0,56.0,0.62143457,353.0,62.0,0.9327081,349.0,62.0,0.7868791,387.0,101.0,0.8611901,310.0,105.0,0.89498067,458.0,96.0,0.76815164,240.0,100.0,0.96780825,527.0,92.0,0.8929304,170.0,94.0,0.85588396,365.0,231.0,0.87175775,313.0,231.0,0.9007332,438.0,304.0,0.9643939,218.0,255.0,0.8912822,529.0,371.0,0.9288363,212.0,361.0,0.90590817,9,warrior2
warrior2/130753397_431073768074477_1930558488049038775_n.jpg,627.0,260.0,0.70948285,617.0,246.0,0.88637656,613.0,244.0,0.8488172,583.0,252.0,0.839153,568.0,254.0,0.8869518,636.0,330.0,0.710489,506.0,311.0,0.7479565,741.0,324.0,0.82970953,404.0,349.0,0.85303736,833.0,333.0,0.70640814,291.0,389.0,0.87906396,589.0,567.0,0.8554611,503.0,565.0,0.910758,696.0,641.0,0.86286974,401.0,707.0,0.80826455,683.0,804.0,0.85015035,280.0,839.0,0.9450484,9,warrior2
warrior2/130769483_443856640336208_1416763301271335365_n.jpg,509.0,684.0,0.5963614,519.0,671.0,0.7179971,493.0,671.0,0.79650795,529.0,683.0,0.5421878,464.0,687.0,0.7306386,571.0,755.0,0.7716806,426.0,770.0,0.74267364,680.0,736.0,0.75634456,304.0,755.0,0.7113824,807.0,727.0,0.7890189,198.0,749.0,0.6159777,567.0,992.0,0.8420043,461.0,996.0,0.82705563,721.0,1103.0,0.89871144,403.0,1108.0,0.7015749,740.0,1271.0,0.72264016,336.0,1192.0,0.79212123,9,warrior2
warrior2/130806354_824662225044469_5786680747503422921_n.jpg,627.0,178.0,0.6082095,623.0,162.0,0.39434505,611.0,162.0,0.520064,595.0,169.0,0.14055018,559.0,173.0,0.47778884,638.0,264.0,0.7082925,504.0,258.0,0.751847,734.0,254.0,0.25740382,373.0,316.0,0.7029623,857.0,248.0,0.58821493,247.0,368.0,0.55914295,612.0,547.0,0.74091,520.0,549.0,0.73871356,716.0,664.0,0.77309656,413.0,724.0,0.6658946,662.0,863.0,0.62218726,275.0,888.0,0.8380156,9,warrior2
warrior2/130824377_198829505122273_5883892913155270118_n.jpg,434.0,196.0,0.75657,438.0,180.0,0.84688556,417.0,179.0,0.8821929,423.0,181.0,0.758212,379.0,182.0,0.8161086,460.0,265.0,0.8337782,307.0,258.0,0.9037709,582.0,272.0,0.92735505,197.0,279.0,0.9001788,713.0,280.0,0.7656015,94.0,282.0,0.7544209,384.0,497.0,0.87553096,292.0,479.0,0.9316444,530.0,610.0,0.8910902,206.0,601.0,0.78355163,501.0,794.0,0.67553425,133.0,699.0,0.86865485,9,warrior2
warrior2/130870493_465571398174994_3492683897178408479_n.jpg,598.0,242.0,0.87016815,597.0,226.0,0.87023944,575.0,227.0,0.81932104,571.0,235.0,0.878355,532.0,234.0,0.66948014,636.0,351.0,0.95261675,453.0,351.0,0.9601375,772.0,346.0,0.9099698,318.0,364.0,0.92668974,876.0,343.0,0.9353152,186.0,385.0,0.9490189,583.0,618.0,0.91838586,474.0,606.0,0.8324825,778.0,756.0,0.93017954,352.0,813.0,0.9268816,780.0,971.0,0.6558954,228.0,967.0,0.9092893,9,warrior2
warrior2/130871542_3798989326801233_4091220959689667443_n.jpg,470.0,235.0,0.7513777,489.0,213.0,0.8442117,467.0,214.0,0.7887631,539.0,209.0,0.7353498,497.0,215.0,0.6583289,618.0,286.0,0.8278277,452.0,282.0,0.6552626,748.0,311.0,0.8362444,406.0,330.0,0.58424175,893.0,314.0,0.8042766,531.0,318.0,0.68673265,596.0,530.0,0.940947,484.0,526.0,0.91617155,769.0,626.0,0.927744,356.0,687.0,0.87205017,760.0,805.0,0.7046883,207.0,801.0,0.5167537,9,warrior2
warrior2/130916077_2157582484374215_3682644967276914552_n.jpg,579.0,368.0,0.80291164,601.0,350.0,0.89860237,565.0,352.0,0.78304195,641.0,360.0,0.83283716,570.0,362.0,0.86480784,698.0,455.0,0.955505,517.0,458.0,0.9066155,792.0,458.0,0.6666751,405.0,448.0,0.7693145,848.0,463.0,0.7793037,278.0,431.0,0.9017676,649.0,735.0,0.89767927,534.0,723.0,0.8414594,735.0,872.0,0.8832925,357.0,872.0,0.88503265,838.0,996.0,0.88104904,351.0,1089.0,0.9349624,9,warrior2
warrior2/131013547_203663481467669_7565514031991457055_n.jpg,410.0,239.0,0.81002426,430.0,215.0,0.8783551,423.0,214.0,0.6598119,497.0,225.0,0.892332,478.0,221.0,0.6351354,621.0,339.0,0.9126183,385.0,330.0,0.94437253,793.0,372.0,0.7572907,227.0,350.0,0.8929755,976.0,389.0,0.61450934,49.0,347.0,0.6034894,567.0,666.0,0.9116814,436.0,669.0,0.9474649,760.0,860.0,0.905162,200.0,734.0,0.744172,1006.0,1027.0,0.6613318,247.0,980.0,0.6503413,9,warrior2
warrior2/131047078_213172680285896_1491279317032510943_n.jpg,555.0,357.0,0.7815875,586.0,329.0,0.9357138,530.0,331.0,0.93815887,626.0,355.0,0.81826216,505.0,353.0,0.7475008,711.0,452.0,0.80835783,439.0,482.0,0.9092308,889.0,490.0,0.8562465,313.0,493.0,0.66968334,1053.0,534.0,0.84070754,161.0,444.0,0.2921397,727.0,803.0,0.91034734,575.0,835.0,0.88816506,866.0,1041.0,0.9252037,422.0,982.0,0.9074812,1035.0,1225.0,0.7231942,413.0,1272.0,0.88751256,9,warrior2
warrior2/131192204_1019716001845747_3431918342737114898_n.jpg,578.0,419.0,0.65639186,593.0,408.0,0.9061125,568.0,409.0,0.65830636,617.0,425.0,0.9054197,564.0,422.0,0.77983236,623.0,504.0,0.8201283,541.0,478.0,0.9090517,643.0,547.0,0.6804336,462.0,454.0,0.8088164,682.0,575.0,0.800498,392.0,409.0,0.88148224,593.0,666.0,0.9081366,518.0,654.0,0.6662514,612.0,733.0,0.56620866,429.0,724.0,0.8411527,618.0,792.0,0.6648742,413.0,944.0,0.77550423,9,warrior2
warrior2/131197115_154338709775416_362145414406621688_n.jpg,434.0,359.0,0.77034557,440.0,353.0,0.8980234,438.0,353.0,0.9273883,462.0,357.0,0.9499141,455.0,356.0,0.68038726,495.0,389.0,0.79936635,426.0,395.0,0.9489169,544.0,404.0,0.9330449,378.0,396.0,0.8167158,594.0,406.0,0.9186538,324.0,393.0,0.7482109,492.0,495.0,0.90993273,454.0,497.0,0.91202545,548.0,549.0,0.97290206,384.0,521.0,0.90378976,618.0,592.0,0.8546238,386.0,603.0,0.81094646,9,warrior2
warrior2/131412269_1858824027602528_2272565393089014595_n.jpg,579.0,268.0,0.5819148,572.0,248.0,0.7558115,563.0,248.0,0.6696875,533.0,260.0,0.5514765,499.0,266.0,0.6813504,611.0,354.0,0.8587278,432.0,364.0,0.75373065,749.0,336.0,0.7691536,270.0,362.0,0.79896,890.0,318.0,0.56748503,120.0,339.0,0.52468467,608.0,588.0,0.88345957,488.0,594.0,0.7302958,774.0,657.0,0.7168473,365.0,748.0,0.78054875,757.0,859.0,0.74083644,242.0,872.0,0.82297015,9,warrior2
warrior2/131479623_173488681190286_8852176971720241927_n.jpg,547.0,310.0,0.76250017,538.0,290.0,0.6315364,522.0,290.0,0.7937432,483.0,292.0,0.62746406,453.0,298.0,0.79077184,572.0,399.0,0.84763557,333.0,416.0,0.68692696,752.0,397.0,0.8611233,142.0,449.0,0.8445849,922.0,363.0,0.84747714,-2.0,438.0,0.10408488,508.0,759.0,0.83841705,360.0,771.0,0.88224876,683.0,909.0,0.8409877,254.0,995.0,0.7912177,668.0,1134.0,0.78282833,110.0,1212.0,0.7960816,9,warrior2
warrior2/131490988_1105700233181166_544905001699101897_n.jpg,458.0,124.0,0.86775076,453.0,109.0,0.94078124,437.0,108.0,0.91966814,420.0,114.0,0.76536024,384.0,116.0,0.89831036,498.0,195.0,0.91803455,301.0,204.0,0.85986614,628.0,210.0,0.71660686,168.0,243.0,0.8877459,767.0,217.0,0.757956,51.0,251.0,0.71643883,445.0,453.0,0.92573303,330.0,459.0,0.9460624,596.0,528.0,0.884239,184.0,589.0,0.8201442,591.0,708.0,0.94345003,48.0,716.0,0.93020165,9,warrior2
warrior2/131569827_685434198657608_1283990968666312860_n.jpg,548.0,359.0,0.4497435,555.0,348.0,0.6454637,534.0,348.0,0.71080697,555.0,354.0,0.44764924,505.0,356.0,0.5963196,572.0,412.0,0.8111008,464.0,413.0,0.6457338,637.0,426.0,0.6092462,373.0,412.0,0.60042655,723.0,432.0,0.5639727,294.0,414.0,0.63868165,538.0,587.0,0.78177285,456.0,584.0,0.7312044,644.0,654.0,0.7920127,374.0,693.0,0.70803666,611.0,779.0,0.80670595,280.0,774.0,0.6407794,9,warrior2
warrior2/131887854_804902796780719_1970462756574314510_n.jpg,486.0,241.0,0.84053546,506.0,222.0,0.8078137,495.0,223.0,0.74019325,559.0,236.0,0.7997429,556.0,239.0,0.6514871,487.0,321.0,0.8939072,633.0,345.0,0.8728508,406.0,452.0,0.82870704,714.0,486.0,0.8428317,536.0,496.0,0.54337996,607.0,503.0,0.30645257,520.0,579.0,0.87181205,617.0,573.0,0.84993887,281.0,650.0,0.83802694,740.0,756.0,0.93627983,259.0,908.0,0.8647217,926.0,903.0,0.8747965,9,warrior2
warrior2/131893321_406232850613128_2611658901745477549_n.jpg,410.0,254.0,0.7507937,426.0,234.0,0.73787796,417.0,237.0,0.9348385,481.0,239.0,0.91730535,467.0,241.0,0.91745216,562.0,338.0,0.85727876,389.0,361.0,0.93617904,648.0,484.0,0.9474865,340.0,508.0,0.7891546,521.0,500.0,0.7580735,437.0,518.0,0.6864303,542.0,576.0,0.9280962,425.0,597.0,0.94810987,675.0,759.0,0.95429164,217.0,659.0,0.66724825,826.0,896.0,0.94038343,207.0,907.0,0.9117531,9,warrior2
warrior2/131904569_144784567186466_2102586543479391987_n.jpg,457.0,194.0,0.7324239,473.0,178.0,0.81521887,470.0,175.0,0.68075514,523.0,194.0,0.6986766,526.0,191.0,0.7908601,460.0,278.0,0.7979704,625.0,289.0,0.88080114,295.0,249.0,0.8433141,777.0,292.0,0.9155486,172.0,240.0,0.8189706,900.0,277.0,0.80424035,525.0,558.0,0.7899699,612.0,550.0,0.73267907,294.0,595.0,0.84201723,758.0,693.0,0.96180624,285.0,824.0,0.83233595,942.0,826.0,0.86482793,9,warrior2
warrior2/132.jpg,384.0,85.0,0.81866765,398.0,88.0,0.83691585,392.0,83.0,0.5907375,406.0,110.0,0.70255303,397.0,95.0,0.85162896,404.0,157.0,0.75991625,352.0,117.0,0.6454146,414.0,227.0,0.8445931,382.0,58.0,0.8379827,431.0,287.0,0.8514117,426.0,21.0,0.68855566,362.0,246.0,0.77156,315.0,244.0,0.84585565,431.0,313.0,0.8199006,226.0,272.0,0.90999174,502.0,362.0,0.9221258,235.0,360.0,0.93334097,9,warrior2
warrior2/132112763_2262032517273442_609490713634108651_n.jpg,422.0,253.0,0.88360834,437.0,236.0,0.9225507,426.0,235.0,0.8748171,494.0,245.0,0.91503817,472.0,240.0,0.7986895,586.0,318.0,0.9314874,402.0,323.0,0.82542413,729.0,323.0,0.7063118,274.0,309.0,0.89711696,850.0,317.0,0.81040514,164.0,294.0,0.82851,591.0,565.0,0.9448845,474.0,577.0,0.942168,721.0,751.0,0.96711385,309.0,680.0,0.7374635,884.0,892.0,0.86057115,305.0,881.0,0.8094902,9,warrior2
warrior2/132191562_1318719935188242_4795943466830974176_n.jpg,352.0,161.0,0.6381396,360.0,148.0,0.9073288,362.0,148.0,0.9024099,385.0,152.0,0.8158772,391.0,152.0,0.86601394,337.0,211.0,0.9074226,449.0,209.0,0.9495142,252.0,207.0,0.88705266,537.0,211.0,0.7452812,180.0,198.0,0.9345838,617.0,203.0,0.8280349,364.0,390.0,0.8250252,435.0,385.0,0.8657266,249.0,456.0,0.8181862,491.0,495.0,0.8235916,225.0,582.0,0.8405368,566.0,595.0,0.7363261,9,warrior2
warrior2/132198739_207755684162638_1870051564623798267_n.jpg,650.0,180.0,0.897456,647.0,158.0,0.93520087,623.0,155.0,0.8980766,606.0,166.0,0.6554834,553.0,168.0,0.9356478,683.0,294.0,0.89197284,454.0,284.0,0.9398743,862.0,303.0,0.9232588,281.0,268.0,0.94593066,1039.0,318.0,0.8291029,139.0,248.0,0.7374694,608.0,615.0,0.8141342,464.0,606.0,0.7342366,836.0,742.0,0.9018147,299.0,758.0,0.88481385,790.0,986.0,0.8496997,119.0,873.0,0.74413466,9,warrior2
warrior2/132205606_213857033532149_1913659513453250733_n.jpg,387.0,220.0,0.851709,380.0,210.0,0.8911702,376.0,210.0,0.9229881,355.0,217.0,0.83840984,348.0,218.0,0.78118247,399.0,272.0,0.8645549,293.0,268.0,0.8821783,479.0,273.0,0.9154201,210.0,285.0,0.7696636,552.0,268.0,0.92015135,135.0,288.0,0.93440646,360.0,413.0,0.8718452,298.0,408.0,0.87519956,469.0,445.0,0.7566489,203.0,498.0,0.83677864,502.0,560.0,0.87520576,108.0,557.0,0.7457033,9,warrior2
warrior2/132414307_858088051671851_4613849400460361694_n.jpg,490.0,522.0,0.8596687,513.0,503.0,0.8029503,491.0,502.0,0.87090594,577.0,509.0,0.91156787,521.0,506.0,0.7069253,647.0,602.0,0.7897293,450.0,593.0,0.9366943,766.0,646.0,0.8563558,308.0,602.0,0.8490868,890.0,670.0,0.7347697,166.0,586.0,0.78022814,617.0,894.0,0.88460135,498.0,894.0,0.91949266,735.0,1032.0,0.93146074,316.0,997.0,0.92771256,842.0,1132.0,0.9150057,364.0,1234.0,0.87034756,9,warrior2
warrior2/132433077_206337137640972_7589721136187890122_n.jpg,545.0,107.0,0.6422116,556.0,89.0,0.6127684,520.0,87.0,0.6445752,559.0,100.0,0.23331788,465.0,99.0,0.63724935,604.0,215.0,0.8041133,410.0,224.0,0.76357985,707.0,243.0,0.6052046,293.0,257.0,0.5054606,859.0,252.0,0.66841996,188.0,265.0,0.19880435,563.0,554.0,0.80774987,425.0,556.0,0.806715,687.0,741.0,0.81437117,387.0,694.0,0.6662741,736.0,998.0,0.7414526,355.0,813.0,0.7684699,9,warrior2
warrior2/133.jpg,771.0,172.0,0.8483763,784.0,164.0,0.86270875,775.0,162.0,0.8728517,816.0,173.0,0.7296466,797.0,169.0,0.836497,864.0,244.0,0.94763947,748.0,241.0,0.92290914,955.0,247.0,0.9316361,654.0,246.0,0.8726877,1042.0,243.0,0.8887845,568.0,236.0,0.8626792,837.0,404.0,0.9582674,764.0,400.0,0.8935724,913.0,510.0,0.97061765,647.0,464.0,0.87547445,1012.0,597.0,0.87500006,629.0,600.0,0.9250963,9,warrior2
warrior2/133513356_1499276150270295_7633292703848971671_n.jpg,481.0,131.0,0.8813988,478.0,121.0,0.76512444,466.0,122.0,0.8166049,465.0,127.0,0.6621953,433.0,138.0,0.75715995,511.0,169.0,0.8890717,409.0,192.0,0.93456113,584.0,144.0,0.89596117,316.0,206.0,0.83063346,648.0,111.0,0.90203154,233.0,208.0,0.8975804,522.0,344.0,0.9375612,453.0,351.0,0.9095442,647.0,347.0,0.72224534,374.0,454.0,0.715552,699.0,468.0,0.92921257,279.0,531.0,0.7517194,9,warrior2
warrior2/133519780_907367636668837_7393072601169253421_n.jpg,432.0,542.0,0.82337165,446.0,531.0,0.7684348,420.0,529.0,0.8749843,460.0,534.0,0.81165445,403.0,530.0,0.7328123,484.0,593.0,0.91163576,363.0,590.0,0.92195123,569.0,602.0,0.8580623,261.0,601.0,0.9069849,651.0,600.0,0.91538155,167.0,607.0,0.8948744,454.0,768.0,0.91665405,378.0,769.0,0.92920417,577.0,820.0,0.8932684,285.0,867.0,0.82895213,572.0,949.0,0.9361026,171.0,952.0,0.86372244,9,warrior2
warrior2/133823377_825257744923882_3902727599271590126_n.jpg,367.0,300.0,0.71645665,388.0,285.0,0.52680576,368.0,280.0,0.7161361,438.0,305.0,0.9034401,399.0,295.0,0.6270158,405.0,374.0,0.62582266,470.0,388.0,0.7915031,296.0,357.0,0.9091354,549.0,417.0,0.43071628,204.0,331.0,0.91804624,514.0,397.0,0.452676,412.0,628.0,0.7786187,443.0,621.0,0.57860917,299.0,772.0,0.938859,471.0,713.0,0.65213346,276.0,1004.0,0.84710467,522.0,772.0,0.59413576,9,warrior2
warrior2/134.jpg,293.0,79.0,0.8976107,299.0,72.0,0.8395719,298.0,71.0,0.7713391,321.0,75.0,0.8399358,317.0,74.0,0.8089601,359.0,113.0,0.8849732,288.0,115.0,0.93288976,421.0,117.0,0.9400044,229.0,112.0,0.84127545,475.0,113.0,0.8994044,179.0,103.0,0.87782115,349.0,213.0,0.80522895,306.0,214.0,0.9505044,405.0,274.0,0.76398444,230.0,249.0,0.9547569,461.0,334.0,0.9285488,236.0,335.0,0.8045387,9,warrior2
warrior2/134162463_718909005665796_2288893732021522180_n.jpg,325.0,131.0,0.6824269,340.0,123.0,0.6249511,323.0,119.0,0.7267288,376.0,135.0,0.6678718,325.0,125.0,0.21429873,409.0,194.0,0.70240355,275.0,198.0,0.8366505,488.0,201.0,0.45305645,183.0,188.0,0.68800807,564.0,216.0,0.6113336,85.0,183.0,0.62711686,378.0,378.0,0.7397872,296.0,377.0,0.71814656,437.0,452.0,0.7165786,178.0,467.0,0.78114796,498.0,519.0,0.59345794,163.0,638.0,0.62801886,9,warrior2
warrior2/134176955_160769172457468_9008696546964942176_n.jpg,428.0,500.0,0.7231772,448.0,483.0,0.7194623,428.0,477.0,0.6716969,507.0,486.0,0.7445134,456.0,481.0,0.47303426,600.0,582.0,0.8842681,390.0,550.0,0.78193814,696.0,643.0,0.87814397,310.0,540.0,0.5026208,826.0,674.0,0.793065,186.0,517.0,0.7579007,539.0,821.0,0.88532007,422.0,817.0,0.8729914,674.0,973.0,0.75653267,291.0,956.0,0.69696033,808.0,1131.0,0.7873483,289.0,1139.0,0.90505844,9,warrior2
warrior2/134183369_887068598695180_7799608370810747478_n.jpg,697.0,395.0,0.46222365,676.0,379.0,0.42184743,694.0,379.0,0.6927093,623.0,402.0,0.6061477,675.0,403.0,0.8613486,577.0,505.0,0.76344544,737.0,498.0,0.7933181,438.0,541.0,0.8553641,858.0,482.0,0.83582354,318.0,578.0,0.9119531,957.0,485.0,0.6932426,600.0,745.0,0.6512035,707.0,740.0,0.8622358,512.0,932.0,0.7278695,858.0,789.0,0.72662556,411.0,1078.0,0.6176064,863.0,979.0,0.74670243,9,warrior2
warrior2/134368673_488850595410673_3125797414309406477_n.jpg,458.0,566.0,0.88689643,463.0,561.0,0.6151649,458.0,561.0,0.84170747,478.0,565.0,0.73439443,465.0,563.0,0.7682923,495.0,585.0,0.7834788,446.0,584.0,0.9182444,531.0,587.0,0.7916289,408.0,580.0,0.69483316,540.0,586.0,0.70475906,379.0,575.0,0.89331335,480.0,660.0,0.8848629,447.0,658.0,0.9055788,517.0,709.0,0.9639304,389.0,687.0,0.7865802,563.0,742.0,0.9187726,391.0,749.0,0.9521671,9,warrior2
warrior2/134476230_968414173687213_2692632911717717526_n.jpg,493.0,378.0,0.894332,507.0,363.0,0.8464862,502.0,362.0,0.842847,552.0,371.0,0.93983465,542.0,368.0,0.88420576,606.0,437.0,0.82573235,475.0,432.0,0.893753,719.0,431.0,0.9194777,373.0,437.0,0.9322433,824.0,422.0,0.8970558,286.0,423.0,0.7115603,560.0,634.0,0.8901846,485.0,630.0,0.93563735,668.0,756.0,0.971574,359.0,705.0,0.82479715,797.0,855.0,0.9194711,340.0,845.0,0.85360986,9,warrior2
warrior2/134849194_2824686017800211_194301354312054308_n.jpg,618.0,594.0,0.6521052,616.0,583.0,0.49028927,605.0,584.0,0.59559655,598.0,590.0,0.12839225,566.0,596.0,0.68009865,640.0,661.0,0.7475101,500.0,661.0,0.70215464,717.0,656.0,0.449617,414.0,659.0,0.6842371,815.0,646.0,0.6946071,323.0,660.0,0.6172285,602.0,854.0,0.70653677,513.0,856.0,0.75891775,717.0,910.0,0.5748413,415.0,963.0,0.5988846,740.0,1070.0,0.8065497,305.0,1068.0,0.82693326,9,warrior2
warrior2/135.jpg,304.0,231.0,0.8490634,320.0,219.0,0.71069264,319.0,219.0,0.85233265,356.0,230.0,0.7572986,351.0,230.0,0.648813,435.0,287.0,0.84765816,286.0,305.0,0.9668833,552.0,303.0,0.8045604,185.0,302.0,0.88980335,663.0,309.0,0.9211991,93.0,296.0,0.8549045,413.0,495.0,0.9284168,326.0,499.0,0.93034345,548.0,602.0,0.91178197,183.0,493.0,0.7871262,705.0,696.0,0.9050693,170.0,667.0,0.93377316,9,warrior2
warrior2/135302045_732531984316818_1850827630579595446_n.jpg,488.0,334.0,0.4959275,487.0,318.0,0.2686665,471.0,318.0,0.42482486,461.0,327.0,0.1558481,414.0,331.0,0.6825987,517.0,434.0,0.71712327,339.0,437.0,0.66846514,647.0,436.0,0.623324,208.0,453.0,0.53660595,786.0,419.0,0.5225527,82.0,426.0,0.6135035,478.0,722.0,0.7376121,359.0,710.0,0.723739,655.0,822.0,0.7644784,212.0,883.0,0.40313482,604.0,1059.0,0.5120077,89.0,1010.0,0.6475018,9,warrior2
warrior2/135360818_222404052804789_7030034322379014563_n.jpg,525.0,88.0,0.8919062,541.0,72.0,0.75826883,530.0,72.0,0.86673313,589.0,79.0,0.8316368,567.0,76.0,0.8709491,644.0,167.0,0.9006579,503.0,162.0,0.8771987,772.0,160.0,0.9461097,385.0,164.0,0.8322032,876.0,155.0,0.7648408,278.0,143.0,0.88969344,604.0,382.0,0.8298049,509.0,383.0,0.9497112,710.0,487.0,0.9496874,353.0,442.0,0.86682314,818.0,581.0,0.9265847,305.0,622.0,0.8797413,9,warrior2
warrior2/135379263_224503962555307_6995470200786473226_n.jpg,646.0,601.0,0.80186576,633.0,582.0,0.93196285,629.0,582.0,0.88301927,589.0,594.0,0.7724355,573.0,595.0,0.9405623,661.0,692.0,0.9278865,493.0,688.0,0.9020261,799.0,680.0,0.9055471,356.0,687.0,0.87510675,921.0,663.0,0.8823996,244.0,685.0,0.9218427,611.0,961.0,0.8676882,507.0,949.0,0.87160194,806.0,1024.0,0.9181825,360.0,1106.0,0.91429585,816.0,1243.0,0.9277371,187.0,1235.0,0.84634006,9,warrior2
warrior2/135424362_313786386627611_7185517386756867518_n.jpg,415.0,363.0,0.7250133,426.0,350.0,0.7540895,425.0,349.0,0.8906646,465.0,357.0,0.9389919,463.0,357.0,0.80167973,531.0,429.0,0.8562071,400.0,435.0,0.89474463,633.0,450.0,0.8823715,295.0,442.0,0.86523294,720.0,467.0,0.91693807,207.0,445.0,0.92411673,485.0,613.0,0.861308,416.0,615.0,0.85615176,577.0,747.0,0.9522117,294.0,686.0,0.7150222,692.0,846.0,0.81693155,306.0,830.0,0.94957626,9,warrior2
warrior2/135511921_125472449408250_6417280434593620317_n.jpg,567.0,216.0,0.88421154,554.0,197.0,0.83936286,557.0,197.0,0.8054138,509.0,202.0,0.8548424,514.0,201.0,0.9002131,420.0,298.0,0.823931,581.0,275.0,0.8599396,449.0,408.0,0.6690779,710.0,277.0,0.938337,555.0,438.0,0.6295338,826.0,267.0,0.83470917,439.0,496.0,0.72101104,526.0,510.0,0.89209557,314.0,638.0,0.7004614,736.0,529.0,0.93420166,139.0,728.0,0.8916263,798.0,736.0,0.8922511,9,warrior2
warrior2/135738332_219428036472990_8518734198935877059_n.jpg,631.0,254.0,0.83897924,627.0,231.0,0.886783,613.0,231.0,0.8778472,581.0,236.0,0.73883575,551.0,242.0,0.8228514,651.0,327.0,0.8856325,472.0,330.0,0.93948466,792.0,316.0,0.70423186,318.0,331.0,0.89055747,919.0,304.0,0.80846244,193.0,342.0,0.87366354,604.0,603.0,0.8632796,501.0,596.0,0.89292836,788.0,718.0,0.91077757,347.0,742.0,0.8001513,835.0,932.0,0.90462065,197.0,893.0,0.94732213,9,warrior2
warrior2/135746104_437212810981130_7095377089877134359_n.jpg,472.0,413.0,0.63891506,487.0,400.0,0.8779387,478.0,399.0,0.89064914,532.0,409.0,0.91630983,513.0,405.0,0.76933664,582.0,477.0,0.896539,458.0,471.0,0.9162357,688.0,511.0,0.8094729,351.0,462.0,0.88166624,793.0,533.0,0.91153604,256.0,441.0,0.75606406,556.0,685.0,0.82229507,469.0,688.0,0.90456325,657.0,824.0,0.96210873,320.0,764.0,0.9464833,765.0,951.0,0.84715927,301.0,929.0,0.80665493,9,warrior2
warrior2/135747558_407864970329722_5803927093080743219_n.jpg,443.0,171.0,0.49257717,414.0,151.0,0.19842193,437.0,152.0,0.38351515,315.0,170.0,0.3682908,407.0,168.0,0.5162537,260.0,299.0,0.8056555,458.0,298.0,0.7486658,103.0,344.0,0.6632857,641.0,360.0,0.7502799,54.0,336.0,0.15110083,841.0,319.0,0.6048261,290.0,643.0,0.77431977,417.0,641.0,0.66228503,206.0,816.0,0.7469884,645.0,816.0,0.7243335,86.0,941.0,0.7359209,629.0,1076.0,0.31071734,9,warrior2
warrior2/135775881_202493264907221_1353940556845020970_n.jpg,472.0,529.0,0.79803133,485.0,517.0,0.70663345,475.0,515.0,0.7119714,520.0,525.0,0.80903536,498.0,520.0,0.61324537,588.0,588.0,0.877118,439.0,594.0,0.88311875,676.0,597.0,0.67907995,357.0,593.0,0.85180545,776.0,602.0,0.6951351,268.0,580.0,0.7363694,566.0,766.0,0.9144009,493.0,770.0,0.93893355,661.0,879.0,0.9339554,370.0,823.0,0.69764805,765.0,961.0,0.6786147,380.0,956.0,0.9362983,9,warrior2
warrior2/136046866_246952793496890_8853572073787284945_n.jpg,288.0,748.0,0.6446333,280.0,760.0,0.73226464,278.0,762.0,0.7153303,290.0,789.0,0.74852514,284.0,793.0,0.6969449,347.0,768.0,0.72184455,311.0,861.0,0.6631409,300.0,698.0,0.6380455,306.0,982.0,0.80937326,206.0,652.0,0.60239494,260.0,1083.0,0.82082045,439.0,1009.0,0.82550484,371.0,1017.0,0.85961103,576.0,1032.0,0.91408646,266.0,1136.0,0.8702941,587.0,1180.0,0.82393116,123.0,1260.0,0.9028832,9,warrior2
warrior2/136060984_165172341621261_3098653209034400146_n.jpg,484.0,335.0,0.7765475,503.0,319.0,0.9566487,478.0,318.0,0.94103956,548.0,332.0,0.91799706,491.0,327.0,0.81044996,584.0,403.0,0.678602,451.0,412.0,0.9488144,704.0,411.0,0.8425902,352.0,409.0,0.9607042,807.0,410.0,0.6263261,268.0,402.0,0.87447476,565.0,604.0,0.8274386,493.0,616.0,0.8775473,726.0,722.0,0.8298868,367.0,618.0,0.8212428,901.0,836.0,0.7877301,345.0,772.0,0.87919986,9,warrior2
warrior2/136111574_3747420422014501_8137856180165547839_n.jpg,346.0,204.0,0.8532169,345.0,196.0,0.76453257,336.0,196.0,0.833995,333.0,203.0,0.8179277,314.0,201.0,0.7113596,375.0,252.0,0.95842713,275.0,251.0,0.89376265,446.0,242.0,0.7357501,198.0,245.0,0.79769063,514.0,230.0,0.9150828,132.0,231.0,0.8498468,352.0,398.0,0.93718535,296.0,396.0,0.9238973,451.0,453.0,0.8408302,225.0,487.0,0.861146,441.0,564.0,0.9621319,149.0,554.0,0.9464867,9,warrior2
warrior2/136123495_3630698020285945_4125966839454270131_n.jpg,462.0,368.0,0.69653594,470.0,353.0,0.86026514,472.0,353.0,0.8220425,500.0,360.0,0.80505055,509.0,359.0,0.8016019,460.0,439.0,0.8651192,580.0,438.0,0.90148795,337.0,447.0,0.73236126,682.0,451.0,0.7541806,247.0,447.0,0.6888466,783.0,461.0,0.8716161,494.0,632.0,0.6802769,548.0,621.0,0.7417364,340.0,700.0,0.5651938,649.0,763.0,0.61664474,307.0,849.0,0.39139175,307.0,851.0,0.6711972,9,warrior2
warrior2/136401978_100427121981364_8136864386580678515_n.jpg,277.0,364.0,0.80923,271.0,357.0,0.7595809,268.0,357.0,0.7874991,251.0,362.0,0.75752985,245.0,364.0,0.7695363,290.0,400.0,0.86469674,208.0,403.0,0.8500352,342.0,397.0,0.8476926,157.0,405.0,0.88992715,394.0,391.0,0.78164375,100.0,389.0,0.7936574,274.0,525.0,0.92941487,227.0,527.0,0.85860145,348.0,540.0,0.9228908,167.0,596.0,0.91056335,357.0,629.0,0.9279127,116.0,637.0,0.17307164,9,warrior2
warrior2/136432914_1035362143541572_6000458279332890961_n.jpg,370.0,238.0,0.9068471,372.0,229.0,0.7554202,357.0,227.0,0.8991756,358.0,230.0,0.8854132,326.0,228.0,0.855461,382.0,287.0,0.90559655,288.0,280.0,0.8886387,449.0,294.0,0.8582657,217.0,293.0,0.8646128,520.0,290.0,0.6843121,143.0,294.0,0.7390497,344.0,437.0,0.9342391,292.0,431.0,0.9180926,457.0,473.0,0.9106027,201.0,517.0,0.78187066,453.0,602.0,0.9246596,99.0,584.0,0.7968934,9,warrior2
warrior2/136678798_1107395416368841_8555950903627364887_n.jpg,318.0,306.0,0.72757226,321.0,303.0,0.7799802,320.0,303.0,0.90747225,331.0,304.0,0.69925886,330.0,304.0,0.74312985,347.0,321.0,0.92831373,311.0,318.0,0.85930145,370.0,321.0,0.7426246,290.0,316.0,0.80836284,393.0,318.0,0.8080334,270.0,311.0,0.7272999,337.0,364.0,0.9397155,316.0,362.0,0.8265794,359.0,387.0,0.93712795,286.0,372.0,0.9116793,385.0,401.0,0.92688984,283.0,405.0,0.8649418,9,warrior2
warrior2/136707252_315008109855720_4019115485141651954_n.jpg,571.0,396.0,0.77386045,563.0,383.0,0.86863494,556.0,384.0,0.8103032,534.0,386.0,0.80166316,518.0,391.0,0.8884158,593.0,441.0,0.8950163,459.0,459.0,0.84898937,700.0,427.0,0.84039307,335.0,461.0,0.72476196,786.0,430.0,0.82302135,254.0,470.0,0.667927,573.0,636.0,0.9263682,489.0,638.0,0.8233764,710.0,675.0,0.7107726,380.0,739.0,0.77200985,717.0,828.0,0.7977016,251.0,832.0,0.79043436,9,warrior2
warrior2/136723829_1350329508648908_870495966982634649_n.jpg,562.0,243.0,0.849511,580.0,225.0,0.8308212,573.0,228.0,0.9417532,635.0,234.0,0.6627475,617.0,237.0,0.8838814,720.0,330.0,0.93987226,549.0,338.0,0.87560415,861.0,362.0,0.8509518,402.0,323.0,0.94026804,984.0,386.0,0.8641583,268.0,320.0,0.781657,690.0,585.0,0.9342405,592.0,588.0,0.9308726,828.0,767.0,0.9703167,399.0,677.0,0.86159825,974.0,922.0,0.7197398,392.0,890.0,0.9079311,9,warrior2
warrior2/136991514_912603909278798_7373107486209090633_n.jpg,358.0,184.0,0.84356105,352.0,173.0,0.7702911,347.0,173.0,0.87168014,322.0,178.0,0.8458853,316.0,181.0,0.9063089,368.0,237.0,0.9081652,271.0,232.0,0.94131964,448.0,246.0,0.93877745,184.0,244.0,0.8438661,524.0,239.0,0.9548626,105.0,236.0,0.883547,353.0,394.0,0.9382801,291.0,394.0,0.9247397,469.0,444.0,0.93748724,208.0,496.0,0.87287134,482.0,566.0,0.9520521,115.0,562.0,0.85345495,9,warrior2
warrior2/137.jpg,152.0,132.0,0.6705617,158.0,135.0,0.8466876,158.0,135.0,0.8683682,159.0,151.0,0.81401616,159.0,150.0,0.80259776,146.0,167.0,0.9146651,135.0,163.0,0.8762666,143.0,123.0,0.5410383,140.0,124.0,0.75065434,150.0,105.0,0.38067976,148.0,102.0,0.21726196,129.0,236.0,0.7647383,113.0,235.0,0.90640426,179.0,282.0,0.97808385,58.0,255.0,0.7631647,231.0,316.0,0.846038,61.0,311.0,0.9114165,9,warrior2
warrior2/137056694_1506968219493772_8621645271139310214_n.jpg,363.0,165.0,0.89171267,356.0,156.0,0.64236534,354.0,156.0,0.8309697,331.0,161.0,0.9184786,329.0,161.0,0.927211,368.0,212.0,0.83330864,281.0,206.0,0.90143526,437.0,217.0,0.81198394,205.0,209.0,0.6941111,499.0,211.0,0.87722987,131.0,197.0,0.90766346,348.0,345.0,0.84012353,288.0,347.0,0.6967769,423.0,396.0,0.9588819,230.0,424.0,0.891243,413.0,484.0,0.95399,163.0,479.0,0.9091557,9,warrior2
warrior2/137250476_1149559032126612_3282504407121691568_n.jpg,257.0,294.0,0.8640073,265.0,288.0,0.79374945,260.0,287.0,0.8368534,285.0,294.0,0.684476,274.0,291.0,0.7577855,315.0,327.0,0.8547546,242.0,321.0,0.914852,371.0,338.0,0.79998714,186.0,320.0,0.9580531,421.0,347.0,0.9180463,137.0,314.0,0.893286,305.0,441.0,0.9101827,253.0,441.0,0.9377749,355.0,507.0,0.9242037,197.0,483.0,0.84472924,395.0,573.0,0.8852699,200.0,570.0,0.8643275,9,warrior2
warrior2/137255050_426442041885362_3493543243334458579_n.jpg,342.0,128.0,0.777604,340.0,118.0,0.82242036,327.0,118.0,0.89940536,321.0,123.0,0.8102396,292.0,128.0,0.91270864,366.0,182.0,0.8645131,252.0,184.0,0.791137,456.0,189.0,0.96670926,149.0,189.0,0.8564662,548.0,170.0,0.86653554,67.0,173.0,0.9191486,341.0,364.0,0.93798596,272.0,360.0,0.8862468,472.0,411.0,0.8967821,167.0,453.0,0.6362034,489.0,545.0,0.90647894,69.0,546.0,0.9514196,9,warrior2
warrior2/137363228_126944749263171_5278745700306217362_n.jpg,297.0,191.0,0.6783446,306.0,185.0,0.73818445,303.0,183.0,0.8142536,338.0,192.0,0.884407,330.0,189.0,0.7036375,380.0,239.0,0.894992,284.0,229.0,0.91400266,469.0,243.0,0.7989186,208.0,225.0,0.899166,544.0,236.0,0.7946881,141.0,209.0,0.8523912,364.0,385.0,0.7818445,304.0,386.0,0.9314382,449.0,481.0,0.94768465,197.0,441.0,0.79492617,537.0,567.0,0.9541519,176.0,559.0,0.9119618,9,warrior2
warrior2/137379294_229964758628267_6455342931439826251_n.jpg,266.0,101.0,0.8209821,279.0,89.0,0.51623005,273.0,88.0,0.76544404,318.0,100.0,0.6767633,306.0,98.0,0.6584594,380.0,169.0,0.83005196,252.0,156.0,0.76022816,474.0,195.0,0.6675406,153.0,150.0,0.87259865,562.0,210.0,0.75025237,65.0,137.0,0.6369623,371.0,359.0,0.8848793,282.0,354.0,0.9312311,424.0,463.0,0.9196441,186.0,420.0,0.76105213,478.0,552.0,0.7653248,201.0,543.0,0.93009067,9,warrior2
warrior2/137545779_434281397708712_3571493929874467100_n.jpg,312.0,284.0,0.80362046,321.0,277.0,0.8426578,310.0,276.0,0.7206217,343.0,281.0,0.67971605,319.0,277.0,0.680007,359.0,321.0,0.6988478,299.0,320.0,0.916254,362.0,389.0,0.74227214,294.0,375.0,0.8853812,324.0,435.0,0.73881006,295.0,415.0,0.43946984,350.0,430.0,0.7374331,308.0,431.0,0.7225148,393.0,526.0,0.9210765,257.0,476.0,0.75455034,445.0,619.0,0.74205947,258.0,553.0,0.6988432,9,warrior2
warrior2/137578321_224466332502591_3855146923481782868_n.jpg,123.0,295.0,0.58848643,129.0,287.0,0.59552693,116.0,289.0,0.5200969,143.0,265.0,0.47008705,106.0,271.0,0.5576235,169.0,274.0,0.7618461,86.0,279.0,0.7683264,187.0,347.0,0.50719786,94.0,346.0,0.73661864,197.0,400.0,0.6594102,89.0,401.0,0.8175769,194.0,269.0,0.82815444,153.0,269.0,0.6311356,159.0,329.0,0.44454044,152.0,329.0,0.40477556,164.0,379.0,0.3248932,158.0,372.0,0.15054226,9,warrior2
warrior2/138.jpg,497.0,410.0,0.92023414,513.0,395.0,0.5788858,511.0,395.0,0.7786984,559.0,408.0,0.8919791,552.0,407.0,0.82958424,623.0,496.0,0.86247003,478.0,490.0,0.9431854,757.0,510.0,0.93059766,376.0,494.0,0.8870607,872.0,514.0,0.8521666,290.0,484.0,0.84490955,615.0,712.0,0.83878684,522.0,718.0,0.9068572,764.0,850.0,0.8576579,360.0,768.0,0.83898747,927.0,959.0,0.8901098,371.0,957.0,0.94857854,9,warrior2
warrior2/138282478_425764488857809_521601965770969515_n.jpg,422.0,384.0,0.5611066,421.0,378.0,0.45747274,417.0,379.0,0.42897817,415.0,382.0,0.15078509,398.0,385.0,0.4437445,439.0,416.0,0.7031868,376.0,420.0,0.8270342,475.0,415.0,0.35865626,331.0,429.0,0.5591501,517.0,408.0,0.40923658,291.0,435.0,0.4591223,429.0,502.0,0.6908345,389.0,502.0,0.6564845,471.0,545.0,0.77287996,352.0,555.0,0.61082685,472.0,609.0,0.7557423,311.0,600.0,0.70530844,9,warrior2
warrior2/138468879_227641288828021_9217531964607257119_n.jpg,207.0,194.0,0.7619221,216.0,185.0,0.77169454,214.0,184.0,0.8995417,247.0,192.0,0.9006313,241.0,189.0,0.8842711,276.0,239.0,0.75207573,209.0,230.0,0.865332,306.0,244.0,0.53335154,187.0,237.0,0.531476,292.0,247.0,0.5529716,181.0,243.0,0.3104527,251.0,383.0,0.89667475,202.0,387.0,0.8664588,348.0,473.0,0.9370596,105.0,440.0,0.86569136,436.0,549.0,0.92708087,87.0,553.0,0.829786,9,warrior2
warrior2/138681307_100945601939361_660108781272586982_n.jpg,469.0,447.0,0.72505397,482.0,441.0,0.8398935,484.0,436.0,0.7940037,488.0,411.0,0.80457854,486.0,395.0,0.79504955,413.0,447.0,0.91056246,440.0,332.0,0.96070117,419.0,540.0,0.88927424,428.0,233.0,0.8558551,437.0,627.0,0.93916833,448.0,151.0,0.95407826,259.0,371.0,0.7233838,277.0,300.0,0.8378488,239.0,495.0,0.959526,177.0,202.0,0.9216484,103.0,496.0,0.93826526,89.0,84.0,0.87668586,9,warrior2
warrior2/138869913_712981532945012_1601044460504008088_n (1).jpg,294.0,166.0,0.7778864,296.0,162.0,0.48346955,296.0,162.0,0.7685374,306.0,163.0,0.850375,304.0,163.0,0.7459718,328.0,180.0,0.6602653,295.0,186.0,0.88396215,355.0,182.0,0.81411463,276.0,194.0,0.62377435,372.0,186.0,0.779253,256.0,184.0,0.84668505,327.0,234.0,0.9308437,308.0,236.0,0.89681476,339.0,269.0,0.74744093,287.0,263.0,0.7995723,358.0,309.0,0.7312053,293.0,302.0,0.8058779,9,warrior2
warrior2/139.jpg,563.0,124.0,0.8370159,580.0,101.0,0.8563476,583.0,102.0,0.86523116,625.0,109.0,0.73391736,648.0,118.0,0.80586284,563.0,265.0,0.5199756,740.0,251.0,0.59133106,369.0,246.0,0.78780484,942.0,272.0,0.8647828,200.0,226.0,0.6935049,1117.0,281.0,0.6536635,701.0,567.0,0.78551304,639.0,569.0,0.68645775,919.0,749.0,0.609692,358.0,634.0,0.8763529,1147.0,916.0,0.47734904,350.0,892.0,0.83770347,9,warrior2
warrior2/139189920_402551701025972_960129600805940652_n.jpg,493.0,469.0,0.6633903,500.0,461.0,0.6720151,493.0,460.0,0.5890745,532.0,465.0,0.67350024,511.0,465.0,0.1415063,568.0,516.0,0.77108586,486.0,519.0,0.7367574,644.0,517.0,0.77383906,408.0,512.0,0.5774781,707.0,518.0,0.6711303,333.0,510.0,0.5464109,561.0,662.0,0.77814376,502.0,665.0,0.6071155,637.0,759.0,0.709165,399.0,718.0,0.7538537,721.0,839.0,0.5805315,379.0,834.0,0.48252356,9,warrior2
warrior2/139469026_402741731012297_5357194186393723745_n.jpg,461.0,308.0,0.5761548,476.0,294.0,0.7874816,475.0,292.0,0.83403313,522.0,306.0,0.7715146,519.0,306.0,0.81584096,618.0,389.0,0.869861,444.0,383.0,0.9248972,764.0,392.0,0.84154546,316.0,377.0,0.8748911,897.0,399.0,0.92080617,205.0,365.0,0.943199,568.0,628.0,0.88493234,474.0,628.0,0.93587595,684.0,796.0,0.9729527,328.0,717.0,0.9217805,826.0,940.0,0.8146716,313.0,893.0,0.8966025,9,warrior2
warrior2/139694553_694909438083139_5464154359257059088_n.jpg,593.0,602.0,0.671728,593.0,591.0,0.72279435,572.0,588.0,0.8256914,576.0,605.0,0.73638105,529.0,606.0,0.8677634,634.0,687.0,0.9230605,454.0,687.0,0.92679715,758.0,679.0,0.8900803,319.0,713.0,0.9193687,878.0,664.0,0.7685482,194.0,717.0,0.8478624,606.0,953.0,0.9139521,479.0,957.0,0.9183473,791.0,1052.0,0.72863746,373.0,1148.0,0.8598471,879.0,1265.0,0.8136892,229.0,1273.0,0.90075874,9,warrior2
warrior2/139711900_3662518480450271_235892592194142265_n.jpg,510.0,168.0,0.7404741,524.0,145.0,0.7885203,513.0,145.0,0.87974405,579.0,138.0,0.7381815,555.0,143.0,0.6729243,694.0,209.0,0.85976505,495.0,234.0,0.91755646,818.0,252.0,0.7847674,364.0,243.0,0.95142055,933.0,282.0,0.9132346,234.0,243.0,0.7934309,662.0,516.0,0.9324951,527.0,491.0,0.8658898,689.0,702.0,0.91417134,370.0,535.0,0.830321,746.0,904.0,0.7473136,302.0,745.0,0.8686278,9,warrior2
warrior2/139738894_399114671165913_5739580021613508864_n.jpg,421.0,211.0,0.6160067,432.0,197.0,0.5272939,407.0,199.0,0.7355144,450.0,203.0,0.72299767,386.0,206.0,0.5522099,474.0,270.0,0.6289209,366.0,275.0,0.5722459,585.0,281.0,0.53249514,271.0,271.0,0.56444407,679.0,271.0,0.6407539,182.0,247.0,0.6899784,438.0,458.0,0.565715,378.0,464.0,0.71232724,547.0,592.0,0.789456,282.0,522.0,0.83326477,671.0,711.0,0.79798883,294.0,655.0,0.6983838,9,warrior2
warrior2/139785582_137059474893557_2526368405312157781_n (1).jpg,277.0,195.0,0.46188337,287.0,184.0,0.63608354,277.0,186.0,0.549955,318.0,194.0,0.6138583,296.0,193.0,0.24583079,367.0,255.0,0.81572825,263.0,263.0,0.58387864,452.0,259.0,0.67596924,185.0,265.0,0.75916696,539.0,260.0,0.71531427,105.0,260.0,0.49114504,338.0,415.0,0.83865273,274.0,419.0,0.7235421,411.0,478.0,0.3106226,154.0,451.0,0.73743653,513.0,577.0,0.18187892,141.0,574.0,0.59918654,9,warrior2
warrior2/139785582_137059474893557_2526368405312157781_n.jpg,502.0,172.0,0.45737028,511.0,164.0,0.5918033,502.0,164.0,0.5468619,538.0,170.0,0.6144577,518.0,171.0,0.25369427,581.0,226.0,0.77946526,491.0,234.0,0.58363485,658.0,230.0,0.6848165,421.0,235.0,0.7433831,730.0,229.0,0.5097598,349.0,231.0,0.531024,557.0,367.0,0.80148214,500.0,371.0,0.69640994,628.0,438.0,0.38617557,395.0,399.0,0.6777866,708.0,509.0,0.2874114,380.0,506.0,0.59434474,9,warrior2
warrior2/139820942_448949292797022_6037614604835005232_n.jpg,293.0,320.0,0.51455504,297.0,315.0,0.46589443,294.0,314.0,0.3965192,311.0,318.0,0.44299805,303.0,317.0,0.10399945,340.0,348.0,0.5521505,284.0,339.0,0.46880433,388.0,354.0,0.30798787,245.0,344.0,0.45176342,424.0,354.0,0.15304534,208.0,342.0,0.33036587,319.0,422.0,0.64312094,281.0,416.0,0.55950403,343.0,455.0,0.50226176,237.0,439.0,0.5140308,378.0,475.0,0.4524216,237.0,499.0,0.46554604,9,warrior2
warrior2/139957479_130601482229875_1678335978069873637_n.jpg,378.0,232.0,0.66826856,390.0,238.0,0.8287662,387.0,236.0,0.7057805,388.0,261.0,0.8268287,385.0,255.0,0.6557777,369.0,299.0,0.86975336,340.0,250.0,0.7713425,379.0,367.0,0.8351329,387.0,208.0,0.81522655,396.0,421.0,0.8422245,433.0,180.0,0.8263523,316.0,367.0,0.83276427,272.0,369.0,0.791278,386.0,432.0,0.7605086,194.0,411.0,0.7684377,440.0,483.0,0.8173575,173.0,488.0,0.9152046,9,warrior2
warrior2/14.jpg,273.0,84.0,0.5665855,268.0,77.0,0.8743663,270.0,77.0,0.8947012,252.0,81.0,0.8918649,255.0,81.0,0.79975665,224.0,115.0,0.84199846,276.0,117.0,0.9111554,172.0,117.0,0.6621796,324.0,118.0,0.703845,128.0,122.0,0.7452686,371.0,118.0,0.90065944,233.0,204.0,0.56155264,270.0,204.0,0.88609105,188.0,251.0,0.9117809,343.0,224.0,0.6882439,130.0,296.0,0.83167315,347.0,298.0,0.78545064,9,warrior2
warrior2/140.jpg,267.0,372.0,0.847349,276.0,358.0,0.87320316,274.0,357.0,0.85166585,316.0,356.0,0.85578257,308.0,357.0,0.7458183,395.0,410.0,0.7630017,266.0,428.0,0.949281,505.0,430.0,0.95090824,183.0,444.0,0.9656733,599.0,417.0,0.87992465,101.0,425.0,0.84145486,384.0,586.0,0.93627846,311.0,588.0,0.9548215,502.0,698.0,0.8955462,186.0,640.0,0.8997108,603.0,793.0,0.95740545,189.0,774.0,0.9577219,9,warrior2
warrior2/140178829_317936022943550_624795812636243501_n.jpg,386.0,272.0,0.85736954,396.0,262.0,0.9034124,384.0,264.0,0.8787845,423.0,267.0,0.8979093,399.0,268.0,0.81096786,469.0,323.0,0.91829795,365.0,327.0,0.93021566,537.0,338.0,0.8561089,304.0,348.0,0.46725768,603.0,336.0,0.6656339,226.0,325.0,0.84373283,455.0,472.0,0.92199874,393.0,475.0,0.93967,522.0,560.0,0.96336675,304.0,530.0,0.8747116,598.0,631.0,0.7479154,288.0,642.0,0.9243526,9,warrior2
warrior2/140358885_405983020629851_1646377513525679603_n.jpg,242.0,94.0,0.8844989,252.0,83.0,0.86840105,252.0,81.0,0.79906845,288.0,89.0,0.74595964,285.0,88.0,0.84407985,356.0,156.0,0.6500312,230.0,168.0,0.9049599,464.0,162.0,0.8802423,128.0,166.0,0.9306444,573.0,158.0,0.6611177,31.0,152.0,0.85427433,326.0,362.0,0.9219495,249.0,360.0,0.95640564,438.0,480.0,0.91993964,112.0,414.0,0.91813457,572.0,586.0,0.7642301,132.0,584.0,0.6920026,9,warrior2
warrior2/140381731_850659542399906_9086027892946491479_n (1).jpg,349.0,172.0,0.7932742,347.0,162.0,0.72144675,336.0,164.0,0.831089,332.0,165.0,0.58326125,307.0,173.0,0.79501444,377.0,210.0,0.9103752,264.0,216.0,0.80653334,455.0,207.0,0.7313744,192.0,230.0,0.9388243,530.0,207.0,0.6565801,119.0,252.0,0.8848846,356.0,361.0,0.90224016,282.0,364.0,0.8867034,455.0,425.0,0.9096784,214.0,469.0,0.8040608,456.0,549.0,0.94570273,141.0,554.0,0.75186753,9,warrior2
warrior2/140666438_1051156248728166_5777660711084395672_n.jpg,475.0,170.0,0.74761486,495.0,152.0,0.82561404,483.0,152.0,0.84000367,550.0,167.0,0.6630109,524.0,162.0,0.80120784,639.0,269.0,0.91555035,431.0,264.0,0.7994423,789.0,274.0,0.85333836,281.0,264.0,0.9293814,936.0,271.0,0.91150403,132.0,269.0,0.85540175,618.0,571.0,0.945277,486.0,575.0,0.94851625,775.0,740.0,0.94420344,268.0,686.0,0.8805823,934.0,894.0,0.9197622,263.0,930.0,0.8450835,9,warrior2
warrior2/140671379_878381659654146_2341140812196879290_n.jpg,450.0,234.0,0.7065319,467.0,214.0,0.7630197,460.0,213.0,0.9041654,528.0,219.0,0.73374635,515.0,218.0,0.8684815,643.0,322.0,0.6901339,416.0,328.0,0.93037695,784.0,357.0,0.89567494,247.0,348.0,0.914021,937.0,359.0,0.80090165,91.0,324.0,0.75933427,560.0,605.0,0.75352466,456.0,601.0,0.9489221,725.0,762.0,0.95360583,271.0,671.0,0.8196903,903.0,884.0,0.9075377,237.0,876.0,0.7976513,9,warrior2
warrior2/140753160_165182545387790_3286708033965917713_n.jpg,616.0,115.0,0.62073815,619.0,94.0,0.63692594,596.0,96.0,0.67057526,606.0,102.0,0.1301881,540.0,109.0,0.6162634,657.0,205.0,0.7586717,440.0,203.0,0.74396336,781.0,187.0,0.5639446,294.0,227.0,0.738158,950.0,158.0,0.537873,147.0,218.0,0.7501222,611.0,524.0,0.7361045,463.0,515.0,0.76962805,788.0,602.0,0.6451285,345.0,682.0,0.7171216,758.0,789.0,0.38543904,195.0,813.0,0.7015128,9,warrior2
warrior2/140782327_425688352189331_8067447535331060964_n.jpg,505.0,322.0,0.5186709,513.0,314.0,0.48490706,506.0,313.0,0.5716182,538.0,321.0,0.69525594,519.0,319.0,0.30954897,578.0,366.0,0.70977426,484.0,356.0,0.71427006,630.0,381.0,0.52480406,427.0,354.0,0.7437068,690.0,375.0,0.68026125,380.0,340.0,0.6271739,567.0,492.0,0.7955517,509.0,490.0,0.76327467,639.0,557.0,0.71888447,425.0,512.0,0.7623822,718.0,620.0,0.6941494,404.0,607.0,0.8638171,9,warrior2
warrior2/140962708_2960716400814783_4100666056386764850_n.jpg,251.0,150.0,0.6466412,242.0,152.0,0.7136289,240.0,153.0,0.73898387,236.0,179.0,0.6649926,234.0,178.0,0.7129663,271.0,199.0,0.7655713,262.0,195.0,0.8536999,259.0,103.0,0.47717535,256.0,104.0,0.5373411,248.0,79.0,0.22032197,246.0,70.0,0.24659297,313.0,354.0,0.7420708,275.0,353.0,0.807769,436.0,383.0,0.90861756,189.0,447.0,0.7134154,376.0,500.0,0.76345724,72.0,501.0,0.88999933,9,warrior2
warrior2/141.jpg,564.0,205.0,0.86968446,576.0,197.0,0.89454937,571.0,196.0,0.84878695,608.0,205.0,0.84810364,597.0,205.0,0.89648855,628.0,258.0,0.8207298,581.0,251.0,0.85633636,604.0,156.0,0.63188577,578.0,157.0,0.72107387,605.0,111.0,0.39465097,585.0,110.0,0.39451113,606.0,429.0,0.79884696,553.0,427.0,0.6473827,679.0,552.0,0.97117734,444.0,490.0,0.95687443,784.0,629.0,0.932056,453.0,623.0,0.9425695,9,warrior2
warrior2/141536336_199377111869602_1425161351341124063_n.jpg,580.0,181.0,0.44175816,584.0,167.0,0.4932086,561.0,166.0,0.5284301,572.0,185.0,0.18865539,512.0,187.0,0.664267,621.0,292.0,0.6702652,449.0,290.0,0.71893317,756.0,267.0,0.5011303,322.0,298.0,0.44127542,895.0,250.0,0.4262324,212.0,300.0,0.545467,567.0,543.0,0.69622207,450.0,530.0,0.57809806,747.0,615.0,0.63770366,307.0,700.0,0.7046975,755.0,836.0,0.8145663,136.0,856.0,0.7213352,9,warrior2
warrior2/142.jpg,622.0,212.0,0.6117914,631.0,223.0,0.677678,633.0,221.0,0.68914664,625.0,264.0,0.6764102,630.0,259.0,0.675895,587.0,277.0,0.87568367,609.0,290.0,0.715852,582.0,171.0,0.62216455,585.0,173.0,0.55867505,588.0,139.0,0.3691501,590.0,128.0,0.21403788,564.0,455.0,0.785706,604.0,454.0,0.82299197,417.0,485.0,0.8523129,710.0,550.0,0.90646195,435.0,625.0,0.84804636,830.0,629.0,0.8744348,9,warrior2
warrior2/142022024_908316449910835_8593968593353962252_n.jpg,459.0,212.0,0.48608607,468.0,197.0,0.4463919,483.0,199.0,0.3297441,503.0,223.0,0.5188257,573.0,231.0,0.362741,438.0,331.0,0.61399305,620.0,344.0,0.45333493,258.0,297.0,0.76528615,806.0,335.0,0.74438006,122.0,265.0,0.50251424,983.0,327.0,0.500686,472.0,642.0,0.66480803,610.0,632.0,0.7150005,246.0,682.0,0.6481509,791.0,771.0,0.6826036,207.0,928.0,0.6499338,1011.0,916.0,0.6288007,9,warrior2
warrior2/142224783_247508803606601_2855210313685046168_n.jpg,569.0,95.0,0.87074316,560.0,86.0,0.7964337,564.0,87.0,0.83989865,540.0,94.0,0.8810276,549.0,93.0,0.90537304,499.0,135.0,0.9339341,579.0,136.0,0.9348377,429.0,131.0,0.8429116,640.0,132.0,0.91565406,374.0,123.0,0.7693164,694.0,124.0,0.83964324,510.0,253.0,0.72033393,552.0,255.0,0.7599678,437.0,331.0,0.8858736,653.0,283.0,0.93124145,344.0,396.0,0.888538,657.0,389.0,0.9378908,9,warrior2
warrior2/142635932_597084151166553_6569076478634401010_n.jpg,593.0,235.0,0.7147244,589.0,232.0,0.75946176,590.0,232.0,0.922456,579.0,237.0,0.6549768,582.0,237.0,0.8083781,558.0,259.0,0.9382627,598.0,256.0,0.93326265,528.0,263.0,0.95254713,630.0,247.0,0.8513148,499.0,269.0,0.9357936,660.0,240.0,0.93828124,566.0,316.0,0.8047,590.0,319.0,0.9320449,546.0,364.0,0.91728866,628.0,355.0,0.79480565,524.0,407.0,0.93774295,617.0,406.0,0.82263684,9,warrior2
warrior2/143204563_1015180265554306_5673722160028644805_n.jpg,520.0,274.0,0.82483,541.0,271.0,0.7865313,506.0,265.0,0.8947454,561.0,306.0,0.7558053,486.0,293.0,0.8465769,598.0,408.0,0.9133665,416.0,405.0,0.9238629,696.0,437.0,0.54721713,305.0,414.0,0.7178651,751.0,417.0,0.7117606,247.0,397.0,0.6259329,559.0,677.0,0.8730063,444.0,675.0,0.8865493,727.0,840.0,0.88437337,217.0,752.0,0.9415344,919.0,970.0,0.8335196,245.0,989.0,0.87420124,9,warrior2
warrior2/143226411_758068251760703_6266022885154957497_n.jpg,284.0,390.0,0.78804374,274.0,371.0,0.7335553,288.0,362.0,0.7053325,295.0,355.0,0.8583764,322.0,335.0,0.76180375,300.0,462.0,0.8584776,437.0,346.0,0.91041994,303.0,618.0,0.93427366,367.0,230.0,0.80035096,251.0,753.0,0.8880967,259.0,169.0,0.83487236,371.0,661.0,0.8206513,475.0,657.0,0.7953496,234.0,845.0,0.9204256,677.0,781.0,0.9223548,73.0,1004.0,0.84917325,729.0,1014.0,0.78777534,9,warrior2
warrior2/143364778_757466474898424_4697634712781409121_n.jpg,552.0,342.0,0.9112569,536.0,324.0,0.82751757,542.0,324.0,0.62471896,487.0,337.0,0.836097,493.0,336.0,0.81172633,392.0,428.0,0.795796,558.0,425.0,0.95528454,256.0,481.0,0.8923762,716.0,430.0,0.8436526,119.0,504.0,0.7634237,852.0,415.0,0.7701726,393.0,694.0,0.550422,501.0,708.0,0.7749655,233.0,872.0,0.8873695,717.0,776.0,0.91509223,72.0,1011.0,0.82993793,724.0,1016.0,0.9339049,9,warrior2
warrior2/143544928_1093135607818358_4160742260949425702_n.jpg,584.0,375.0,0.7412868,577.0,354.0,0.7304423,558.0,357.0,0.78251547,537.0,369.0,0.42709434,493.0,379.0,0.756519,619.0,477.0,0.8668521,411.0,492.0,0.8295782,777.0,467.0,0.57736516,249.0,517.0,0.6411816,923.0,431.0,0.53453773,107.0,529.0,0.72359556,563.0,782.0,0.8964604,433.0,788.0,0.91615987,763.0,868.0,0.71482587,316.0,917.0,0.767122,774.0,1055.0,0.39131448,203.0,1001.0,0.47427198,9,warrior2
warrior2/143713804_476401693751878_6156847239577053972_n.jpg,450.0,657.0,0.68165004,458.0,651.0,0.669124,451.0,651.0,0.7455152,477.0,655.0,0.76222503,461.0,655.0,0.8502299,504.0,698.0,0.892168,440.0,696.0,0.8940004,527.0,711.0,0.2080566,431.0,720.0,0.7502,509.0,705.0,0.20579222,436.0,735.0,0.49156448,497.0,815.0,0.91638154,445.0,818.0,0.87490666,558.0,890.0,0.7402142,365.0,866.0,0.849553,618.0,956.0,0.81066185,357.0,962.0,0.8859953,9,warrior2
warrior2/144.jpg,636.0,97.0,0.8478272,626.0,84.0,0.79741436,620.0,83.0,0.91770184,585.0,89.0,0.8136383,578.0,88.0,0.8805602,649.0,157.0,0.93427014,510.0,136.0,0.9022349,759.0,157.0,0.96571547,394.0,135.0,0.9668035,860.0,142.0,0.879758,301.0,119.0,0.9307298,632.0,323.0,0.84140575,533.0,328.0,0.8909029,767.0,358.0,0.75607395,429.0,459.0,0.70791876,785.0,513.0,0.9407506,287.0,518.0,0.90330034,9,warrior2
warrior2/144763266_423881325733826_9144122602563431369_n.jpg,290.0,301.0,0.7561099,295.0,296.0,0.8745855,295.0,295.0,0.9263511,308.0,297.0,0.801332,307.0,297.0,0.8846159,315.0,320.0,0.93032396,305.0,318.0,0.94572985,313.0,277.0,0.8371266,308.0,278.0,0.60319906,327.0,260.0,0.7321133,325.0,256.0,0.22137855,316.0,392.0,0.87627846,303.0,393.0,0.8330293,359.0,431.0,0.8537565,257.0,418.0,0.9507972,409.0,453.0,0.86751896,252.0,472.0,0.94164246,9,warrior2
warrior2/145.jpg,544.0,219.0,0.75001717,559.0,212.0,0.6709236,546.0,208.0,0.8789433,589.0,225.0,0.8254422,560.0,216.0,0.78886914,623.0,287.0,0.8887439,511.0,279.0,0.96418583,651.0,295.0,0.6165719,428.0,276.0,0.8555044,632.0,301.0,0.24711882,346.0,267.0,0.8619168,605.0,443.0,0.9454278,534.0,441.0,0.9419074,678.0,530.0,0.9690805,421.0,518.0,0.9035835,749.0,596.0,0.9018789,427.0,653.0,0.853119,9,warrior2
warrior2/145062226_2506831429625599_9135920410256660635_n.jpg,654.0,247.0,0.6293421,652.0,226.0,0.51591957,637.0,227.0,0.49609634,630.0,228.0,0.12410306,575.0,231.0,0.62259555,675.0,353.0,0.6523953,510.0,333.0,0.68562996,786.0,352.0,0.52945983,353.0,366.0,0.54747915,915.0,318.0,0.5134783,201.0,404.0,0.4778448,609.0,609.0,0.71796036,504.0,589.0,0.632813,782.0,687.0,0.69526005,372.0,807.0,0.6211637,737.0,952.0,0.66178846,170.0,991.0,0.6404197,9,warrior2
warrior2/145531119_221390433029816_1863946811817964212_n.jpg,523.0,443.0,0.8333239,541.0,429.0,0.91542035,529.0,428.0,0.9047295,587.0,445.0,0.7827237,558.0,436.0,0.8172995,636.0,520.0,0.9264018,489.0,506.0,0.87595975,753.0,524.0,0.8797344,382.0,510.0,0.906043,857.0,515.0,0.85734546,273.0,486.0,0.920736,596.0,736.0,0.8695873,497.0,734.0,0.95177567,733.0,852.0,0.9763538,333.0,770.0,0.7544773,883.0,960.0,0.88943493,326.0,959.0,0.8906201,9,warrior2
warrior2/145547774_896298627800346_1647038800562481913_n.jpg,611.0,181.0,0.6132745,614.0,164.0,0.6813698,595.0,161.0,0.77002174,588.0,170.0,0.1381324,540.0,163.0,0.35470137,622.0,284.0,0.7416908,427.0,285.0,0.8395088,796.0,278.0,0.72264373,278.0,306.0,0.5592011,945.0,265.0,0.67573285,145.0,317.0,0.7134303,584.0,607.0,0.8774423,444.0,608.0,0.6122089,804.0,719.0,0.6619754,308.0,781.0,0.64778924,848.0,947.0,0.6883428,141.0,952.0,0.8707798,9,warrior2
warrior2/145595452_170515761212229_7072006735720362864_n.jpg,428.0,212.0,0.85927314,424.0,204.0,0.68587685,420.0,204.0,0.8207038,403.0,206.0,0.7592702,395.0,207.0,0.92741656,438.0,244.0,0.938632,363.0,249.0,0.8277341,502.0,226.0,0.9336963,301.0,247.0,0.8885935,553.0,214.0,0.9577299,234.0,243.0,0.889003,421.0,369.0,0.9148774,372.0,363.0,0.7003357,495.0,410.0,0.73531586,304.0,431.0,0.8577366,511.0,492.0,0.8958389,225.0,484.0,0.9028702,9,warrior2
warrior2/145724549_330553241617752_58119502479015816_n.jpg,507.0,305.0,0.88893926,520.0,294.0,0.6780439,498.0,297.0,0.91354525,553.0,307.0,0.8854198,501.0,309.0,0.83768934,596.0,366.0,0.90368885,454.0,359.0,0.91224986,683.0,362.0,0.913162,368.0,342.0,0.9043319,761.0,363.0,0.8094529,288.0,338.0,0.8348231,553.0,528.0,0.8622917,474.0,526.0,0.82104456,659.0,589.0,0.8279818,384.0,634.0,0.89040065,653.0,724.0,0.942706,268.0,722.0,0.90305096,9,warrior2
warrior2/145968546_244792753820177_4619691184419905760_n.jpg,516.0,307.0,0.8643285,532.0,292.0,0.7188046,524.0,291.0,0.8728018,585.0,300.0,0.81142414,569.0,297.0,0.77885467,639.0,377.0,0.8693603,499.0,375.0,0.9366093,779.0,401.0,0.8466652,381.0,370.0,0.92575836,902.0,405.0,0.7528001,266.0,353.0,0.6999907,618.0,589.0,0.94157356,528.0,591.0,0.962607,754.0,720.0,0.7142246,356.0,648.0,0.9123327,890.0,848.0,0.8798345,329.0,834.0,0.83932686,9,warrior2
warrior2/145973049_415461706204654_2783706687336321015_n.jpg,565.0,406.0,0.8418667,547.0,387.0,0.9119832,542.0,387.0,0.8215267,499.0,402.0,0.69177026,483.0,407.0,0.8512947,590.0,508.0,0.959483,400.0,504.0,0.9575358,728.0,480.0,0.9450191,222.0,496.0,0.8992929,861.0,461.0,0.86629295,65.0,504.0,0.8638066,552.0,796.0,0.91346186,428.0,795.0,0.9200283,726.0,978.0,0.81102943,318.0,1025.0,0.8078628,763.0,1214.0,0.92549723,199.0,1224.0,0.93513435,9,warrior2
warrior2/146.jpg,195.0,56.0,0.7774669,189.0,49.0,0.8835694,185.0,49.0,0.62402606,169.0,54.0,0.76561046,161.0,56.0,0.85079384,209.0,97.0,0.92634726,127.0,96.0,0.9488783,276.0,93.0,0.8174073,53.0,94.0,0.8920264,333.0,89.0,0.95223784,5.0,96.0,0.74180406,188.0,222.0,0.8779479,136.0,216.0,0.6637212,280.0,256.0,0.91159433,70.0,291.0,0.8255786,275.0,351.0,0.93878007,2.0,354.0,0.7516879,9,warrior2
warrior2/146030676_426114645260599_6879008521253532221_n.jpg,471.0,202.0,0.73229396,456.0,190.0,0.90348226,452.0,191.0,0.67963684,414.0,203.0,0.8374442,409.0,205.0,0.8719977,496.0,272.0,0.93571806,339.0,284.0,0.85536194,618.0,265.0,0.8162457,237.0,293.0,0.9123338,735.0,253.0,0.8111627,115.0,283.0,0.86826164,449.0,496.0,0.8875363,348.0,493.0,0.86869776,591.0,548.0,0.88775915,219.0,624.0,0.788541,542.0,716.0,0.6987836,88.0,724.0,0.76395726,9,warrior2
warrior2/146049486_190796292736267_2664812853405427604_n.jpg,603.0,258.0,0.84310013,587.0,240.0,0.7214482,582.0,239.0,0.7934264,543.0,251.0,0.8480008,531.0,257.0,0.7692927,620.0,366.0,0.9142738,444.0,358.0,0.9332689,790.0,367.0,0.8968355,266.0,366.0,0.75458825,928.0,364.0,0.9495678,135.0,377.0,0.5688673,586.0,641.0,0.8392397,466.0,637.0,0.8632575,791.0,706.0,0.9404683,322.0,790.0,0.87301177,811.0,944.0,0.71369916,134.0,934.0,0.88531214,9,warrior2
warrior2/146269207_138397724770367_1407784131108584272_n.jpg,426.0,421.0,0.8614516,449.0,397.0,0.85606843,431.0,398.0,0.7695507,501.0,411.0,0.835465,462.0,404.0,0.8431405,574.0,527.0,0.92127603,376.0,507.0,0.95916426,728.0,521.0,0.8188628,210.0,502.0,0.92821944,856.0,532.0,0.9387747,48.0,511.0,0.8929946,562.0,799.0,0.9534241,441.0,813.0,0.93847036,678.0,1017.0,0.9717237,265.0,992.0,0.8788168,793.0,1210.0,0.82103115,264.0,1218.0,0.8421069,9,warrior2
warrior2/146285137_139000734708870_7792507868573140971_n.jpg,630.0,256.0,0.8932893,618.0,237.0,0.5944483,607.0,238.0,0.8039463,570.0,249.0,0.7517212,546.0,252.0,0.9303431,649.0,355.0,0.93322647,448.0,338.0,0.8319478,799.0,352.0,0.94344676,289.0,352.0,0.7070346,950.0,357.0,0.8977133,128.0,359.0,0.8419738,620.0,673.0,0.86368465,484.0,680.0,0.8290385,808.0,744.0,0.89832515,316.0,851.0,0.88424796,808.0,964.0,0.92068076,138.0,1010.0,0.8951947,9,warrior2
warrior2/146335586_251780209772837_1348860420160864846_n.jpg,453.0,139.0,0.593284,472.0,121.0,0.5394769,455.0,116.0,0.29316598,544.0,131.0,0.6262935,492.0,122.0,0.10805972,671.0,201.0,0.6576896,439.0,211.0,0.74967813,864.0,196.0,0.50436306,265.0,199.0,0.54628754,1026.0,185.0,0.55073726,102.0,171.0,0.44329402,620.0,565.0,0.83514756,469.0,545.0,0.778485,735.0,778.0,0.80939984,299.0,662.0,0.8390688,924.0,1015.0,0.75077593,342.0,873.0,0.7151103,9,warrior2
warrior2/146396644_173712657838626_2817201586324875540_n.jpg,452.0,360.0,0.7626941,467.0,341.0,0.8418364,458.0,343.0,0.9299454,515.0,346.0,0.71998626,499.0,347.0,0.70169294,601.0,428.0,0.923826,431.0,427.0,0.93808657,724.0,461.0,0.89747554,312.0,394.0,0.77446306,841.0,492.0,0.83991754,186.0,377.0,0.9016801,593.0,672.0,0.9430048,487.0,672.0,0.94533813,727.0,835.0,0.94104904,300.0,730.0,0.8673841,876.0,958.0,0.66921973,298.0,929.0,0.8991515,9,warrior2
warrior2/146409098_244095053862716_7312427533920680097_n.jpg,285.0,107.0,0.757066,280.0,99.0,0.79334474,276.0,99.0,0.82065195,261.0,106.0,0.81357396,256.0,107.0,0.87453735,290.0,147.0,0.93178785,218.0,151.0,0.90516007,352.0,142.0,0.9183743,153.0,152.0,0.67123246,402.0,128.0,0.8908596,88.0,141.0,0.9056518,271.0,278.0,0.92295074,233.0,274.0,0.85192335,339.0,337.0,0.9610702,164.0,355.0,0.77019644,352.0,423.0,0.914377,107.0,421.0,0.88312,9,warrior2
warrior2/147.jpg,257.0,75.0,0.71457803,264.0,66.0,0.8284247,262.0,66.0,0.9063228,289.0,68.0,0.8139417,283.0,67.0,0.66566294,332.0,109.0,0.7747483,250.0,115.0,0.91437525,400.0,109.0,0.82618606,189.0,100.0,0.9371237,463.0,105.0,0.87107277,128.0,83.0,0.9308615,323.0,238.0,0.90107566,268.0,239.0,0.9409819,400.0,315.0,0.9623056,184.0,280.0,0.8471682,481.0,376.0,0.821307,209.0,376.0,0.78748137,9,warrior2
warrior2/147128353_430406104867346_3913087110422559042_n.jpg,682.0,159.0,0.82771766,699.0,146.0,0.7669869,662.0,147.0,0.8519581,721.0,171.0,0.86318517,638.0,174.0,0.8618635,772.0,272.0,0.913835,594.0,269.0,0.9365465,840.0,420.0,0.74886966,546.0,399.0,0.8858015,750.0,414.0,0.80267715,640.0,304.0,0.7983897,739.0,519.0,0.88105094,635.0,518.0,0.8703086,712.0,778.0,0.72126794,648.0,778.0,0.79082036,711.0,991.0,0.6763071,664.0,986.0,0.747687,9,warrior2
warrior2/147344235_101485615258671_7044368688485443327_n.jpg,617.0,338.0,0.8337331,605.0,321.0,0.8170379,600.0,319.0,0.7536298,559.0,323.0,0.84979206,554.0,323.0,0.9320789,651.0,419.0,0.94900274,466.0,431.0,0.88389957,793.0,422.0,0.9564394,324.0,442.0,0.8462094,919.0,409.0,0.83778846,208.0,438.0,0.8214897,619.0,682.0,0.90295005,499.0,677.0,0.85661197,817.0,697.0,0.9343477,342.0,812.0,0.7977113,836.0,909.0,0.91933596,167.0,911.0,0.8828422,9,warrior2
warrior2/147480440_347970326268313_2238816322195725971_n.jpg,444.0,277.0,0.79662246,461.0,256.0,0.65573597,448.0,257.0,0.88416237,524.0,261.0,0.9182658,496.0,263.0,0.8747861,618.0,350.0,0.76815784,427.0,374.0,0.9441263,777.0,391.0,0.92662024,272.0,360.0,0.8222377,908.0,434.0,0.89541984,125.0,345.0,0.8309347,588.0,663.0,0.89789903,490.0,673.0,0.9352938,740.0,880.0,0.9700559,292.0,801.0,0.9363714,905.0,1057.0,0.90497136,331.0,1053.0,0.9404566,9,warrior2
warrior2/147571012_417148719347077_7381978554752722385_n.jpg,430.0,217.0,0.71322656,416.0,200.0,0.7737357,437.0,205.0,0.7121131,391.0,211.0,0.80337185,435.0,221.0,0.77872074,347.0,274.0,0.8422509,464.0,278.0,0.9626199,255.0,288.0,0.88987184,545.0,262.0,0.8953359,178.0,305.0,0.85572225,627.0,250.0,0.8275062,385.0,436.0,0.79551834,449.0,426.0,0.8795475,311.0,565.0,0.9040503,567.0,409.0,0.95071703,208.0,671.0,0.8668331,562.0,538.0,0.948307,9,warrior2
warrior2/148206485_702930537282179_6828327242393419590_n.jpg,485.0,187.0,0.64106643,495.0,172.0,0.8076302,463.0,170.0,0.792393,491.0,191.0,0.66954565,422.0,189.0,0.6622795,535.0,291.0,0.89004093,365.0,300.0,0.87406045,664.0,330.0,0.7687423,265.0,389.0,0.55960685,810.0,341.0,0.7504281,192.0,436.0,0.699062,507.0,582.0,0.92227274,389.0,587.0,0.86909485,624.0,758.0,0.85096514,331.0,775.0,0.8835772,661.0,968.0,0.80254084,255.0,954.0,0.8454541,9,warrior2
warrior2/148261059_1172240253233113_7098697521445639250_n.jpg,628.0,417.0,0.78526354,612.0,400.0,0.634773,610.0,399.0,0.8359744,568.0,410.0,0.79968846,563.0,415.0,0.85304505,651.0,501.0,0.88499886,482.0,512.0,0.8541734,799.0,498.0,0.9242929,331.0,511.0,0.91495484,929.0,496.0,0.7625433,192.0,515.0,0.80642486,611.0,773.0,0.9339983,498.0,765.0,0.83720887,778.0,849.0,0.92317533,347.0,906.0,0.7896607,806.0,1028.0,0.8925195,180.0,1022.0,0.7971187,9,warrior2
warrior2/148264273_754232855193700_3745592897363323261_n.jpg,697.0,228.0,0.8321727,673.0,206.0,0.9267337,677.0,205.0,0.92751485,617.0,223.0,0.9284554,623.0,224.0,0.9450398,699.0,354.0,0.9231854,536.0,339.0,0.9342271,818.0,357.0,0.9351134,352.0,359.0,0.82511747,915.0,381.0,0.9303194,143.0,379.0,0.8534237,633.0,695.0,0.83682597,545.0,679.0,0.90678847,821.0,799.0,0.9133916,404.0,944.0,0.77398,753.0,1056.0,0.9012622,191.0,1189.0,0.8956848,9,warrior2
warrior2/148782582_327327278693461_8371032767936330874_n.jpg,290.0,259.0,0.6047586,282.0,264.0,0.70605445,280.0,269.0,0.5869111,281.0,288.0,0.57778883,279.0,297.0,0.5080669,325.0,293.0,0.86637455,281.0,339.0,0.67601085,313.0,225.0,0.8813764,272.0,411.0,0.7666876,293.0,165.0,0.7708848,237.0,484.0,0.6817148,362.0,432.0,0.90420765,310.0,433.0,0.7825628,452.0,445.0,0.90625834,240.0,513.0,0.92027617,459.0,548.0,0.6739918,152.0,577.0,0.86238253,9,warrior2
warrior2/149.jpg,256.0,281.0,0.41454268,269.0,275.0,0.48152658,250.0,271.0,0.4892019,286.0,282.0,0.5132975,239.0,271.0,0.5401066,303.0,323.0,0.7219315,215.0,310.0,0.6323353,342.0,340.0,0.36195898,177.0,306.0,0.59045535,405.0,345.0,0.7681609,123.0,287.0,0.71582514,278.0,445.0,0.7045037,221.0,437.0,0.78870344,318.0,518.0,0.5984999,160.0,481.0,0.730509,369.0,569.0,0.6061739,143.0,556.0,0.6408595,9,warrior2
warrior2/149324414_3874610645983337_8111686977712567907_n.jpg,423.0,249.0,0.7695643,424.0,225.0,0.7884841,445.0,224.0,0.8281019,449.0,230.0,0.9276753,499.0,233.0,0.86104584,390.0,327.0,0.7482836,572.0,339.0,0.93398887,231.0,349.0,0.8571464,729.0,388.0,0.95096046,100.0,368.0,0.8572383,858.0,427.0,0.89895475,453.0,642.0,0.77192044,562.0,623.0,0.75489277,252.0,748.0,0.61364436,692.0,795.0,0.77247,244.0,976.0,0.7855456,838.0,996.0,0.79726654,9,warrior2
warrior2/149431422_762919381304689_7766482726135592435_n.jpg,492.0,443.0,0.5398073,505.0,437.0,0.39912418,493.0,435.0,0.33696228,543.0,446.0,0.33292454,502.0,445.0,0.18337967,591.0,513.0,0.5753497,471.0,508.0,0.65770173,682.0,538.0,0.5698917,381.0,511.0,0.43544903,776.0,568.0,0.6976688,285.0,499.0,0.32083508,580.0,694.0,0.6790334,495.0,694.0,0.8032923,645.0,818.0,0.56352234,380.0,764.0,0.64274657,747.0,914.0,0.62068427,378.0,909.0,0.6152804,9,warrior2
warrior2/15.jpg,497.0,410.0,0.92023414,513.0,395.0,0.5788858,511.0,395.0,0.7786984,559.0,408.0,0.8919791,552.0,407.0,0.82958424,623.0,496.0,0.86247003,478.0,490.0,0.9431854,757.0,510.0,0.93059766,376.0,494.0,0.8870607,872.0,514.0,0.8521666,290.0,484.0,0.84490955,615.0,712.0,0.83878684,522.0,718.0,0.9068572,764.0,850.0,0.8576579,360.0,768.0,0.83898747,927.0,959.0,0.8901098,371.0,957.0,0.94857854,9,warrior2
warrior2/150.jpg,157.0,28.0,0.88584465,159.0,24.0,0.9435184,151.0,24.0,0.93824685,159.0,26.0,0.8321544,142.0,26.0,0.6845541,170.0,46.0,0.9371219,132.0,42.0,0.73739994,195.0,48.0,0.89384586,103.0,44.0,0.8554128,223.0,46.0,0.879648,75.0,40.0,0.9042939,158.0,108.0,0.91072774,136.0,107.0,0.8958353,189.0,132.0,0.95646566,117.0,145.0,0.8039179,191.0,180.0,0.93117875,86.0,179.0,0.83014524,9,warrior2
warrior2/150057292_719769275568869_6881125692447835714_n.jpg,473.0,321.0,0.8635766,478.0,318.0,0.75426143,477.0,318.0,0.88321126,489.0,323.0,0.73886275,487.0,322.0,0.7080417,505.0,344.0,0.86027735,463.0,339.0,0.8321413,537.0,345.0,0.73389345,435.0,336.0,0.7938724,567.0,348.0,0.89951116,406.0,332.0,0.8585899,495.0,404.0,0.8688767,466.0,405.0,0.91693115,527.0,437.0,0.9432819,429.0,429.0,0.85124725,566.0,464.0,0.8306461,430.0,474.0,0.85534215,9,warrior2
warrior2/150289053_491347581851522_7910663224397496828_n.jpg,456.0,147.0,0.6825723,482.0,130.0,0.9424502,459.0,132.0,0.64753866,546.0,152.0,0.8948287,500.0,147.0,0.87632465,637.0,253.0,0.7958698,408.0,269.0,0.8879453,786.0,274.0,0.84439147,261.0,278.0,0.85764885,936.0,267.0,0.8809511,116.0,255.0,0.89732325,609.0,580.0,0.9523011,461.0,586.0,0.9567946,773.0,804.0,0.9329715,256.0,714.0,0.8950524,983.0,985.0,0.93993706,237.0,979.0,0.8841711,9,warrior2
warrior2/150485254_956987894840658_7193774344486318435_n.jpg,626.0,241.0,0.81052166,657.0,213.0,0.79599607,612.0,211.0,0.8524641,719.0,224.0,0.9118459,623.0,221.0,0.7928081,792.0,336.0,0.83445215,564.0,338.0,0.9131643,904.0,412.0,0.26808995,391.0,330.0,0.8546796,1006.0,396.0,0.806024,200.0,275.0,0.85083014,764.0,703.0,0.9392344,626.0,700.0,0.8787567,849.0,881.0,0.94768494,424.0,902.0,0.8216588,871.0,980.0,0.6984335,394.0,1155.0,0.8423322,9,warrior2
warrior2/150831704_276487230543681_9217318258489712195_n.jpg,528.0,351.0,0.58937097,542.0,338.0,0.8036934,516.0,335.0,0.6904955,566.0,347.0,0.6881273,502.0,345.0,0.71444154,605.0,409.0,0.8649673,459.0,433.0,0.7333857,594.0,493.0,0.42809832,300.0,434.0,0.49622148,507.0,435.0,0.16562612,136.0,411.0,0.377036,640.0,687.0,0.9146482,532.0,697.0,0.8509839,732.0,845.0,0.7179646,372.0,829.0,0.7355988,833.0,934.0,0.68437004,375.0,979.0,0.7300645,9,warrior2
warrior2/151.jpg,304.0,96.0,0.59875417,313.0,85.0,0.7833121,311.0,85.0,0.92201984,342.0,88.0,0.84390265,335.0,89.0,0.7342104,390.0,142.0,0.93906134,293.0,141.0,0.9562354,472.0,144.0,0.87655574,222.0,129.0,0.90734076,544.0,146.0,0.84719324,151.0,128.0,0.9047593,386.0,279.0,0.9452248,327.0,288.0,0.9555713,454.0,362.0,0.9743285,239.0,334.0,0.81280524,524.0,432.0,0.9197745,220.0,432.0,0.85286474,9,warrior2
warrior2/151108769_1375758072778509_1453616304451497503_n.jpg,421.0,208.0,0.7934086,439.0,190.0,0.80955416,434.0,189.0,0.8818379,496.0,205.0,0.89484197,484.0,201.0,0.7783842,580.0,323.0,0.9027418,402.0,329.0,0.9432618,736.0,348.0,0.9152164,252.0,315.0,0.89745176,873.0,365.0,0.86291575,112.0,318.0,0.87378967,545.0,625.0,0.9245662,443.0,626.0,0.8721575,683.0,806.0,0.66638136,243.0,723.0,0.8574431,831.0,955.0,0.8968517,254.0,948.0,0.93493295,9,warrior2
warrior2/151133019_2897353270547271_7614314910715164976_n.jpg,445.0,194.0,0.720312,445.0,186.0,0.80774146,454.0,185.0,0.7847303,456.0,192.0,0.87540066,479.0,191.0,0.64120364,430.0,237.0,0.9431274,525.0,237.0,0.9340326,351.0,227.0,0.8525468,606.0,233.0,0.88506573,280.0,216.0,0.8767663,674.0,223.0,0.86138415,458.0,381.0,0.7775095,510.0,375.0,0.8813188,349.0,439.0,0.8578427,589.0,480.0,0.96040916,358.0,551.0,0.6442738,659.0,559.0,0.66186225,9,warrior2
warrior2/151242706_222520722880726_2626548639525271998_n (1).jpg,314.0,57.0,0.8129235,330.0,45.0,0.80602586,325.0,45.0,0.92632693,367.0,56.0,0.8873528,359.0,53.0,0.86134434,423.0,137.0,0.92071927,292.0,129.0,0.78857166,532.0,154.0,0.884596,191.0,138.0,0.96444285,632.0,151.0,0.80673206,101.0,132.0,0.920169,387.0,322.0,0.7642666,317.0,322.0,0.90381557,486.0,440.0,0.7910613,185.0,404.0,0.8562143,611.0,559.0,0.80773836,184.0,560.0,0.94621074,9,warrior2
warrior2/151242706_222520722880726_2626548639525271998_n.jpg,480.0,66.0,0.84371924,498.0,53.0,0.7515072,499.0,52.0,0.8809231,541.0,68.0,0.816406,544.0,65.0,0.8262454,607.0,162.0,0.90893483,457.0,147.0,0.94636613,738.0,178.0,0.82822824,338.0,165.0,0.8798626,855.0,168.0,0.84889203,227.0,154.0,0.8642386,572.0,380.0,0.9143869,484.0,378.0,0.94382185,690.0,521.0,0.8318971,331.0,473.0,0.6381358,831.0,652.0,0.8113247,333.0,654.0,0.9204102,9,warrior2
warrior2/151302902_727900537897008_8297420900823355254_n.jpg,471.0,129.0,0.26862356,448.0,109.0,0.3633797,500.0,112.0,0.27524355,428.0,136.0,0.6729959,538.0,137.0,0.59498703,372.0,244.0,0.81419814,586.0,230.0,0.7734953,194.0,201.0,0.60420763,764.0,215.0,0.88862854,34.0,185.0,0.49939737,915.0,210.0,0.6702962,483.0,557.0,0.7177072,605.0,530.0,0.83444804,262.0,672.0,0.80788815,739.0,746.0,0.84738934,317.0,917.0,0.5858611,874.0,913.0,0.78385293,9,warrior2
warrior2/151418134_430079568416459_1787877964158712793_n.jpg,550.0,656.0,0.7487606,563.0,646.0,0.8724546,557.0,644.0,0.89311856,605.0,658.0,0.9417096,590.0,655.0,0.71341825,662.0,725.0,0.925207,528.0,717.0,0.8703355,765.0,741.0,0.9476788,424.0,727.0,0.95941746,862.0,711.0,0.8662117,326.0,699.0,0.78894144,632.0,931.0,0.926445,542.0,931.0,0.9323975,731.0,1048.0,0.9689485,387.0,1006.0,0.8707024,847.0,1140.0,0.9578613,384.0,1176.0,0.82118446,9,warrior2
warrior2/151750613_184185550128639_9161827682952980095_n.jpg,596.0,272.0,0.5760822,577.0,251.0,0.4465623,588.0,251.0,0.47741362,521.0,264.0,0.24887092,547.0,266.0,0.73916054,432.0,382.0,0.64554465,641.0,362.0,0.5218052,271.0,384.0,0.859359,796.0,331.0,0.5126155,252.0,262.0,0.6955575,925.0,328.0,0.60581595,455.0,650.0,0.7188793,576.0,655.0,0.8378539,303.0,811.0,0.9436834,795.0,704.0,0.7456858,132.0,953.0,0.87442714,830.0,948.0,0.8958284,9,warrior2
warrior2/151759914_542174643356241_3131500238273928948_n.jpg,458.0,164.0,0.6114421,473.0,144.0,0.70564115,454.0,143.0,0.5570936,535.0,149.0,0.6827297,486.0,145.0,0.2731545,627.0,243.0,0.8482937,426.0,249.0,0.87496537,792.0,252.0,0.68332165,286.0,252.0,0.7368016,939.0,257.0,0.6698119,153.0,253.0,0.6298431,631.0,529.0,0.93729615,483.0,541.0,0.8651452,756.0,697.0,0.91766757,320.0,652.0,0.9105335,897.0,864.0,0.768808,314.0,882.0,0.80818504,9,warrior2
warrior2/151790681_794370654765009_5137549277764297146_n.jpg,544.0,414.0,0.46107048,536.0,417.0,0.4912327,545.0,410.0,0.61657166,536.0,433.0,0.60473406,552.0,417.0,0.65729,551.0,462.0,0.6398454,572.0,421.0,0.6854987,543.0,508.0,0.7400734,557.0,386.0,0.5946446,537.0,551.0,0.5176915,546.0,363.0,0.3509015,566.0,501.0,0.81071305,598.0,490.0,0.6732639,546.0,557.0,0.4300626,625.0,503.0,0.71901155,514.0,609.0,0.6906136,635.0,557.0,0.8310043,9,warrior2
warrior2/151792567_793398064862463_8795668964734244456_n.jpg,443.0,192.0,0.8931104,458.0,175.0,0.86351526,457.0,174.0,0.88052803,510.0,184.0,0.79271907,502.0,184.0,0.81857324,598.0,287.0,0.72434986,422.0,303.0,0.92556643,774.0,302.0,0.8923305,270.0,302.0,0.95102125,921.0,307.0,0.89899397,133.0,283.0,0.73107994,568.0,582.0,0.94763124,469.0,583.0,0.9288739,769.0,741.0,0.92804873,252.0,643.0,0.9561967,949.0,874.0,0.7266917,266.0,867.0,0.90814203,9,warrior2
warrior2/151959659_2837685586500449_6054322443517624818_n.jpg,354.0,218.0,0.8503933,346.0,210.0,0.73689246,344.0,209.0,0.88430625,324.0,213.0,0.809247,322.0,213.0,0.88049954,369.0,260.0,0.95157135,285.0,259.0,0.9168639,432.0,253.0,0.86302805,216.0,254.0,0.94091415,491.0,242.0,0.96112704,153.0,248.0,0.78332096,360.0,384.0,0.89351755,307.0,382.0,0.80143654,453.0,397.0,0.91240036,235.0,447.0,0.8718721,465.0,502.0,0.8665544,152.0,504.0,0.7450243,9,warrior2
warrior2/152.jpg,575.0,166.0,0.6003359,582.0,153.0,0.6769967,576.0,152.0,0.56344783,616.0,141.0,0.6864705,599.0,144.0,0.64554906,681.0,185.0,0.8813638,597.0,214.0,0.58013225,650.0,263.0,0.7361163,546.0,281.0,0.10441401,553.0,281.0,0.6998936,334.0,296.0,0.30462843,711.0,370.0,0.72543836,634.0,385.0,0.63387656,728.0,508.0,0.7335906,660.0,521.0,0.33977756,759.0,639.0,0.8559074,690.0,635.0,0.50439095,9,warrior2
warrior2/152068341_338394477486626_7677471381954679680_n.jpg,574.0,341.0,0.7387497,564.0,328.0,0.49272153,569.0,328.0,0.5966831,532.0,334.0,0.74170613,541.0,335.0,0.88052726,467.0,397.0,0.73133266,581.0,407.0,0.8440409,355.0,408.0,0.70368165,671.0,400.0,0.90922934,261.0,413.0,0.79951113,746.0,395.0,0.8169737,473.0,582.0,0.66675425,549.0,579.0,0.748937,415.0,717.0,0.8758339,674.0,577.0,0.8808161,333.0,855.0,0.8360774,650.0,706.0,0.8753723,9,warrior2
warrior2/152096993_427341335048643_8866631631060296032_n.jpg,579.0,458.0,0.3865528,578.0,452.0,0.54062605,583.0,457.0,0.4629802,571.0,451.0,0.68196213,582.0,464.0,0.67829424,560.0,460.0,0.7613307,574.0,477.0,0.6643187,571.0,525.0,0.21710071,573.0,521.0,0.269496,565.0,534.0,0.17661162,568.0,532.0,0.3035703,510.0,535.0,0.7688799,533.0,531.0,0.5429775,479.0,602.0,0.88993746,579.0,541.0,0.8891201,440.0,658.0,0.8384407,588.0,600.0,0.76881284,9,warrior2
warrior2/152455223_569830910639715_1250559822922711855_n.jpg,478.0,408.0,0.77083457,491.0,392.0,0.7099309,480.0,389.0,0.7923528,538.0,392.0,0.8162091,513.0,390.0,0.6590555,614.0,457.0,0.6903604,467.0,465.0,0.8599002,727.0,476.0,0.61166734,348.0,450.0,0.8246294,841.0,477.0,0.7894344,239.0,427.0,0.761302,616.0,699.0,0.9035078,516.0,703.0,0.9262826,766.0,829.0,0.9396803,347.0,757.0,0.83173627,906.0,943.0,0.8504756,334.0,934.0,0.89981014,9,warrior2
warrior2/152577080_853883025393460_7174673879997955928_n.jpg,513.0,105.0,0.36056018,527.0,90.0,0.4602793,517.0,88.0,0.39336103,580.0,106.0,0.5720287,565.0,106.0,0.106693074,659.0,188.0,0.38676167,538.0,201.0,0.34931532,827.0,159.0,0.347912,388.0,207.0,0.2846807,979.0,105.0,0.3710376,243.0,180.0,0.25200966,594.0,412.0,0.60403955,681.0,399.0,0.74327534,433.0,503.0,0.7375995,774.0,520.0,0.47610477,414.0,653.0,0.77816033,863.0,594.0,0.5593531,9,warrior2
warrior2/152758456_165600101871750_4341962745800574887_n.jpg,598.0,283.0,0.6762519,597.0,271.0,0.5479516,584.0,272.0,0.6423142,576.0,278.0,0.2367599,547.0,283.0,0.5617956,606.0,353.0,0.7077589,482.0,354.0,0.56485575,705.0,341.0,0.36431384,371.0,355.0,0.4511058,812.0,330.0,0.57081914,281.0,359.0,0.6418383,555.0,556.0,0.79016584,484.0,544.0,0.78514314,683.0,639.0,0.62518466,411.0,677.0,0.67165923,686.0,776.0,0.26193476,354.0,764.0,0.44435433,9,warrior2
warrior2/152764810_3885206538253534_4263567447782399816_n.jpg,549.0,581.0,0.6373069,559.0,565.0,0.51448834,556.0,568.0,0.7324901,588.0,569.0,0.7512589,581.0,572.0,0.74992424,644.0,629.0,0.82299936,550.0,636.0,0.564885,756.0,640.0,0.7675478,451.0,642.0,0.4575533,844.0,637.0,0.5621098,349.0,628.0,0.49686256,649.0,837.0,0.8332535,587.0,837.0,0.81323344,745.0,950.0,0.71593714,433.0,910.0,0.738091,853.0,1042.0,0.6404449,392.0,1050.0,0.6385201,9,warrior2
warrior2/152769661_737905626910312_5847295958017329319_n.jpg,950.0,376.0,0.63474095,963.0,360.0,0.59131247,949.0,347.0,0.5982662,936.0,346.0,0.2695139,895.0,315.0,0.44947535,891.0,475.0,0.6154467,778.0,325.0,0.68490493,879.0,612.0,0.7555566,861.0,181.0,0.60696197,926.0,726.0,0.6413142,950.0,71.0,0.5934948,778.0,679.0,0.54221183,646.0,662.0,0.6152077,937.0,730.0,0.53928864,479.0,832.0,0.66957814,956.0,932.0,0.7497759,247.0,1012.0,0.8080596,9,warrior2
warrior2/152829463_457082448668520_5953466193558500030_n.jpg,416.0,171.0,0.4669403,403.0,173.0,0.50305486,402.0,168.0,0.41323254,395.0,233.0,0.41432676,402.0,219.0,0.30801088,416.0,382.0,0.3333259,530.0,224.0,0.49755195,408.0,570.0,0.57051885,410.0,70.0,0.64838153,342.0,717.0,0.42338303,312.0,10.0,0.15129422,512.0,581.0,0.7467501,653.0,562.0,0.58663857,362.0,748.0,0.4662286,861.0,633.0,0.5915278,225.0,896.0,0.48170748,921.0,829.0,0.75840783,9,warrior2
warrior2/152952274_3926030067459468_8524919630596342414_n.jpg,425.0,89.0,0.8821848,445.0,68.0,0.86204726,442.0,68.0,0.7900342,506.0,79.0,0.7905907,502.0,79.0,0.8719956,593.0,205.0,0.93889034,415.0,210.0,0.8488037,756.0,234.0,0.82594573,260.0,213.0,0.9088772,910.0,243.0,0.72699153,114.0,206.0,0.9081813,593.0,516.0,0.91973394,485.0,530.0,0.9225468,730.0,733.0,0.9482313,299.0,657.0,0.7398072,884.0,913.0,0.9085202,249.0,888.0,0.80354846,9,warrior2
warrior2/153118926_743504396534401_3521002619855447927_n (1).jpg,375.0,169.0,0.81490916,369.0,157.0,0.5907887,366.0,157.0,0.85760915,344.0,158.0,0.6010567,332.0,159.0,0.77634007,374.0,206.0,0.864552,290.0,207.0,0.83329225,438.0,194.0,0.72528064,208.0,235.0,0.8338385,482.0,185.0,0.8426421,125.0,260.0,0.72868896,353.0,381.0,0.8454383,309.0,374.0,0.90587497,451.0,418.0,0.9225573,214.0,485.0,0.82462126,449.0,538.0,0.85809547,95.0,581.0,0.8996249,9,warrior2
warrior2/153274211_110856244370262_1213530572658063058_n.jpg,852.0,976.0,0.6754537,875.0,959.0,0.7597567,873.0,955.0,0.6559283,863.0,894.0,0.72563446,855.0,884.0,0.84040284,746.0,930.0,0.7327781,786.0,754.0,0.6688111,734.0,1071.0,0.85009646,768.0,556.0,0.8365861,739.0,1216.0,0.54799247,793.0,402.0,0.6785344,506.0,778.0,0.83358955,538.0,668.0,0.81146157,515.0,991.0,0.85987407,378.0,461.0,0.89100516,264.0,985.0,0.85393596,293.0,246.0,0.21739897,9,warrior2
warrior2/153303612_777598102855112_731213177168736813_n.jpg,645.0,468.0,0.7922392,642.0,459.0,0.9344549,636.0,459.0,0.8983939,624.0,463.0,0.740208,610.0,463.0,0.8412016,657.0,510.0,0.94584775,575.0,510.0,0.8538174,718.0,514.0,0.8547801,520.0,533.0,0.9635622,772.0,508.0,0.88851124,459.0,545.0,0.80458593,635.0,636.0,0.9408469,583.0,633.0,0.8310882,709.0,679.0,0.96856827,526.0,710.0,0.82211465,708.0,777.0,0.96095896,465.0,785.0,0.8693303,9,warrior2
warrior2/154112788_836334876949389_3423815802728194650_n.jpg,715.0,182.0,0.5565895,717.0,164.0,0.6590855,693.0,165.0,0.48921514,684.0,173.0,0.1279722,624.0,180.0,0.694828,741.0,293.0,0.6989533,529.0,325.0,0.760793,890.0,284.0,0.6586151,335.0,339.0,0.41788632,1039.0,262.0,0.46884775,148.0,349.0,0.48379079,734.0,614.0,0.8278811,581.0,640.0,0.7026291,914.0,688.0,0.6750828,431.0,797.0,0.6284305,949.0,885.0,0.7091167,245.0,956.0,0.67071986,9,warrior2
warrior2/155.jpg,282.0,287.0,0.86042994,295.0,280.0,0.90359354,287.0,280.0,0.8617772,326.0,291.0,0.82507575,310.0,289.0,0.7189367,361.0,348.0,0.68007773,263.0,340.0,0.71133137,461.0,357.0,0.20244345,179.0,325.0,0.8079093,508.0,350.0,0.18681087,106.0,300.0,0.71287626,318.0,491.0,0.74142146,345.0,488.0,0.7916081,176.0,551.0,0.7385156,430.0,598.0,0.7328718,168.0,687.0,0.8054463,513.0,708.0,0.9399372,9,warrior2
warrior2/158.jpg,479.0,89.0,0.8133472,475.0,79.0,0.90446365,470.0,79.0,0.8936074,450.0,82.0,0.8843701,444.0,83.0,0.7989104,488.0,133.0,0.8248995,406.0,129.0,0.948639,556.0,127.0,0.93610305,333.0,131.0,0.8279052,620.0,125.0,0.8608655,273.0,131.0,0.88826865,474.0,272.0,0.94103885,422.0,270.0,0.91255546,566.0,318.0,0.9286928,358.0,350.0,0.8854208,577.0,415.0,0.9648922,282.0,417.0,0.83682716,9,warrior2
warrior2/159.jpg,382.0,212.0,0.7498212,388.0,204.0,0.8950069,390.0,205.0,0.6911982,406.0,210.0,0.829976,409.0,210.0,0.76419437,372.0,251.0,0.9120229,445.0,256.0,0.8960891,307.0,247.0,0.82219446,514.0,253.0,0.70726585,249.0,240.0,0.7065579,575.0,249.0,0.80054533,388.0,369.0,0.86563337,435.0,368.0,0.92552257,294.0,401.0,0.9471994,509.0,443.0,0.8357744,299.0,499.0,0.9023959,574.0,505.0,0.8383113,9,warrior2
warrior2/16.jpg,193.0,57.0,0.7846933,198.0,52.0,0.9145874,196.0,51.0,0.88919395,215.0,54.0,0.8263483,209.0,53.0,0.8287472,238.0,81.0,0.80304956,188.0,85.0,0.8982931,283.0,84.0,0.9171986,142.0,83.0,0.8085391,321.0,86.0,0.9426834,106.0,80.0,0.87219393,231.0,158.0,0.8361943,200.0,158.0,0.95110375,286.0,201.0,0.7207105,140.0,172.0,0.8270547,336.0,238.0,0.75915724,141.0,234.0,0.85420597,9,warrior2
warrior2/160.jpg,468.0,170.0,0.702374,480.0,157.0,0.909983,472.0,157.0,0.92314506,520.0,163.0,0.792676,501.0,161.0,0.701409,570.0,227.0,0.951269,456.0,227.0,0.94910085,668.0,225.0,0.94865346,361.0,224.0,0.9666678,748.0,224.0,0.8869362,284.0,222.0,0.7549284,562.0,401.0,0.7839174,496.0,411.0,0.9540105,676.0,487.0,0.96660435,377.0,426.0,0.85110474,793.0,562.0,0.8514007,362.0,560.0,0.74898815,9,warrior2
warrior2/161.jpg,382.0,57.0,0.85400236,397.0,47.0,0.76090497,387.0,45.0,0.7705488,432.0,55.0,0.6634402,412.0,52.0,0.73291713,490.0,111.0,0.87285566,355.0,113.0,0.7462725,592.0,122.0,0.85035473,262.0,122.0,0.85007787,674.0,118.0,0.796473,177.0,108.0,0.6747687,477.0,265.0,0.7713969,392.0,267.0,0.82339317,539.0,316.0,0.25175026,260.0,308.0,0.8756469,443.0,312.0,0.20575942,415.0,313.0,0.4860165,9,warrior2
warrior2/162.jpg,911.0,251.0,0.8650471,902.0,234.0,0.61214286,887.0,236.0,0.8124895,859.0,243.0,0.83401287,833.0,249.0,0.8749225,943.0,332.0,0.8945751,758.0,341.0,0.93005633,1070.0,343.0,0.8605229,638.0,364.0,0.7875171,1194.0,341.0,0.739094,522.0,363.0,0.5396558,911.0,594.0,0.92139924,799.0,590.0,0.8760527,1066.0,656.0,0.86771685,666.0,730.0,0.7843356,1085.0,844.0,0.86984336,540.0,850.0,0.7509101,9,warrior2
warrior2/164.jpg,578.0,165.0,0.8599812,591.0,153.0,0.9278623,583.0,151.0,0.8744545,638.0,162.0,0.90364695,613.0,156.0,0.6476361,689.0,210.0,0.78790617,562.0,223.0,0.91692895,800.0,203.0,0.89974797,452.0,208.0,0.93595743,906.0,186.0,0.88665444,357.0,198.0,0.79518664,658.0,419.0,0.7950426,585.0,419.0,0.9385568,778.0,536.0,0.8881161,443.0,483.0,0.9009223,899.0,633.0,0.75720775,434.0,635.0,0.92219424,9,warrior2
warrior2/167.jpg,157.0,28.0,0.88584465,159.0,24.0,0.9435184,151.0,24.0,0.93824685,159.0,26.0,0.8321544,142.0,26.0,0.6845541,170.0,46.0,0.9371219,132.0,42.0,0.73739994,195.0,48.0,0.89384586,103.0,44.0,0.8554128,223.0,46.0,0.879648,75.0,40.0,0.9042939,158.0,108.0,0.91072774,136.0,107.0,0.8958353,189.0,132.0,0.95646566,117.0,145.0,0.8039179,191.0,180.0,0.93117875,86.0,179.0,0.83014524,9,warrior2
warrior2/170.jpg,257.0,75.0,0.71457803,264.0,66.0,0.8284247,262.0,66.0,0.9063228,289.0,68.0,0.8139417,283.0,67.0,0.66566294,332.0,109.0,0.7747483,250.0,115.0,0.91437525,400.0,109.0,0.82618606,189.0,100.0,0.9371237,463.0,105.0,0.87107277,128.0,83.0,0.9308615,323.0,238.0,0.90107566,268.0,239.0,0.9409819,400.0,315.0,0.9623056,184.0,280.0,0.8471682,481.0,376.0,0.821307,209.0,376.0,0.78748137,9,warrior2
warrior2/172.jpg,464.0,255.0,0.9029004,456.0,250.0,0.9182408,454.0,249.0,0.8797569,436.0,256.0,0.8753432,432.0,258.0,0.93547994,478.0,298.0,0.94113195,399.0,307.0,0.9454178,536.0,291.0,0.9081242,333.0,314.0,0.84247106,594.0,282.0,0.9185615,272.0,302.0,0.8873924,470.0,415.0,0.9168513,425.0,413.0,0.86247045,557.0,439.0,0.894858,358.0,481.0,0.9366732,566.0,529.0,0.86218596,286.0,540.0,0.94467026,9,warrior2
warrior2/175.jpg,635.0,161.0,0.8713895,658.0,148.0,0.9428312,640.0,147.0,0.943291,711.0,166.0,0.87956023,676.0,158.0,0.83369887,774.0,255.0,0.90462327,596.0,251.0,0.92593014,919.0,269.0,0.8104413,469.0,234.0,0.6969033,1023.0,276.0,0.8431473,350.0,221.0,0.94126695,762.0,508.0,0.80221933,659.0,515.0,0.91994137,904.0,652.0,0.9327705,492.0,587.0,0.94495046,1045.0,778.0,0.84807754,439.0,779.0,0.79266536,9,warrior2
warrior2/176.jpg,382.0,212.0,0.7498212,388.0,204.0,0.8950069,390.0,205.0,0.6911982,406.0,210.0,0.829976,409.0,210.0,0.76419437,372.0,251.0,0.9120229,445.0,256.0,0.8960891,307.0,247.0,0.82219446,514.0,253.0,0.70726585,249.0,240.0,0.7065579,575.0,249.0,0.80054533,388.0,369.0,0.86563337,435.0,368.0,0.92552257,294.0,401.0,0.9471994,509.0,443.0,0.8357744,299.0,499.0,0.9023959,574.0,505.0,0.8383113,9,warrior2
warrior2/177.jpg,540.0,173.0,0.881477,552.0,162.0,0.78783715,550.0,160.0,0.807489,591.0,173.0,0.8215866,584.0,172.0,0.86793774,647.0,232.0,0.7997204,524.0,238.0,0.87823266,759.0,238.0,0.7892274,424.0,225.0,0.89165324,846.0,251.0,0.6689236,332.0,209.0,0.9282715,628.0,425.0,0.9525596,551.0,429.0,0.9526867,730.0,552.0,0.9493274,400.0,491.0,0.9142881,833.0,660.0,0.5539369,361.0,663.0,0.89703155,9,warrior2
warrior2/178.jpg,157.0,41.0,0.7046641,160.0,34.0,0.7443919,162.0,34.0,0.6081519,174.0,39.0,0.6662046,177.0,38.0,0.726431,153.0,69.0,0.8815122,208.0,73.0,0.92452085,103.0,74.0,0.9099785,251.0,86.0,0.8980384,59.0,69.0,0.9415889,288.0,83.0,0.69724476,161.0,156.0,0.80767316,192.0,153.0,0.8150014,92.0,191.0,0.9313663,231.0,204.0,0.8577564,85.0,263.0,0.67499906,272.0,254.0,0.64123744,9,warrior2
warrior2/180.jpg,282.0,132.0,0.5258384,286.0,129.0,0.60063094,276.0,129.0,0.8129637,289.0,134.0,0.8882657,267.0,137.0,0.9039172,298.0,162.0,0.9047728,255.0,154.0,0.95447403,329.0,159.0,0.7814683,219.0,157.0,0.8720822,358.0,157.0,0.7549511,185.0,157.0,0.91794336,281.0,226.0,0.9024159,252.0,221.0,0.7794482,314.0,255.0,0.96474534,230.0,269.0,0.7206193,310.0,303.0,0.8927474,205.0,317.0,0.86666137,9,warrior2
warrior2/184.jpg,445.0,144.0,0.5244266,446.0,135.0,0.64896643,437.0,134.0,0.52297044,436.0,135.0,0.32559085,411.0,133.0,0.5945513,445.0,181.0,0.6711087,342.0,180.0,0.4014131,518.0,190.0,0.5775675,236.0,202.0,0.6746856,573.0,185.0,0.44770375,169.0,204.0,0.4260758,401.0,316.0,0.60446465,343.0,312.0,0.76527375,522.0,329.0,0.7490603,266.0,392.0,0.8330566,500.0,424.0,0.5429175,176.0,449.0,0.8591316,9,warrior2
warrior2/185.jpg,572.0,381.0,0.6693592,587.0,368.0,0.5677849,575.0,365.0,0.46919894,645.0,380.0,0.6863662,625.0,377.0,0.1604311,668.0,476.0,0.57632387,614.0,461.0,0.45533976,635.0,589.0,0.107624955,420.0,510.0,0.5806917,566.0,538.0,0.17989175,276.0,504.0,0.16095634,625.0,727.0,0.31057334,578.0,681.0,0.27418283,373.0,780.0,0.28170502,393.0,661.0,0.10331822,372.0,1066.0,0.5374546,374.0,1063.0,0.38473287,9,warrior2
warrior2/186.jpg,771.0,172.0,0.8483763,784.0,164.0,0.86270875,775.0,162.0,0.8728517,816.0,173.0,0.7296466,797.0,169.0,0.836497,864.0,244.0,0.94763947,748.0,241.0,0.92290914,955.0,247.0,0.9316361,654.0,246.0,0.8726877,1042.0,243.0,0.8887845,568.0,236.0,0.8626792,837.0,404.0,0.9582674,764.0,400.0,0.8935724,913.0,510.0,0.97061765,647.0,464.0,0.87547445,1012.0,597.0,0.87500006,629.0,600.0,0.9250963,9,warrior2
warrior2/187.jpg,356.0,279.0,0.2816998,350.0,273.0,0.46238026,364.0,274.0,0.4312243,353.0,279.0,0.4188266,380.0,282.0,0.71993107,337.0,317.0,0.77351665,390.0,317.0,0.86890894,303.0,307.0,0.7720257,441.0,319.0,0.87799764,274.0,307.0,0.4470356,491.0,324.0,0.74749744,352.0,425.0,0.79222465,389.0,422.0,0.8151526,298.0,437.0,0.8350038,431.0,471.0,0.8952079,306.0,512.0,0.73373014,490.0,521.0,0.8223906,9,warrior2
warrior2/188.jpg,320.0,166.0,0.8079189,332.0,156.0,0.925052,325.0,155.0,0.92693645,367.0,163.0,0.77706337,352.0,161.0,0.71241546,410.0,220.0,0.9343904,304.0,224.0,0.921863,498.0,219.0,0.9509517,219.0,220.0,0.91112727,586.0,218.0,0.8178125,140.0,205.0,0.9309529,384.0,387.0,0.81996536,315.0,388.0,0.9172342,474.0,479.0,0.9645656,197.0,428.0,0.90729874,574.0,562.0,0.92516387,182.0,554.0,0.70202994,9,warrior2
warrior2/189.jpg,583.0,162.0,0.7119194,591.0,158.0,0.8816749,572.0,159.0,0.8646692,601.0,175.0,0.8951272,557.0,180.0,0.7612841,630.0,218.0,0.9325184,532.0,237.0,0.88167363,695.0,196.0,0.81089383,477.0,273.0,0.6813189,754.0,173.0,0.69311684,425.0,295.0,0.8719425,617.0,371.0,0.9025117,542.0,376.0,0.7077397,683.0,451.0,0.89014304,522.0,494.0,0.7403048,688.0,547.0,0.3480434,511.0,552.0,0.1237221,9,warrior2
warrior2/19.jpg,584.0,189.0,0.8260333,595.0,173.0,0.6282209,594.0,174.0,0.7566687,632.0,176.0,0.8170289,638.0,178.0,0.59300536,576.0,247.0,0.7156279,718.0,238.0,0.8513406,433.0,243.0,0.7566891,842.0,245.0,0.8715583,304.0,233.0,0.75386906,968.0,243.0,0.85567,653.0,478.0,0.6944821,738.0,462.0,0.86856115,477.0,574.0,0.95181495,864.0,600.0,0.81245077,441.0,760.0,0.68666166,971.0,723.0,0.48799622,9,warrior2
warrior2/190.jpg,253.0,114.0,0.72929764,256.0,110.0,0.72273916,251.0,110.0,0.66844654,261.0,111.0,0.85498834,248.0,112.0,0.88398725,264.0,121.0,0.86856353,248.0,127.0,0.8005007,276.0,120.0,0.41758308,241.0,136.0,0.55430734,286.0,120.0,0.7877636,237.0,141.0,0.6509235,268.0,164.0,0.7942427,256.0,166.0,0.8141893,272.0,194.0,0.7243176,249.0,197.0,0.48352915,277.0,222.0,0.7820677,245.0,221.0,0.7480415,9,warrior2
warrior2/191.jpg,189.0,191.0,0.7121475,185.0,186.0,0.7705818,184.0,186.0,0.6751692,172.0,188.0,0.85137665,172.0,189.0,0.9245057,194.0,217.0,0.92070717,148.0,214.0,0.9175713,236.0,208.0,0.88062084,104.0,207.0,0.9020383,274.0,203.0,0.88343054,67.0,203.0,0.9413706,183.0,289.0,0.84243727,153.0,283.0,0.84042716,222.0,341.0,0.8119292,111.0,341.0,0.72757506,189.0,397.0,0.90156054,67.0,396.0,0.90056,9,warrior2
warrior2/192.jpg,750.0,268.0,0.4100282,751.0,254.0,0.5123545,744.0,257.0,0.556151,744.0,260.0,0.5685072,714.0,265.0,0.5887524,767.0,303.0,0.5014403,683.0,311.0,0.86719275,806.0,301.0,0.41119257,610.0,312.0,0.7811956,882.0,282.0,0.69783604,540.0,313.0,0.9130833,748.0,442.0,0.87082934,691.0,438.0,0.81753373,838.0,470.0,0.8372818,605.0,508.0,0.648287,839.0,576.0,0.84173834,513.0,574.0,0.7844219,9,warrior2
warrior2/193.jpg,283.0,131.0,0.6491811,288.0,126.0,0.8401641,281.0,127.0,0.8076508,304.0,130.0,0.90089244,288.0,129.0,0.72792935,324.0,154.0,0.8962228,271.0,154.0,0.8909074,352.0,152.0,0.86810434,238.0,154.0,0.93568784,383.0,148.0,0.8997465,204.0,147.0,0.805246,313.0,228.0,0.93145114,279.0,226.0,0.89377934,343.0,270.0,0.9715116,237.0,250.0,0.8272573,377.0,303.0,0.92638063,236.0,305.0,0.8891337,9,warrior2
warrior2/194.jpg,440.0,166.0,0.8090952,428.0,151.0,0.7870302,426.0,152.0,0.69066304,399.0,161.0,0.63300514,388.0,163.0,0.69685507,467.0,235.0,0.8418613,338.0,254.0,0.8997992,584.0,223.0,0.91603506,225.0,258.0,0.70031524,698.0,224.0,0.8123585,110.0,251.0,0.7051461,440.0,457.0,0.8853789,357.0,449.0,0.8740206,597.0,486.0,0.8951128,209.0,578.0,0.8327816,606.0,665.0,0.7866771,65.0,661.0,0.7355216,9,warrior2
warrior2/195.jpg,282.0,98.0,0.80256075,290.0,89.0,0.89532477,285.0,89.0,0.90958273,318.0,94.0,0.8516085,307.0,93.0,0.8743528,353.0,139.0,0.9444026,271.0,140.0,0.93814874,430.0,133.0,0.9240987,203.0,151.0,0.9444788,498.0,128.0,0.8839799,139.0,148.0,0.79569924,350.0,260.0,0.87037814,297.0,264.0,0.9544926,430.0,324.0,0.9423104,196.0,274.0,0.8388843,523.0,379.0,0.8813102,190.0,380.0,0.88213015,9,warrior2
warrior2/196.jpg,214.0,165.0,0.68938047,223.0,156.0,0.717455,223.0,155.0,0.71354115,254.0,164.0,0.7965764,251.0,163.0,0.88242066,301.0,210.0,0.8999678,213.0,212.0,0.8808772,380.0,221.0,0.69437253,156.0,205.0,0.62729406,461.0,234.0,0.742965,94.0,202.0,0.8757008,295.0,358.0,0.96267354,235.0,359.0,0.93967503,397.0,436.0,0.8131937,145.0,407.0,0.8511187,480.0,502.0,0.7594389,132.0,514.0,0.9175448,9,warrior2
warrior2/199.jpg,206.0,249.0,0.78054655,209.0,237.0,0.58750504,213.0,236.0,0.6723149,225.0,241.0,0.88115,236.0,240.0,0.7897148,267.0,292.0,0.82703274,206.0,291.0,0.9088804,325.0,295.0,0.8495748,165.0,296.0,0.7092705,382.0,286.0,0.8214978,138.0,293.0,0.63457197,236.0,433.0,0.7309415,201.0,427.0,0.784696,294.0,531.0,0.9359894,137.0,457.0,0.7596033,362.0,624.0,0.84892905,117.0,541.0,0.91269535,9,warrior2
warrior2/2.jpg,529.0,194.0,0.8521247,541.0,184.0,0.91690785,536.0,183.0,0.88099813,576.0,195.0,0.7603018,564.0,192.0,0.90273374,625.0,260.0,0.9469763,517.0,257.0,0.9509282,707.0,256.0,0.7159981,433.0,253.0,0.9441714,782.0,245.0,0.8540671,359.0,233.0,0.70142937,607.0,421.0,0.84151804,546.0,419.0,0.8843224,695.0,518.0,0.9795672,417.0,467.0,0.8912538,805.0,588.0,0.88448673,407.0,586.0,0.8379621,9,warrior2
warrior2/20.jpg,555.0,413.0,0.84242225,543.0,403.0,0.88240623,541.0,401.0,0.5222478,511.0,408.0,0.86587816,508.0,410.0,0.93026567,573.0,476.0,0.91283715,451.0,478.0,0.7993626,658.0,477.0,0.6902005,360.0,473.0,0.9585842,737.0,483.0,0.8166335,274.0,475.0,0.881078,555.0,650.0,0.89940566,488.0,648.0,0.8974256,684.0,658.0,0.7546949,376.0,731.0,0.8610452,702.0,797.0,0.7868813,258.0,805.0,0.9507284,9,warrior2
warrior2/201.jpg,180.0,114.0,0.73508227,186.0,109.0,0.7438176,182.0,109.0,0.7812894,201.0,110.0,0.7582124,195.0,110.0,0.68162817,233.0,134.0,0.9353781,175.0,134.0,0.90446496,287.0,131.0,0.80967003,128.0,129.0,0.9242465,336.0,131.0,0.8602469,78.0,119.0,0.8313595,226.0,212.0,0.82545686,188.0,211.0,0.8973993,275.0,254.0,0.7470664,116.0,227.0,0.8323996,326.0,290.0,0.88778967,104.0,287.0,0.9130752,9,warrior2
warrior2/202.jpg,296.0,120.0,0.69335914,283.0,107.0,0.75618696,309.0,107.0,0.75067544,267.0,125.0,0.8078029,321.0,128.0,0.7833661,235.0,195.0,0.9001693,347.0,183.0,0.8205148,186.0,284.0,0.95236146,450.0,178.0,0.9406319,147.0,348.0,0.8611214,542.0,183.0,0.82381105,267.0,365.0,0.8947481,346.0,361.0,0.85395557,133.0,367.0,0.62834936,453.0,430.0,0.8329045,123.0,508.0,0.7298372,591.0,487.0,0.91303277,9,warrior2
warrior2/20210225_112810.jpg,986.0,1211.0,0.70194745,931.0,1155.0,0.67677414,938.0,1249.0,0.7480265,962.0,1030.0,0.53108394,986.0,1259.0,0.47925448,1199.0,843.0,0.7331259,1226.0,1336.0,0.7104937,1270.0,581.0,0.6749258,1180.0,1590.0,0.7906128,1285.0,261.0,0.6423544,1044.0,1883.0,0.7199968,1794.0,945.0,0.7125363,1809.0,1240.0,0.7320259,2236.0,794.0,0.67425495,2117.0,1460.0,0.43499136,2574.0,1386.0,0.3143998,2561.0,1383.0,0.44217902,9,warrior2
warrior2/20210225_112815.jpg,1006.0,1184.0,0.78807056,949.0,1124.0,0.6837522,946.0,1211.0,0.6680001,980.0,1003.0,0.58213425,972.0,1209.0,0.7321091,1220.0,809.0,0.8853839,1205.0,1308.0,0.86740375,1305.0,537.0,0.73693323,1174.0,1577.0,0.63357335,1339.0,213.0,0.8271024,1038.0,1858.0,0.73028374,1828.0,930.0,0.8120998,1854.0,1233.0,0.8125272,2257.0,709.0,0.84024096,2157.0,1446.0,0.77809364,2561.0,447.0,0.7524602,2551.0,1310.0,0.66359377,9,warrior2
warrior2/20210225_112949.jpg,603.0,900.0,0.6805328,571.0,885.0,0.8276942,545.0,935.0,0.70337933,634.0,961.0,0.80397314,586.0,1079.0,0.70190144,848.0,1116.0,0.5679648,829.0,1227.0,0.5996461,939.0,1635.0,0.5033573,923.0,1651.0,0.54538274,739.0,198.0,0.6668726,923.0,1982.0,0.61130583,1657.0,1278.0,0.78780675,1703.0,1225.0,0.5777787,1898.0,1527.0,0.43760413,1800.0,737.0,0.7583176,2223.0,1856.0,0.38178638,2192.0,854.0,0.79281497,9,warrior2
warrior2/20210225_115905.jpg,1312.0,871.0,0.5151856,1286.0,855.0,0.76140094,1248.0,911.0,0.6365774,1302.0,924.0,0.41906473,1247.0,1048.0,0.6965311,1461.0,842.0,0.66880405,1464.0,1217.0,0.642784,1413.0,570.0,0.3187469,1577.0,1577.0,0.7145356,1388.0,333.0,0.83428985,1617.0,1948.0,0.64764225,2086.0,991.0,0.4569799,2106.0,1266.0,0.5698736,2349.0,709.0,0.86502063,2483.0,1478.0,0.70940256,2829.0,728.0,0.8069595,2751.0,1829.0,0.4428981,9,warrior2
warrior2/20210225_115941.jpg,1150.0,1074.0,0.54554003,1124.0,1052.0,0.5179149,1132.0,1031.0,0.43156302,1195.0,1045.0,0.5920063,1217.0,992.0,0.4334319,1360.0,1247.0,0.8273827,1445.0,832.0,0.55874693,1442.0,1601.0,0.6597017,1441.0,503.0,0.651144,1506.0,1891.0,0.75642383,1424.0,137.0,0.72306013,2032.0,1192.0,0.6538879,2036.0,1131.0,0.49744713,2346.0,774.0,0.59162253,2342.0,771.0,0.381923,2844.0,709.0,0.45156676,2692.0,1824.0,0.6568749,9,warrior2
warrior2/20210225_115951.jpg,1322.0,1008.0,0.63691175,1298.0,988.0,0.68690467,1276.0,1036.0,0.59648603,1325.0,1043.0,0.7006813,1292.0,1150.0,0.7660055,1447.0,1081.0,0.44484994,1441.0,1239.0,0.6951896,1500.0,686.0,0.32114953,1613.0,1625.0,0.88069165,1531.0,410.0,0.49687582,1732.0,1973.0,0.41443008,2027.0,1250.0,0.73725796,2063.0,1294.0,0.7793783,2389.0,1409.0,0.34756672,2417.0,1462.0,0.38726732,2818.0,779.0,0.24128063,2671.0,1875.0,0.8163803,9,warrior2
warrior2/20210225_120156.jpg,1402.0,912.0,0.43870607,1357.0,893.0,0.63251996,1340.0,980.0,0.4406304,1348.0,942.0,0.50415057,1319.0,1097.0,0.64687586,1513.0,846.0,0.8303074,1515.0,1317.0,0.6241294,1506.0,512.0,0.75528485,1597.0,1679.0,0.5538087,1466.0,286.0,0.42027742,1632.0,2008.0,0.55345464,2144.0,959.0,0.6047768,2172.0,1254.0,0.74387515,2390.0,693.0,0.8634028,2527.0,1487.0,0.61264604,2884.0,728.0,0.717003,2794.0,1856.0,0.74555063,9,warrior2
warrior2/20210225_120227.jpg,1342.0,965.0,0.75288296,1304.0,960.0,0.7726227,1315.0,940.0,0.70526105,1318.0,1088.0,0.8333868,1333.0,1030.0,0.59338343,1434.0,1454.0,0.9072768,1571.0,941.0,0.78249866,1577.0,1762.0,0.70424944,1475.0,534.0,0.5438045,1712.0,2058.0,0.653417,1411.0,228.0,0.68298733,2211.0,1371.0,0.7928027,2225.0,1245.0,0.7910453,2570.0,1538.0,0.3370546,2473.0,724.0,0.8233073,2860.0,1985.0,0.32976666,3078.0,586.0,0.5777746,9,warrior2
warrior2/20210225_130847.jpg,1273.0,1354.0,0.62077636,1272.0,1324.0,0.7058332,1244.0,1329.0,0.5628109,1239.0,1336.0,0.13414644,1159.0,1351.0,0.6906911,1320.0,1467.0,0.6789541,1047.0,1491.0,0.6622473,1493.0,1444.0,0.5194162,846.0,1501.0,0.6979883,1696.0,1446.0,0.44029748,617.0,1497.0,0.24888296,1260.0,1857.0,0.51809573,1075.0,1875.0,0.72266865,1428.0,1988.0,0.7611806,948.0,2065.0,0.58597845,1389.0,2250.0,0.82228255,789.0,2214.0,0.80761945,9,warrior2
warrior2/20210225_130854.jpg,1757.0,1456.0,0.66175866,1748.0,1400.0,0.6740437,1700.0,1401.0,0.6520133,1647.0,1424.0,0.20253944,1520.0,1444.0,0.8039893,1827.0,1670.0,0.64623064,1300.0,1751.0,0.6515464,2190.0,1596.0,0.6040119,856.0,1743.0,0.54388916,2624.0,1570.0,0.34750924,384.0,1818.0,0.48960754,1710.0,2479.0,0.7851059,1345.0,2512.0,0.8381477,2091.0,2739.0,0.87568647,1081.0,2927.0,0.69919634,2017.0,3270.0,0.7958889,770.0,3239.0,0.883445,9,warrior2
warrior2/20210225_130902.jpg,1186.0,1400.0,0.4552551,1237.0,1353.0,0.44708872,1189.0,1346.0,0.35201243,1419.0,1379.0,0.7350588,1299.0,1362.0,0.12766835,1661.0,1657.0,0.5894902,1129.0,1615.0,0.6620444,2137.0,1624.0,0.6215519,773.0,1542.0,0.678259,2619.0,1703.0,0.51868296,367.0,1562.0,0.32056648,1573.0,2390.0,0.7939267,1227.0,2379.0,0.6813971,1833.0,2825.0,0.566836,854.0,2702.0,0.57527155,2158.0,3195.0,0.8134725,905.0,3199.0,0.70082253,9,warrior2
warrior2/20210225_130925.jpg,1100.0,1292.0,0.64515907,1136.0,1276.0,0.75576746,1083.0,1268.0,0.64113176,1201.0,1317.0,0.6953306,1071.0,1287.0,0.38445193,1261.0,1457.0,0.763059,977.0,1436.0,0.71626246,1476.0,1475.0,0.6172584,771.0,1411.0,0.63228416,1697.0,1533.0,0.59216094,555.0,1415.0,0.63939035,1214.0,1826.0,0.8678267,1027.0,1823.0,0.7257103,1312.0,2046.0,0.7413518,872.0,1998.0,0.77816904,1435.0,2232.0,0.77387214,819.0,2230.0,0.7704918,9,warrior2
warrior2/20210225_130929.jpg,1304.0,1359.0,0.5950016,1378.0,1325.0,0.7499641,1277.0,1305.0,0.45297408,1526.0,1400.0,0.52609986,1261.0,1330.0,0.21997647,1649.0,1645.0,0.588882,1087.0,1609.0,0.66700387,2100.0,1649.0,0.584883,682.0,1543.0,0.5388478,2591.0,1710.0,0.39809054,237.0,1535.0,0.44656336,1606.0,2413.0,0.66328955,1225.0,2412.0,0.49276838,1882.0,2855.0,0.66741323,850.0,2723.0,0.76821184,2150.0,3223.0,0.79188776,869.0,3225.0,0.5958377,9,warrior2
warrior2/20210225_131127.jpg,1199.0,1443.0,0.585502,1251.0,1409.0,0.41704723,1200.0,1397.0,0.37829858,1422.0,1456.0,0.6909435,1271.0,1430.0,0.14724919,1597.0,1718.0,0.50018656,1117.0,1673.0,0.49005952,1976.0,1748.0,0.7377305,813.0,1656.0,0.5853497,2346.0,1818.0,0.41354573,422.0,1628.0,0.2563253,1541.0,2427.0,0.696937,1197.0,2437.0,0.7130743,1754.0,2824.0,0.71421254,862.0,2775.0,0.7087714,2003.0,3173.0,0.7073698,881.0,3268.0,0.79831123,9,warrior2
warrior2/20210225_131135.jpg,1568.0,1338.0,0.7623559,1620.0,1293.0,0.7295743,1515.0,1288.0,0.5171889,1686.0,1343.0,0.709355,1435.0,1342.0,0.6293504,1780.0,1645.0,0.76813924,1324.0,1620.0,0.7829395,2120.0,1787.0,0.6082573,995.0,1786.0,0.5606024,2528.0,1878.0,0.54232085,639.0,1961.0,0.5352272,1668.0,2324.0,0.7890996,1338.0,2317.0,0.5320486,1947.0,2694.0,0.6843398,1165.0,2734.0,0.69151974,2002.0,3164.0,0.67786324,933.0,3101.0,0.6480986,9,warrior2
warrior2/204.jpg,317.0,81.0,0.76002824,327.0,71.0,0.54137313,323.0,69.0,0.76094496,359.0,77.0,0.7781327,353.0,75.0,0.80372447,414.0,127.0,0.7581173,305.0,127.0,0.93135875,498.0,125.0,0.8974707,222.0,122.0,0.8399486,584.0,122.0,0.86399484,142.0,118.0,0.7057401,400.0,282.0,0.88325596,333.0,280.0,0.9506462,481.0,382.0,0.9017461,227.0,312.0,0.81435776,600.0,442.0,0.9120075,250.0,433.0,0.8205307,9,warrior2
warrior2/205.jpg,572.0,228.0,0.58652425,579.0,222.0,0.76504135,576.0,221.0,0.8810535,601.0,227.0,0.866797,595.0,226.0,0.80190206,633.0,258.0,0.82438403,563.0,257.0,0.89456195,689.0,264.0,0.7188115,515.0,256.0,0.9556606,739.0,264.0,0.9240668,465.0,250.0,0.86283535,616.0,361.0,0.8837326,576.0,360.0,0.94554985,676.0,412.0,0.9552062,501.0,372.0,0.78248894,747.0,455.0,0.8470015,499.0,455.0,0.912984,9,warrior2
warrior2/207.jpg,214.0,165.0,0.68938047,223.0,156.0,0.717455,223.0,155.0,0.71354115,254.0,164.0,0.7965764,251.0,163.0,0.88242066,301.0,210.0,0.8999678,213.0,212.0,0.8808772,380.0,221.0,0.69437253,156.0,205.0,0.62729406,461.0,234.0,0.742965,94.0,202.0,0.8757008,295.0,358.0,0.96267354,235.0,359.0,0.93967503,397.0,436.0,0.8131937,145.0,407.0,0.8511187,480.0,502.0,0.7594389,132.0,514.0,0.9175448,9,warrior2
warrior2/208.jpg,282.0,98.0,0.80256075,290.0,89.0,0.89532477,285.0,89.0,0.90958273,318.0,94.0,0.8516085,307.0,93.0,0.8743528,353.0,139.0,0.9444026,271.0,140.0,0.93814874,430.0,133.0,0.9240987,203.0,151.0,0.9444788,498.0,128.0,0.8839799,139.0,148.0,0.79569924,350.0,260.0,0.87037814,297.0,264.0,0.9544926,430.0,324.0,0.9423104,196.0,274.0,0.8388843,523.0,379.0,0.8813102,190.0,380.0,0.88213015,9,warrior2
warrior2/209.jpg,322.0,297.0,0.8880817,336.0,284.0,0.769659,327.0,283.0,0.77140737,377.0,292.0,0.951259,358.0,289.0,0.8367697,437.0,364.0,0.95738107,301.0,360.0,0.9527641,541.0,359.0,0.87259054,195.0,356.0,0.8420261,635.0,347.0,0.68453884,98.0,346.0,0.7045684,424.0,548.0,0.7972872,343.0,552.0,0.8738894,538.0,663.0,0.8580999,209.0,610.0,0.67225385,635.0,760.0,0.6371721,215.0,765.0,0.9488654,9,warrior2
warrior2/21.jpg,684.0,88.0,0.79488987,699.0,69.0,0.83672166,690.0,69.0,0.8728638,751.0,78.0,0.94677955,732.0,75.0,0.744263,817.0,162.0,0.93579674,668.0,162.0,0.9123324,951.0,157.0,0.95887357,537.0,140.0,0.773334,1094.0,148.0,0.84978926,422.0,108.0,0.79954374,787.0,394.0,0.85506856,704.0,401.0,0.95064735,944.0,544.0,0.9513748,512.0,460.0,0.8949655,1103.0,658.0,0.91440225,461.0,663.0,0.92695224,9,warrior2
warrior2/210.jpg,223.0,220.0,0.39884567,228.0,212.0,0.49798974,234.0,212.0,0.29663816,244.0,221.0,0.38395506,271.0,222.0,0.38704622,208.0,271.0,0.6443267,308.0,259.0,0.48736438,126.0,277.0,0.32500175,355.0,263.0,0.4019611,66.0,274.0,0.4283023,389.0,260.0,0.66368866,239.0,407.0,0.43844146,296.0,402.0,0.6624194,163.0,458.0,0.8644399,327.0,455.0,0.7210218,182.0,575.0,0.84176254,393.0,516.0,0.6001115,9,warrior2
warrior2/211.jpg,570.0,59.0,0.80548835,566.0,48.0,0.7690189,558.0,47.0,0.821181,542.0,51.0,0.7557955,522.0,53.0,0.9039104,591.0,110.0,0.91347927,475.0,115.0,0.9280947,684.0,103.0,0.95111406,379.0,127.0,0.86705077,764.0,91.0,0.9526527,301.0,124.0,0.9164364,571.0,282.0,0.8859684,495.0,281.0,0.9387459,698.0,316.0,0.94230264,402.0,371.0,0.91616076,731.0,446.0,0.95560527,292.0,445.0,0.9485643,9,warrior2
warrior2/212.jpg,648.0,164.0,0.85453117,661.0,152.0,0.9163433,637.0,149.0,0.8934455,682.0,159.0,0.76077926,626.0,159.0,0.84749746,717.0,221.0,0.8981879,587.0,229.0,0.94345456,827.0,217.0,0.9300967,478.0,225.0,0.8233591,926.0,207.0,0.80355126,388.0,217.0,0.7095316,700.0,423.0,0.8607428,615.0,426.0,0.93988687,814.0,556.0,0.9314389,458.0,497.0,0.9262682,932.0,671.0,0.9074103,443.0,662.0,0.9302248,9,warrior2
warrior2/213.jpg,353.0,51.0,0.89175534,365.0,44.0,0.8442297,357.0,43.0,0.84218943,390.0,55.0,0.8425185,372.0,50.0,0.779257,423.0,92.0,0.9030037,331.0,94.0,0.9299545,490.0,92.0,0.73740983,268.0,86.0,0.8146549,537.0,94.0,0.7478738,212.0,76.0,0.80740976,407.0,225.0,0.8545288,352.0,225.0,0.9389355,465.0,294.0,0.97380126,258.0,263.0,0.8902645,532.0,358.0,0.8343744,269.0,367.0,0.8918461,9,warrior2
warrior2/214.jpg,712.0,94.0,0.89311373,698.0,77.0,0.7999462,692.0,75.0,0.8803388,653.0,83.0,0.8576021,645.0,82.0,0.7535582,731.0,191.0,0.92388815,553.0,185.0,0.90124863,878.0,178.0,0.80915797,419.0,212.0,0.78907317,1010.0,167.0,0.89832616,273.0,211.0,0.785305,705.0,450.0,0.9298565,598.0,451.0,0.9122484,910.0,542.0,0.86195636,443.0,628.0,0.8329728,820.0,757.0,0.61835563,264.0,758.0,0.8179794,9,warrior2
warrior2/215.jpg,169.0,174.0,0.8139155,173.0,167.0,0.7531917,172.0,167.0,0.7971596,191.0,166.0,0.82812613,189.0,167.0,0.848038,221.0,195.0,0.7774721,165.0,207.0,0.9478215,273.0,194.0,0.96178746,124.0,211.0,0.97612625,323.0,194.0,0.91159284,83.0,213.0,0.79026157,213.0,281.0,0.8251588,177.0,286.0,0.9063718,274.0,332.0,0.8710866,108.0,308.0,0.77747047,346.0,379.0,0.65037775,114.0,387.0,0.8583994,9,warrior2
warrior2/216.jpg,340.0,50.0,0.8628578,349.0,41.0,0.94175106,348.0,41.0,0.9258321,379.0,50.0,0.83308613,373.0,49.0,0.7410129,415.0,96.0,0.7654156,334.0,101.0,0.92001754,494.0,102.0,0.9282188,262.0,94.0,0.8920463,561.0,114.0,0.73548007,199.0,91.0,0.75413275,412.0,234.0,0.930182,363.0,236.0,0.9516339,498.0,306.0,0.9352833,274.0,246.0,0.9146891,597.0,350.0,0.81371915,277.0,350.0,0.89542896,9,warrior2
warrior2/217.jpg,192.0,73.0,0.76879317,199.0,67.0,0.93300307,193.0,67.0,0.8671326,220.0,72.0,0.8983725,208.0,71.0,0.8619958,248.0,104.0,0.9433938,184.0,108.0,0.9106663,300.0,107.0,0.96550804,135.0,105.0,0.9260009,341.0,103.0,0.74781346,91.0,97.0,0.85769796,243.0,195.0,0.7688541,206.0,196.0,0.90583026,301.0,246.0,0.9416961,137.0,206.0,0.9065932,368.0,284.0,0.9089145,128.0,278.0,0.743755,9,warrior2
warrior2/219.jpg,540.0,59.0,0.87081313,561.0,47.0,0.7286316,544.0,47.0,0.81690323,608.0,65.0,0.9446664,566.0,58.0,0.62283725,654.0,171.0,0.9328662,490.0,154.0,0.897707,781.0,176.0,0.9087766,381.0,155.0,0.93595505,886.0,165.0,0.9028061,262.0,147.0,0.8965639,612.0,376.0,0.8781696,512.0,380.0,0.9505661,706.0,520.0,0.95427036,364.0,474.0,0.9426319,818.0,645.0,0.7881065,326.0,643.0,0.84483564,9,warrior2
warrior2/22.jpg,213.0,55.0,0.6542571,211.0,47.0,0.7296728,210.0,48.0,0.8447498,206.0,52.0,0.6787363,205.0,53.0,0.6259866,230.0,91.0,0.88061136,173.0,88.0,0.82273555,276.0,91.0,0.56049776,131.0,92.0,0.7869214,318.0,88.0,0.1057239,82.0,89.0,0.7987479,208.0,179.0,0.72486377,182.0,177.0,0.75702745,287.0,188.0,0.2587469,290.0,187.0,0.8367555,281.0,266.0,0.29985043,282.0,266.0,0.7624882,9,warrior2
warrior2/220.jpg,503.0,389.0,0.7086688,521.0,368.0,0.78655565,522.0,366.0,0.7185036,589.0,377.0,0.94813395,577.0,377.0,0.8848106,703.0,477.0,0.92654085,482.0,483.0,0.8401342,859.0,517.0,0.71170115,345.0,503.0,0.7595086,1027.0,541.0,0.79498136,176.0,490.0,0.8182105,660.0,822.0,0.8712636,535.0,817.0,0.93848455,819.0,1019.0,0.98045677,310.0,941.0,0.86783373,992.0,1172.0,0.95579433,314.0,1184.0,0.96289194,9,warrior2
warrior2/221.jpg,211.0,54.0,0.8442654,213.0,46.0,0.9000127,218.0,47.0,0.9111786,221.0,48.0,0.6644027,232.0,48.0,0.7406692,195.0,88.0,0.8863457,268.0,86.0,0.91675377,139.0,87.0,0.90698767,321.0,83.0,0.94521606,95.0,83.0,0.7957411,368.0,73.0,0.93582994,216.0,192.0,0.6884813,262.0,189.0,0.8280936,135.0,214.0,0.9339179,323.0,252.0,0.869714,134.0,299.0,0.93002725,390.0,303.0,0.9155754,9,warrior2
warrior2/222.jpg,259.0,147.0,0.8200671,265.0,142.0,0.89059985,253.0,143.0,0.88775784,277.0,148.0,0.8683491,250.0,151.0,0.6685351,291.0,181.0,0.85539603,240.0,178.0,0.8653803,314.0,204.0,0.5147625,211.0,177.0,0.67263293,330.0,207.0,0.78538597,171.0,163.0,0.72481465,298.0,283.0,0.9111994,255.0,285.0,0.86305916,305.0,343.0,0.62305677,210.0,343.0,0.750996,298.0,331.0,0.49400422,264.0,327.0,0.30320132,9,warrior2
warrior2/224.jpg,540.0,59.0,0.87081313,561.0,47.0,0.7286316,544.0,47.0,0.81690323,608.0,65.0,0.9446664,566.0,58.0,0.62283725,654.0,171.0,0.9328662,490.0,154.0,0.897707,781.0,176.0,0.9087766,381.0,155.0,0.93595505,886.0,165.0,0.9028061,262.0,147.0,0.8965639,612.0,376.0,0.8781696,512.0,380.0,0.9505661,706.0,520.0,0.95427036,364.0,474.0,0.9426319,818.0,645.0,0.7881065,326.0,643.0,0.84483564,9,warrior2
warrior2/225.jpg,503.0,389.0,0.7086688,521.0,368.0,0.78655565,522.0,366.0,0.7185036,589.0,377.0,0.94813395,577.0,377.0,0.8848106,703.0,477.0,0.92654085,482.0,483.0,0.8401342,859.0,517.0,0.71170115,345.0,503.0,0.7595086,1027.0,541.0,0.79498136,176.0,490.0,0.8182105,660.0,822.0,0.8712636,535.0,817.0,0.93848455,819.0,1019.0,0.98045677,310.0,941.0,0.86783373,992.0,1172.0,0.95579433,314.0,1184.0,0.96289194,9,warrior2
warrior2/227.jpg,211.0,54.0,0.8442654,213.0,46.0,0.9000127,218.0,47.0,0.9111786,221.0,48.0,0.6644027,232.0,48.0,0.7406692,195.0,88.0,0.8863457,268.0,86.0,0.91675377,139.0,87.0,0.90698767,321.0,83.0,0.94521606,95.0,83.0,0.7957411,368.0,73.0,0.93582994,216.0,192.0,0.6884813,262.0,189.0,0.8280936,135.0,214.0,0.9339179,323.0,252.0,0.869714,134.0,299.0,0.93002725,390.0,303.0,0.9155754,9,warrior2
warrior2/228.jpg,259.0,147.0,0.8200671,265.0,142.0,0.89059985,253.0,143.0,0.88775784,277.0,148.0,0.8683491,250.0,151.0,0.6685351,291.0,181.0,0.85539603,240.0,178.0,0.8653803,314.0,204.0,0.5147625,211.0,177.0,0.67263293,330.0,207.0,0.78538597,171.0,163.0,0.72481465,298.0,283.0,0.9111994,255.0,285.0,0.86305916,305.0,343.0,0.62305677,210.0,343.0,0.750996,298.0,331.0,0.49400422,264.0,327.0,0.30320132,9,warrior2
warrior2/229.jpg,293.0,192.0,0.7809547,304.0,185.0,0.9295649,291.0,185.0,0.8059525,330.0,193.0,0.93057233,301.0,189.0,0.7034458,357.0,238.0,0.9209066,267.0,233.0,0.9074397,420.0,263.0,0.9115875,194.0,235.0,0.8242835,482.0,272.0,0.81451136,127.0,234.0,0.92607576,338.0,372.0,0.9245845,279.0,371.0,0.9153731,394.0,459.0,0.97909915,185.0,434.0,0.82944083,453.0,541.0,0.9115331,186.0,545.0,0.9159826,9,warrior2
warrior2/23.jpg,195.0,56.0,0.7774669,189.0,49.0,0.8835694,185.0,49.0,0.62402606,169.0,54.0,0.76561046,161.0,56.0,0.85079384,209.0,97.0,0.92634726,127.0,96.0,0.9488783,276.0,93.0,0.8174073,53.0,94.0,0.8920264,333.0,89.0,0.95223784,5.0,96.0,0.74180406,188.0,222.0,0.8779479,136.0,216.0,0.6637212,280.0,256.0,0.91159433,70.0,291.0,0.8255786,275.0,351.0,0.93878007,2.0,354.0,0.7516879,9,warrior2
warrior2/231.jpg,343.0,100.0,0.820199,351.0,89.0,0.8152088,348.0,91.0,0.8455572,379.0,94.0,0.7348256,372.0,96.0,0.83304846,423.0,146.0,0.9103938,336.0,151.0,0.928347,488.0,163.0,0.8406495,272.0,153.0,0.832903,553.0,159.0,0.90794015,212.0,142.0,0.72936547,417.0,276.0,0.8087241,362.0,278.0,0.8886784,494.0,356.0,0.8964904,273.0,311.0,0.8431332,587.0,417.0,0.77788746,250.0,419.0,0.86649156,9,warrior2
warrior2/233.jpg,436.0,129.0,0.81711996,444.0,121.0,0.83033013,442.0,121.0,0.9196639,470.0,126.0,0.8521397,465.0,125.0,0.7516916,512.0,172.0,0.8998329,430.0,173.0,0.9256218,579.0,164.0,0.9191262,363.0,167.0,0.8282681,633.0,162.0,0.7363737,308.0,157.0,0.9452248,506.0,291.0,0.83838075,456.0,298.0,0.9564024,582.0,341.0,0.8744933,374.0,327.0,0.796255,653.0,381.0,0.8862836,361.0,420.0,0.88514566,9,warrior2
warrior2/234.jpg,100.0,18.0,0.8973104,104.0,14.0,0.8845931,96.0,14.0,0.94262594,109.0,18.0,0.9363899,91.0,18.0,0.88479483,119.0,37.0,0.8989969,80.0,37.0,0.97372806,148.0,37.0,0.8849531,52.0,38.0,0.9404305,176.0,38.0,0.8843951,25.0,41.0,0.8457133,115.0,92.0,0.91021156,92.0,91.0,0.9376827,144.0,129.0,0.93785405,53.0,105.0,0.94243443,181.0,157.0,0.8249767,52.0,143.0,0.858208,9,warrior2
warrior2/235.jpg,245.0,105.0,0.8504209,254.0,96.0,0.8400209,249.0,95.0,0.8562005,284.0,102.0,0.795424,274.0,98.0,0.7965632,334.0,157.0,0.8960446,229.0,151.0,0.8988865,421.0,174.0,0.8411224,144.0,157.0,0.843034,503.0,187.0,0.79935986,70.0,161.0,0.6769345,318.0,315.0,0.94059753,256.0,320.0,0.92279994,398.0,410.0,0.8948389,149.0,382.0,0.9034395,471.0,500.0,0.82665455,148.0,503.0,0.9197089,9,warrior2
warrior2/236.jpg,333.0,90.0,0.8980974,332.0,83.0,0.94062424,321.0,82.0,0.86386454,316.0,86.0,0.7059625,297.0,90.0,0.95613426,349.0,133.0,0.9057679,264.0,135.0,0.8623512,409.0,130.0,0.906254,195.0,135.0,0.69680524,466.0,131.0,0.8611087,136.0,138.0,0.8808928,331.0,260.0,0.84163594,277.0,262.0,0.9344843,424.0,283.0,0.9227191,204.0,326.0,0.8291609,434.0,379.0,0.9150279,118.0,382.0,0.87883794,9,warrior2
warrior2/237.jpg,158.0,30.0,0.45320928,166.0,25.0,0.5529814,156.0,27.0,0.5606894,176.0,30.0,0.80900925,157.0,33.0,0.724926,199.0,61.0,0.92371607,140.0,66.0,0.9417573,243.0,64.0,0.8488964,94.0,70.0,0.9248732,283.0,62.0,0.6046312,52.0,67.0,0.85164535,195.0,144.0,0.95006794,161.0,143.0,0.92332476,249.0,188.0,0.89415073,93.0,166.0,0.9140064,305.0,226.0,0.78799725,96.0,232.0,0.86278754,9,warrior2
warrior2/24.jpg,456.0,143.0,0.5931803,469.0,130.0,0.6919377,460.0,130.0,0.62451226,510.0,135.0,0.9437345,487.0,134.0,0.67920434,565.0,204.0,0.9342896,436.0,204.0,0.9501252,671.0,199.0,0.92888504,330.0,209.0,0.8679496,763.0,199.0,0.9229305,244.0,198.0,0.7699237,553.0,392.0,0.8855649,479.0,400.0,0.9482355,655.0,522.0,0.9738809,335.0,458.0,0.84953344,772.0,614.0,0.68668985,304.0,610.0,0.8785335,9,warrior2
warrior2/240.jpg,934.0,259.0,0.6895304,918.0,238.0,0.5728274,927.0,241.0,0.745011,870.0,249.0,0.65708196,886.0,256.0,0.74669206,775.0,340.0,0.6438285,947.0,347.0,0.93067795,629.0,361.0,0.74548435,1106.0,363.0,0.8702781,513.0,365.0,0.90487844,1237.0,353.0,0.7185544,808.0,597.0,0.72708386,909.0,609.0,0.7479299,695.0,736.0,0.85089946,1100.0,687.0,0.70482016,537.0,873.0,0.8182719,1127.0,884.0,0.90051043,9,warrior2
warrior2/241.jpg,206.0,48.0,0.85683805,200.0,43.0,0.78295344,201.0,43.0,0.75533766,186.0,49.0,0.8209928,187.0,49.0,0.70117086,208.0,84.0,0.89379084,163.0,82.0,0.9042204,252.0,79.0,0.7341547,113.0,80.0,0.89523226,306.0,72.0,0.58771527,69.0,76.0,0.5116265,201.0,157.0,0.91887224,168.0,155.0,0.7718674,261.0,166.0,0.8013293,114.0,198.0,0.8380455,261.0,226.0,0.8622028,60.0,237.0,0.7621428,9,warrior2
warrior2/243.jpg,281.0,48.0,0.8562684,275.0,40.0,0.8188517,279.0,40.0,0.86843204,259.0,40.0,0.82899845,267.0,41.0,0.91738814,217.0,81.0,0.8555483,291.0,84.0,0.9353871,157.0,85.0,0.9189091,351.0,77.0,0.9279989,108.0,86.0,0.80623555,401.0,72.0,0.8303578,227.0,188.0,0.5093927,270.0,188.0,0.69867337,160.0,256.0,0.8301163,359.0,222.0,0.7327378,95.0,313.0,0.9300626,366.0,314.0,0.95661837,9,warrior2
warrior2/246.jpg,366.0,143.0,0.81263757,373.0,136.0,0.80989456,363.0,136.0,0.85314137,390.0,137.0,0.8003346,369.0,137.0,0.6899756,410.0,170.0,0.848912,348.0,171.0,0.8608403,466.0,172.0,0.9445096,295.0,177.0,0.90387654,517.0,171.0,0.7100092,248.0,180.0,0.85634184,397.0,266.0,0.9372759,362.0,269.0,0.93665123,452.0,330.0,0.9683391,288.0,302.0,0.8196626,518.0,379.0,0.94898653,284.0,382.0,0.84725296,9,warrior2
warrior2/248.jpg,669.0,93.0,0.7134644,685.0,79.0,0.8922979,670.0,79.0,0.81444466,728.0,88.0,0.9529694,694.0,83.0,0.7628591,779.0,151.0,0.95027685,643.0,170.0,0.9578753,842.0,214.0,0.92000854,569.0,245.0,0.9092139,913.0,187.0,0.93922263,477.0,276.0,0.72936255,778.0,371.0,0.93654037,690.0,381.0,0.9057299,847.0,493.0,0.7946307,572.0,461.0,0.90338016,936.0,616.0,0.8131037,551.0,620.0,0.9482803,9,warrior2
warrior2/249.jpg,283.0,163.0,0.6363604,285.0,158.0,0.8737581,287.0,158.0,0.6946923,298.0,161.0,0.89851755,301.0,161.0,0.85733134,321.0,185.0,0.92854434,287.0,191.0,0.8998819,358.0,186.0,0.6832073,255.0,188.0,0.82163155,394.0,181.0,0.8855047,229.0,185.0,0.88560843,325.0,256.0,0.88550055,303.0,262.0,0.9364846,364.0,294.0,0.9037428,267.0,276.0,0.7244438,416.0,327.0,0.9309721,278.0,338.0,0.8796041,9,warrior2
warrior2/25.jpg,142.0,38.0,0.8732647,147.0,32.0,0.8757339,147.0,31.0,0.87116796,166.0,35.0,0.7798586,164.0,35.0,0.8870205,192.0,66.0,0.91426754,135.0,67.0,0.93786263,241.0,64.0,0.9139493,89.0,64.0,0.86598384,286.0,57.0,0.9178959,47.0,59.0,0.82387066,183.0,152.0,0.7782825,149.0,153.0,0.9180072,240.0,202.0,0.83177406,87.0,166.0,0.79712194,298.0,239.0,0.84337246,91.0,236.0,0.95099777,9,warrior2
warrior2/251.jpg,130.0,38.0,0.874884,135.0,34.0,0.942704,131.0,34.0,0.90791786,150.0,37.0,0.836213,141.0,36.0,0.7154815,170.0,58.0,0.82494974,124.0,62.0,0.93841,207.0,59.0,0.95692724,91.0,61.0,0.9241695,242.0,59.0,0.84087807,60.0,55.0,0.8914318,167.0,123.0,0.8348971,139.0,125.0,0.94920295,202.0,160.0,0.9634981,92.0,143.0,0.83410615,239.0,193.0,0.93149626,85.0,194.0,0.9304497,9,warrior2
warrior2/252.jpg,488.0,697.0,0.6670635,477.0,686.0,0.72069955,478.0,686.0,0.6909158,448.0,694.0,0.679986,449.0,695.0,0.68106973,496.0,755.0,0.764257,403.0,753.0,0.42470104,579.0,750.0,0.7783089,320.0,760.0,0.475992,648.0,746.0,0.7714236,242.0,768.0,0.34161383,476.0,918.0,0.7567253,419.0,910.0,0.75541174,588.0,964.0,0.803656,330.0,1008.0,0.7764423,584.0,1076.0,0.6397861,220.0,1079.0,0.610253,9,warrior2
warrior2/26.jpg,267.0,372.0,0.847349,276.0,358.0,0.87320316,274.0,357.0,0.85166585,316.0,356.0,0.85578257,308.0,357.0,0.7458183,395.0,410.0,0.7630017,266.0,428.0,0.949281,505.0,430.0,0.95090824,183.0,444.0,0.9656733,599.0,417.0,0.87992465,101.0,425.0,0.84145486,384.0,586.0,0.93627846,311.0,588.0,0.9548215,502.0,698.0,0.8955462,186.0,640.0,0.8997108,603.0,793.0,0.95740545,189.0,774.0,0.9577219,9,warrior2
warrior2/26185071_586355328371289_8036377723465105408_n.jpg,548.0,91.0,0.75658774,566.0,75.0,0.8334293,542.0,78.0,0.9457147,608.0,83.0,0.7202851,555.0,84.0,0.77991325,680.0,196.0,0.9542301,496.0,187.0,0.7884487,763.0,235.0,0.78110605,373.0,175.0,0.8335713,852.0,245.0,0.9143653,261.0,150.0,0.6807493,657.0,419.0,0.8544576,553.0,425.0,0.88287973,758.0,535.0,0.9686789,395.0,518.0,0.919928,855.0,623.0,0.8117177,378.0,725.0,0.8144085,9,warrior2
warrior2/27.jpg,404.0,382.0,0.74735,415.0,373.0,0.74343216,392.0,369.0,0.7364391,426.0,381.0,0.7904175,373.0,377.0,0.74512005,441.0,427.0,0.89651024,340.0,423.0,0.7193318,532.0,418.0,0.90898263,254.0,423.0,0.72263765,613.0,416.0,0.8399946,170.0,413.0,0.7121184,403.0,590.0,0.78781897,334.0,588.0,0.7927518,510.0,650.0,0.86267436,259.0,680.0,0.7550209,514.0,766.0,0.89849126,168.0,758.0,0.6872307,9,warrior2
warrior2/28.jpg,707.0,466.0,0.7891835,723.0,448.0,0.796949,720.0,446.0,0.74336696,778.0,463.0,0.8107334,772.0,461.0,0.7048752,863.0,560.0,0.88995373,695.0,563.0,0.8299169,997.0,577.0,0.8701285,588.0,558.0,0.5813509,1118.0,572.0,0.8725594,494.0,554.0,0.84352124,842.0,829.0,0.8327708,725.0,826.0,0.8686732,959.0,919.0,0.72824407,542.0,821.0,0.8587403,1121.0,1025.0,0.8691898,541.0,1009.0,0.8367902,9,warrior2
warrior2/29.jpg,695.0,307.0,0.83040535,687.0,298.0,0.8638395,683.0,298.0,0.7328503,664.0,305.0,0.752317,654.0,309.0,0.8894435,712.0,361.0,0.9619888,622.0,358.0,0.801352,790.0,337.0,0.81609815,537.0,361.0,0.96570545,862.0,325.0,0.8328173,450.0,377.0,0.82593983,690.0,494.0,0.92538923,632.0,488.0,0.9055875,807.0,506.0,0.74282235,543.0,571.0,0.89800483,825.0,623.0,0.9318922,443.0,626.0,0.92932934,9,warrior2
warrior2/3.jpg,327.0,188.0,0.8488844,334.0,180.0,0.82709926,326.0,181.0,0.84520364,358.0,179.0,0.8454203,340.0,182.0,0.8181244,396.0,224.0,0.9397261,317.0,226.0,0.9276662,464.0,221.0,0.9262044,245.0,217.0,0.6157788,521.0,217.0,0.9315291,182.0,209.0,0.8216881,402.0,343.0,0.8468926,352.0,351.0,0.94314665,476.0,410.0,0.922903,266.0,368.0,0.84302866,555.0,451.0,0.7835763,256.0,469.0,0.66406107,9,warrior2
warrior2/30.jpg,345.0,125.0,0.8704793,343.0,120.0,0.9170986,340.0,120.0,0.8721192,330.0,123.0,0.80049014,325.0,123.0,0.92644274,350.0,148.0,0.93981624,303.0,149.0,0.9135747,387.0,144.0,0.9364214,261.0,149.0,0.73156106,421.0,139.0,0.9622093,228.0,146.0,0.93920946,344.0,216.0,0.90638864,312.0,216.0,0.8990613,401.0,235.0,0.9333887,273.0,258.0,0.87692225,390.0,292.0,0.8360678,227.0,287.0,0.7784213,9,warrior2
warrior2/31.jpg,625.0,179.0,0.7451176,643.0,165.0,0.8923901,633.0,163.0,0.9247947,694.0,176.0,0.9413886,671.0,171.0,0.8052923,749.0,276.0,0.9156555,596.0,261.0,0.93762994,885.0,269.0,0.8889891,464.0,253.0,0.84649956,1002.0,253.0,0.85019827,356.0,241.0,0.86824924,702.0,508.0,0.72929484,613.0,507.0,0.9361233,856.0,633.0,0.95071113,430.0,544.0,0.81396484,1026.0,740.0,0.75983405,409.0,743.0,0.9596187,9,warrior2
warrior2/32.jpg,553.0,214.0,0.83516705,546.0,194.0,0.9315461,531.0,195.0,0.90010786,499.0,197.0,0.73771393,470.0,200.0,0.8497233,572.0,291.0,0.83783805,399.0,306.0,0.870468,673.0,310.0,0.87026733,292.0,353.0,0.793602,791.0,334.0,0.67670214,179.0,393.0,0.8899613,536.0,549.0,0.8509039,427.0,549.0,0.9110671,661.0,666.0,0.881233,333.0,701.0,0.9136642,651.0,831.0,0.93359363,234.0,831.0,0.83321774,9,warrior2
warrior2/33.jpg,211.0,89.0,0.7858475,225.0,76.0,0.8942347,202.0,75.0,0.90115803,249.0,81.0,0.7834939,199.0,78.0,0.7661592,267.0,130.0,0.9270324,178.0,124.0,0.8970919,301.0,152.0,0.866941,139.0,140.0,0.712864,346.0,169.0,0.8099891,78.0,136.0,0.76793087,241.0,278.0,0.91770864,182.0,272.0,0.86452335,267.0,360.0,0.66194427,128.0,370.0,0.7183706,295.0,428.0,0.8160602,132.0,481.0,0.87890685,9,warrior2
warrior2/34.jpg,404.0,382.0,0.74735,415.0,373.0,0.74343216,392.0,369.0,0.7364391,426.0,381.0,0.7904175,373.0,377.0,0.74512005,441.0,427.0,0.89651024,340.0,423.0,0.7193318,532.0,418.0,0.90898263,254.0,423.0,0.72263765,613.0,416.0,0.8399946,170.0,413.0,0.7121184,403.0,590.0,0.78781897,334.0,588.0,0.7927518,510.0,650.0,0.86267436,259.0,680.0,0.7550209,514.0,766.0,0.89849126,168.0,758.0,0.6872307,9,warrior2
warrior2/35.jpg,625.0,179.0,0.7451176,643.0,165.0,0.8923901,633.0,163.0,0.9247947,694.0,176.0,0.9413886,671.0,171.0,0.8052923,749.0,276.0,0.9156555,596.0,261.0,0.93762994,885.0,269.0,0.8889891,464.0,253.0,0.84649956,1002.0,253.0,0.85019827,356.0,241.0,0.86824924,702.0,508.0,0.72929484,613.0,507.0,0.9361233,856.0,633.0,0.95071113,430.0,544.0,0.81396484,1026.0,740.0,0.75983405,409.0,743.0,0.9596187,9,warrior2
warrior2/36.jpg,277.0,51.0,0.850924,283.0,44.0,0.79472774,269.0,45.0,0.93948555,294.0,50.0,0.7333732,261.0,52.0,0.7207309,314.0,99.0,0.96560425,243.0,99.0,0.9195034,340.0,146.0,0.91404647,214.0,150.0,0.6996321,288.0,147.0,0.8595201,265.0,150.0,0.88161886,302.0,201.0,0.92811596,254.0,203.0,0.9526534,370.0,256.0,0.8618201,169.0,222.0,0.88650656,443.0,304.0,0.91379225,165.0,313.0,0.9443658,9,warrior2
warrior2/37.jpg,624.0,164.0,0.8613233,612.0,154.0,0.93279624,609.0,154.0,0.8690388,579.0,164.0,0.85485065,572.0,165.0,0.80772537,635.0,234.0,0.9351468,519.0,231.0,0.94533783,729.0,218.0,0.89987373,422.0,232.0,0.76758325,814.0,203.0,0.78442234,330.0,228.0,0.8800951,620.0,404.0,0.939459,542.0,402.0,0.89118934,754.0,442.0,0.9203457,442.0,511.0,0.9130043,765.0,584.0,0.93013006,331.0,586.0,0.9476724,9,warrior2
warrior2/38.jpg,345.0,125.0,0.8704793,343.0,120.0,0.9170986,340.0,120.0,0.8721192,330.0,123.0,0.80049014,325.0,123.0,0.92644274,350.0,148.0,0.93981624,303.0,149.0,0.9135747,387.0,144.0,0.9364214,261.0,149.0,0.73156106,421.0,139.0,0.9622093,228.0,146.0,0.93920946,344.0,216.0,0.90638864,312.0,216.0,0.8990613,401.0,235.0,0.9333887,273.0,258.0,0.87692225,390.0,292.0,0.8360678,227.0,287.0,0.7784213,9,warrior2
warrior2/39.jpg,707.0,466.0,0.7891835,723.0,448.0,0.796949,720.0,446.0,0.74336696,778.0,463.0,0.8107334,772.0,461.0,0.7048752,863.0,560.0,0.88995373,695.0,563.0,0.8299169,997.0,577.0,0.8701285,588.0,558.0,0.5813509,1118.0,572.0,0.8725594,494.0,554.0,0.84352124,842.0,829.0,0.8327708,725.0,826.0,0.8686732,959.0,919.0,0.72824407,542.0,821.0,0.8587403,1121.0,1025.0,0.8691898,541.0,1009.0,0.8367902,9,warrior2
warrior2/4.jpg,663.0,171.0,0.86556745,690.0,150.0,0.6489548,671.0,149.0,0.7515854,756.0,166.0,0.92187685,713.0,160.0,0.7599666,825.0,268.0,0.89609426,628.0,274.0,0.8995878,1003.0,259.0,0.8348323,467.0,240.0,0.8856656,1164.0,252.0,0.94023347,325.0,198.0,0.94175464,788.0,583.0,0.833896,667.0,583.0,0.88873976,970.0,738.0,0.92858785,453.0,624.0,0.8233418,1160.0,881.0,0.89453614,422.0,868.0,0.9186949,9,warrior2
warrior2/40.jpg,695.0,307.0,0.83040535,687.0,298.0,0.8638395,683.0,298.0,0.7328503,664.0,305.0,0.752317,654.0,309.0,0.8894435,712.0,361.0,0.9619888,622.0,358.0,0.801352,790.0,337.0,0.81609815,537.0,361.0,0.96570545,862.0,325.0,0.8328173,450.0,377.0,0.82593983,690.0,494.0,0.92538923,632.0,488.0,0.9055875,807.0,506.0,0.74282235,543.0,571.0,0.89800483,825.0,623.0,0.9318922,443.0,626.0,0.92932934,9,warrior2
warrior2/41.jpg,776.0,188.0,0.89408267,771.0,169.0,0.9075287,750.0,168.0,0.8877653,728.0,181.0,0.7421377,689.0,184.0,0.77268666,809.0,294.0,0.95838654,607.0,295.0,0.9514964,971.0,274.0,0.86819434,443.0,283.0,0.8887033,1105.0,265.0,0.8397433,306.0,285.0,0.794584,744.0,600.0,0.6662991,637.0,582.0,0.76730156,965.0,678.0,0.9250059,480.0,768.0,0.873021,1007.0,925.0,0.83504647,281.0,924.0,0.96887326,9,warrior2
warrior2/43.jpg,564.0,137.0,0.8173086,593.0,113.0,0.7568218,569.0,114.0,0.81140476,655.0,129.0,0.8958008,607.0,125.0,0.8286761,738.0,233.0,0.88365334,519.0,244.0,0.8738378,918.0,258.0,0.77763134,361.0,261.0,0.917877,1080.0,269.0,0.5516814,209.0,241.0,0.8323292,712.0,540.0,0.9144419,584.0,539.0,0.9425176,901.0,716.0,0.90198284,353.0,604.0,0.93022555,1099.0,839.0,0.88543236,364.0,839.0,0.9175323,9,warrior2
warrior2/44.jpg,179.0,30.0,0.73558164,177.0,25.0,0.86895704,174.0,24.0,0.8898674,164.0,26.0,0.6405567,157.0,25.0,0.6415378,182.0,58.0,0.9471229,128.0,52.0,0.8055679,223.0,65.0,0.77744156,81.0,56.0,0.8234316,265.0,66.0,0.72262585,38.0,54.0,0.7212045,171.0,125.0,0.9240487,141.0,125.0,0.8096169,230.0,142.0,0.8565544,99.0,173.0,0.8680396,228.0,206.0,0.8241929,41.0,217.0,0.80800587,9,warrior2
warrior2/45.jpg,606.0,187.0,0.7643148,620.0,196.0,0.7235985,620.0,196.0,0.79649544,623.0,230.0,0.9145116,623.0,229.0,0.6799919,598.0,255.0,0.679436,579.0,249.0,0.8630881,586.0,156.0,0.6628886,580.0,157.0,0.89186835,595.0,111.0,0.48028892,592.0,106.0,0.16684014,562.0,416.0,0.9006716,529.0,419.0,0.92411584,671.0,513.0,0.96781826,400.0,434.0,0.8827688,787.0,587.0,0.70145345,401.0,563.0,0.9650947,9,warrior2
warrior2/46.jpg,344.0,112.0,0.82900584,351.0,105.0,0.84206855,353.0,106.0,0.63833237,368.0,114.0,0.7962491,375.0,116.0,0.6551579,334.0,150.0,0.8877741,410.0,163.0,0.88214797,263.0,121.0,0.7771657,472.0,207.0,0.8928958,209.0,84.0,0.93592685,542.0,233.0,0.61106354,356.0,291.0,0.7758529,403.0,285.0,0.7746798,242.0,325.0,0.8238177,496.0,358.0,0.89418286,242.0,451.0,0.6301894,606.0,423.0,0.37013346,9,warrior2
warrior2/49.jpg,103.0,178.0,0.6377838,97.0,178.0,0.62886167,96.0,180.0,0.5657604,95.0,190.0,0.5669413,93.0,194.0,0.798988,125.0,186.0,0.82779413,110.0,228.0,0.88423425,123.0,140.0,0.8400494,119.0,266.0,0.8488904,115.0,110.0,0.68289715,122.0,307.0,0.88727695,193.0,234.0,0.6637222,167.0,246.0,0.9010179,238.0,277.0,0.8315182,109.0,260.0,0.77785426,276.0,322.0,0.7859482,112.0,320.0,0.92111254,9,warrior2
warrior2/5.jpg,181.0,83.0,0.8674645,194.0,71.0,0.9557307,173.0,74.0,0.86716324,223.0,79.0,0.80407465,175.0,79.0,0.80689776,247.0,119.0,0.93200004,170.0,121.0,0.95590943,299.0,115.0,0.81058997,113.0,118.0,0.8087876,352.0,105.0,0.80001724,64.0,111.0,0.8888547,244.0,224.0,0.90465814,188.0,224.0,0.8960981,289.0,290.0,0.8860168,137.0,270.0,0.85836995,332.0,345.0,0.713948,157.0,353.0,0.64071786,9,warrior2
warrior2/51.jpg,256.0,52.0,0.8163507,263.0,44.0,0.92270577,259.0,43.0,0.81569314,289.0,49.0,0.68752766,277.0,46.0,0.7012451,330.0,80.0,0.7493332,242.0,86.0,0.90597934,395.0,88.0,0.8293933,173.0,83.0,0.8793335,461.0,82.0,0.81654227,118.0,74.0,0.6894619,318.0,211.0,0.879887,267.0,211.0,0.9132457,397.0,284.0,0.97462666,174.0,231.0,0.76002365,483.0,339.0,0.87669057,184.0,336.0,0.9374696,9,warrior2
warrior2/52.jpg,2824.0,1326.0,0.40865955,2877.0,1268.0,0.712963,2807.0,1274.0,0.7785511,3045.0,1282.0,0.5983243,2849.0,1296.0,0.16914955,3234.0,1580.0,0.66600275,2758.0,1606.0,0.80436087,3548.0,1569.0,0.62927467,2438.0,1567.0,0.7818411,3845.0,1603.0,0.6431782,2099.0,1542.0,0.7063552,3198.0,2383.0,0.74541366,2839.0,2404.0,0.76000375,3409.0,2783.0,0.7872998,2344.0,2606.0,0.7470343,3682.0,3017.0,0.6506875,2365.0,3310.0,0.8487998,9,warrior2
warrior2/53.jpg,2180.0,834.0,0.82395655,2252.0,847.0,0.80618775,2235.0,827.0,0.8361125,2303.0,967.0,0.8602512,2264.0,927.0,0.86733115,2319.0,1292.0,0.8689234,1990.0,1038.0,0.767167,2370.0,1708.0,0.9003909,1985.0,643.0,0.76985407,2496.0,2019.0,0.9580718,2036.0,435.0,0.65941256,2038.0,1794.0,0.91550153,1744.0,1774.0,0.7990713,2488.0,2185.0,0.8439182,1187.0,1908.0,0.7578181,2983.0,2501.0,0.8769397,1165.0,2487.0,0.96830636,9,warrior2
warrior2/54.jpg,437.0,243.0,0.7734015,447.0,232.0,0.8874647,442.0,232.0,0.8212049,477.0,240.0,0.8019769,468.0,237.0,0.8949969,522.0,289.0,0.80545485,427.0,293.0,0.90212935,602.0,305.0,0.70745695,344.0,291.0,0.64253694,680.0,309.0,0.94783765,283.0,280.0,0.94296473,498.0,438.0,0.87362194,446.0,436.0,0.93824625,585.0,525.0,0.9744772,339.0,464.0,0.7983663,684.0,587.0,0.8126611,346.0,581.0,0.8483792,9,warrior2
warrior2/55.jpg,386.0,129.0,0.71701,395.0,121.0,0.8446548,393.0,120.0,0.91872406,424.0,128.0,0.80433255,417.0,127.0,0.8902259,464.0,171.0,0.94126517,375.0,171.0,0.8902354,539.0,167.0,0.85751575,310.0,165.0,0.8087875,602.0,163.0,0.91285515,248.0,157.0,0.93272775,450.0,295.0,0.8460546,401.0,298.0,0.8846814,527.0,360.0,0.9370844,318.0,339.0,0.88733697,621.0,426.0,0.86553687,327.0,437.0,0.76586497,9,warrior2
warrior2/56.jpg,716.0,170.0,0.7517278,727.0,148.0,0.7675831,689.0,146.0,0.8427137,709.0,163.0,0.7510704,624.0,161.0,0.7151196,755.0,305.0,0.9216969,566.0,289.0,0.91139925,872.0,320.0,0.8780249,480.0,311.0,0.6786194,986.0,290.0,0.9049928,406.0,277.0,0.89038616,699.0,626.0,0.9338953,571.0,631.0,0.9063986,863.0,765.0,0.8126537,498.0,831.0,0.8406333,844.0,1045.0,0.81097245,394.0,975.0,0.81003386,9,warrior2
warrior2/57.jpg,677.0,79.0,0.88600975,667.0,65.0,0.66202897,660.0,63.0,0.9098915,629.0,70.0,0.82671714,617.0,70.0,0.70458984,688.0,163.0,0.79113936,549.0,160.0,0.79536295,806.0,152.0,0.827973,425.0,156.0,0.91922975,913.0,149.0,0.7905071,313.0,149.0,0.7127952,674.0,394.0,0.8506526,579.0,394.0,0.8538893,832.0,427.0,0.8266244,448.0,522.0,0.9042707,846.0,607.0,0.8645395,300.0,615.0,0.91174763,9,warrior2
warrior2/58.jpg,197.0,77.0,0.8696046,208.0,67.0,0.61294216,203.0,67.0,0.8065733,245.0,74.0,0.9123724,235.0,73.0,0.77757823,285.0,129.0,0.9221008,192.0,131.0,0.91485643,361.0,155.0,0.7662039,126.0,149.0,0.95919746,434.0,184.0,0.8895867,58.0,169.0,0.7538724,285.0,260.0,0.92901474,232.0,261.0,0.94400215,369.0,342.0,0.80625314,139.0,300.0,0.89713216,459.0,407.0,0.8298264,138.0,399.0,0.89126796,9,warrior2
warrior2/59.jpeg,458.0,202.0,0.85027367,466.0,190.0,0.82115895,463.0,189.0,0.9210499,499.0,190.0,0.87803495,491.0,191.0,0.89020807,556.0,238.0,0.6940402,452.0,249.0,0.92303896,651.0,237.0,0.9317782,363.0,245.0,0.826426,737.0,244.0,0.94523764,287.0,245.0,0.86161375,545.0,410.0,0.8969553,488.0,417.0,0.9405907,645.0,508.0,0.93706834,366.0,471.0,0.83113575,768.0,595.0,0.75563335,404.0,603.0,0.8415581,9,warrior2
warrior2/6.jpg,294.0,124.0,0.5528482,294.0,116.0,0.44582042,284.0,114.0,0.66154957,276.0,119.0,0.5339316,253.0,116.0,0.7606388,308.0,179.0,0.86388254,201.0,176.0,0.6677028,384.0,171.0,0.72289056,123.0,172.0,0.8612168,457.0,160.0,0.6273501,55.0,171.0,0.7017839,273.0,326.0,0.79200876,203.0,324.0,0.7093132,369.0,320.0,0.6982924,123.0,388.0,0.62531877,386.0,436.0,0.76195616,37.0,432.0,0.8637375,9,warrior2
warrior2/60.jpg,485.0,72.0,0.89920646,475.0,59.0,0.89537966,466.0,58.0,0.85447276,446.0,68.0,0.6823499,421.0,72.0,0.80942327,510.0,157.0,0.93458945,356.0,155.0,0.8409338,634.0,140.0,0.9339583,227.0,158.0,0.7716429,741.0,134.0,0.82108736,121.0,150.0,0.870249,484.0,390.0,0.9371444,386.0,389.0,0.82702833,640.0,484.0,0.920801,275.0,534.0,0.9192932,629.0,669.0,0.79688793,159.0,651.0,0.89518243,9,warrior2
warrior2/62.jpg,2824.0,1326.0,0.40865955,2877.0,1268.0,0.712963,2807.0,1274.0,0.7785511,3045.0,1282.0,0.5983243,2849.0,1296.0,0.16914955,3234.0,1580.0,0.66600275,2758.0,1606.0,0.80436087,3548.0,1569.0,0.62927467,2438.0,1567.0,0.7818411,3845.0,1603.0,0.6431782,2099.0,1542.0,0.7063552,3198.0,2383.0,0.74541366,2839.0,2404.0,0.76000375,3409.0,2783.0,0.7872998,2344.0,2606.0,0.7470343,3682.0,3017.0,0.6506875,2365.0,3310.0,0.8487998,9,warrior2
warrior2/63.jpg,2180.0,834.0,0.82395655,2252.0,847.0,0.80618775,2235.0,827.0,0.8361125,2303.0,967.0,0.8602512,2264.0,927.0,0.86733115,2319.0,1292.0,0.8689234,1990.0,1038.0,0.767167,2370.0,1708.0,0.9003909,1985.0,643.0,0.76985407,2496.0,2019.0,0.9580718,2036.0,435.0,0.65941256,2038.0,1794.0,0.91550153,1744.0,1774.0,0.7990713,2488.0,2185.0,0.8439182,1187.0,1908.0,0.7578181,2983.0,2501.0,0.8769397,1165.0,2487.0,0.96830636,9,warrior2
warrior2/64.jpg,386.0,129.0,0.71701,395.0,121.0,0.8446548,393.0,120.0,0.91872406,424.0,128.0,0.80433255,417.0,127.0,0.8902259,464.0,171.0,0.94126517,375.0,171.0,0.8902354,539.0,167.0,0.85751575,310.0,165.0,0.8087875,602.0,163.0,0.91285515,248.0,157.0,0.93272775,450.0,295.0,0.8460546,401.0,298.0,0.8846814,527.0,360.0,0.9370844,318.0,339.0,0.88733697,621.0,426.0,0.86553687,327.0,437.0,0.76586497,9,warrior2
warrior2/65.jpg,256.0,52.0,0.8163507,263.0,44.0,0.92270577,259.0,43.0,0.81569314,289.0,49.0,0.68752766,277.0,46.0,0.7012451,330.0,80.0,0.7493332,242.0,86.0,0.90597934,395.0,88.0,0.8293933,173.0,83.0,0.8793335,461.0,82.0,0.81654227,118.0,74.0,0.6894619,318.0,211.0,0.879887,267.0,211.0,0.9132457,397.0,284.0,0.97462666,174.0,231.0,0.76002365,483.0,339.0,0.87669057,184.0,336.0,0.9374696,9,warrior2
warrior2/66.jpg,677.0,79.0,0.88600975,667.0,65.0,0.66202897,660.0,63.0,0.9098915,629.0,70.0,0.82671714,617.0,70.0,0.70458984,688.0,163.0,0.79113936,549.0,160.0,0.79536295,806.0,152.0,0.827973,425.0,156.0,0.91922975,913.0,149.0,0.7905071,313.0,149.0,0.7127952,674.0,394.0,0.8506526,579.0,394.0,0.8538893,832.0,427.0,0.8266244,448.0,522.0,0.9042707,846.0,607.0,0.8645395,300.0,615.0,0.91174763,9,warrior2
warrior2/67.jpg,716.0,170.0,0.7517278,727.0,148.0,0.7675831,689.0,146.0,0.8427137,709.0,163.0,0.7510704,624.0,161.0,0.7151196,755.0,305.0,0.9216969,566.0,289.0,0.91139925,872.0,320.0,0.8780249,480.0,311.0,0.6786194,986.0,290.0,0.9049928,406.0,277.0,0.89038616,699.0,626.0,0.9338953,571.0,631.0,0.9063986,863.0,765.0,0.8126537,498.0,831.0,0.8406333,844.0,1045.0,0.81097245,394.0,975.0,0.81003386,9,warrior2
warrior2/68.jpg,197.0,77.0,0.8696046,208.0,67.0,0.61294216,203.0,67.0,0.8065733,245.0,74.0,0.9123724,235.0,73.0,0.77757823,285.0,129.0,0.9221008,192.0,131.0,0.91485643,361.0,155.0,0.7662039,126.0,149.0,0.95919746,434.0,184.0,0.8895867,58.0,169.0,0.7538724,285.0,260.0,0.92901474,232.0,261.0,0.94400215,369.0,342.0,0.80625314,139.0,300.0,0.89713216,459.0,407.0,0.8298264,138.0,399.0,0.89126796,9,warrior2
warrior2/69.jpeg,458.0,202.0,0.85027367,466.0,190.0,0.82115895,463.0,189.0,0.9210499,499.0,190.0,0.87803495,491.0,191.0,0.89020807,556.0,238.0,0.6940402,452.0,249.0,0.92303896,651.0,237.0,0.9317782,363.0,245.0,0.826426,737.0,244.0,0.94523764,287.0,245.0,0.86161375,545.0,410.0,0.8969553,488.0,417.0,0.9405907,645.0,508.0,0.93706834,366.0,471.0,0.83113575,768.0,595.0,0.75563335,404.0,603.0,0.8415581,9,warrior2
warrior2/69039360_203944190609182_5073625231328026942_n.jpg,657.0,445.0,0.43793246,646.0,436.0,0.2752345,648.0,438.0,0.6101893,597.0,451.0,0.2552982,616.0,457.0,0.41071862,522.0,505.0,0.65208834,654.0,534.0,0.61059344,428.0,521.0,0.72190505,771.0,528.0,0.6375957,335.0,540.0,0.61875355,840.0,530.0,0.13303766,478.0,673.0,0.6853547,548.0,685.0,0.804305,386.0,805.0,0.841496,694.0,738.0,0.79295355,281.0,889.0,0.69327193,676.0,881.0,0.76299644,9,warrior2
warrior2/7.jpg,553.0,214.0,0.83516705,546.0,194.0,0.9315461,531.0,195.0,0.90010786,499.0,197.0,0.73771393,470.0,200.0,0.8497233,572.0,291.0,0.83783805,399.0,306.0,0.870468,673.0,310.0,0.87026733,292.0,353.0,0.793602,791.0,334.0,0.67670214,179.0,393.0,0.8899613,536.0,549.0,0.8509039,427.0,549.0,0.9110671,661.0,666.0,0.881233,333.0,701.0,0.9136642,651.0,831.0,0.93359363,234.0,831.0,0.83321774,9,warrior2
warrior2/70.jpg,485.0,72.0,0.89920646,475.0,59.0,0.89537966,466.0,58.0,0.85447276,446.0,68.0,0.6823499,421.0,72.0,0.80942327,510.0,157.0,0.93458945,356.0,155.0,0.8409338,634.0,140.0,0.9339583,227.0,158.0,0.7716429,741.0,134.0,0.82108736,121.0,150.0,0.870249,484.0,390.0,0.9371444,386.0,389.0,0.82702833,640.0,484.0,0.920801,275.0,534.0,0.9192932,629.0,669.0,0.79688793,159.0,651.0,0.89518243,9,warrior2
warrior2/71.JPG,1386.0,471.0,0.71713865,1363.0,444.0,0.5286725,1355.0,445.0,0.7144296,1301.0,466.0,0.24680406,1281.0,472.0,0.6600933,1414.0,641.0,0.81289816,1140.0,649.0,0.7522927,1647.0,619.0,0.6474558,918.0,637.0,0.7739423,1865.0,618.0,0.5813875,669.0,611.0,0.5325397,1403.0,1123.0,0.8463598,1237.0,1113.0,0.85839665,1706.0,1259.0,0.7668259,952.0,1439.0,0.8665594,1660.0,1641.0,0.8952579,648.0,1695.0,0.81451964,9,warrior2
warrior2/72.jpg,183.0,165.0,0.81034714,189.0,156.0,0.64783156,188.0,156.0,0.8294338,211.0,158.0,0.8326518,212.0,159.0,0.7851486,249.0,202.0,0.7683786,179.0,206.0,0.908744,311.0,205.0,0.9457879,116.0,206.0,0.7491619,370.0,201.0,0.9335111,58.0,195.0,0.9078307,249.0,315.0,0.8477557,204.0,316.0,0.9280331,325.0,378.0,0.88922554,118.0,326.0,0.8870391,403.0,423.0,0.79539686,117.0,425.0,0.94336516,9,warrior2
warrior2/74.jpg,502.0,171.0,0.8751173,521.0,148.0,0.81571937,514.0,145.0,0.6791855,589.0,151.0,0.9548285,573.0,151.0,0.8741044,696.0,249.0,0.806882,488.0,256.0,0.8912299,871.0,267.0,0.8825388,321.0,265.0,0.64656353,1033.0,277.0,0.81491584,163.0,263.0,0.82505697,691.0,567.0,0.9328451,554.0,563.0,0.83447033,884.0,703.0,0.91116625,333.0,631.0,0.7772959,1070.0,820.0,0.9075418,353.0,860.0,0.83042777,9,warrior2
warrior2/75.jpg,544.0,264.0,0.64881134,549.0,255.0,0.66652644,536.0,256.0,0.48019233,542.0,259.0,0.16628902,510.0,260.0,0.5652975,488.0,282.0,0.65044236,523.0,290.0,0.61069024,452.0,296.0,0.50989556,570.0,289.0,0.61364627,427.0,310.0,0.69459605,620.0,291.0,0.6017717,457.0,389.0,0.47954208,473.0,393.0,0.6515062,425.0,448.0,0.5398902,535.0,439.0,0.6926024,382.0,501.0,0.6355406,543.0,526.0,0.7979451,9,warrior2
warrior2/76.jpg,437.0,141.0,0.60586977,447.0,125.0,0.80072093,444.0,123.0,0.8557159,484.0,135.0,0.76269037,482.0,131.0,0.8260149,565.0,219.0,0.85269225,412.0,207.0,0.8553041,663.0,235.0,0.78385234,313.0,203.0,0.8319947,780.0,226.0,0.6807382,227.0,188.0,0.8080375,514.0,404.0,0.9080623,438.0,413.0,0.9066546,622.0,533.0,0.872364,305.0,476.0,0.66842824,781.0,638.0,0.6236863,319.0,637.0,0.7749561,9,warrior2
warrior2/77.jpg,297.0,92.0,0.8968553,305.0,82.0,0.7232032,302.0,82.0,0.67950916,335.0,85.0,0.91158956,326.0,84.0,0.879702,382.0,130.0,0.9131418,288.0,136.0,0.8538846,453.0,128.0,0.94744706,217.0,141.0,0.8378427,519.0,129.0,0.77209157,147.0,148.0,0.8930085,355.0,250.0,0.7441918,302.0,245.0,0.8944707,450.0,244.0,0.90201896,216.0,306.0,0.74965155,481.0,351.0,0.9321568,112.0,359.0,0.79236376,9,warrior2
warrior2/78.jpg,282.0,54.0,0.8269005,291.0,47.0,0.64924955,287.0,46.0,0.8391894,315.0,55.0,0.8896716,306.0,52.0,0.8350587,347.0,90.0,0.8005545,269.0,89.0,0.8524036,410.0,98.0,0.82313174,204.0,94.0,0.92944354,463.0,97.0,0.9119405,150.0,90.0,0.82702386,323.0,203.0,0.8666962,275.0,201.0,0.89943534,387.0,265.0,0.9737518,191.0,228.0,0.8621415,457.0,314.0,0.8737979,200.0,314.0,0.9662824,9,warrior2
warrior2/79.jpg,898.0,315.0,0.86979896,896.0,297.0,0.90235126,878.0,296.0,0.8837568,863.0,302.0,0.6520882,828.0,301.0,0.7830621,918.0,402.0,0.8293746,749.0,392.0,0.7941277,1046.0,366.0,0.6749163,618.0,377.0,0.6518176,1153.0,331.0,0.8876295,499.0,337.0,0.76645815,871.0,665.0,0.7832041,770.0,660.0,0.68840355,1061.0,701.0,0.76022017,619.0,803.0,0.8673382,1055.0,911.0,0.89884585,447.0,920.0,0.93872374,9,warrior2
warrior2/8.jpg,282.0,287.0,0.86042994,295.0,280.0,0.90359354,287.0,280.0,0.8617772,326.0,291.0,0.82507575,310.0,289.0,0.7189367,361.0,348.0,0.68007773,263.0,340.0,0.71133137,461.0,357.0,0.20244345,179.0,325.0,0.8079093,508.0,350.0,0.18681087,106.0,300.0,0.71287626,318.0,491.0,0.74142146,345.0,488.0,0.7916081,176.0,551.0,0.7385156,430.0,598.0,0.7328718,168.0,687.0,0.8054463,513.0,708.0,0.9399372,9,warrior2
warrior2/80.jpg,649.0,218.0,0.9017512,641.0,209.0,0.90469944,639.0,208.0,0.76332104,614.0,214.0,0.77415276,610.0,214.0,0.8600718,656.0,260.0,0.90499157,564.0,263.0,0.84673095,728.0,269.0,0.9508504,492.0,279.0,0.79223526,787.0,264.0,0.94517785,426.0,283.0,0.92335194,638.0,391.0,0.80397147,579.0,393.0,0.91198206,735.0,412.0,0.87568927,501.0,464.0,0.84311646,730.0,518.0,0.93847907,407.0,524.0,0.85498667,9,warrior2
warrior2/81.jpg,576.0,210.0,0.8712241,593.0,193.0,0.839856,594.0,193.0,0.90361494,644.0,204.0,0.7387918,640.0,203.0,0.7672625,727.0,294.0,0.90576476,567.0,289.0,0.9486062,880.0,324.0,0.9257195,425.0,284.0,0.9651262,1039.0,344.0,0.87121665,290.0,271.0,0.76913476,728.0,527.0,0.94056857,629.0,531.0,0.96073824,865.0,666.0,0.9184214,448.0,608.0,0.8899378,1016.0,798.0,0.71017694,445.0,806.0,0.8105438,9,warrior2
warrior2/82.jpg,529.0,121.0,0.804162,542.0,107.0,0.8910208,536.0,107.0,0.79834676,582.0,115.0,0.8141899,569.0,113.0,0.89431983,650.0,182.0,0.93182397,510.0,182.0,0.903908,753.0,197.0,0.8633591,412.0,184.0,0.96416366,842.0,186.0,0.9405797,315.0,171.0,0.94320524,614.0,377.0,0.8882092,530.0,367.0,0.9311074,727.0,474.0,0.9222069,381.0,412.0,0.9271294,865.0,571.0,0.70970285,348.0,567.0,0.88834846,9,warrior2
warrior2/83.jpg,324.0,249.0,0.8109484,323.0,238.0,0.68661845,310.0,237.0,0.90128845,303.0,242.0,0.628682,274.0,244.0,0.91583675,343.0,302.0,0.9541505,227.0,298.0,0.9326388,435.0,296.0,0.9307884,139.0,303.0,0.873198,514.0,288.0,0.93365955,59.0,306.0,0.86432064,312.0,448.0,0.85566795,246.0,443.0,0.8676119,433.0,476.0,0.8842221,150.0,528.0,0.8609409,444.0,608.0,0.84345365,48.0,602.0,0.93543667,9,warrior2
warrior2/84.jpg,237.0,129.0,0.8286011,232.0,123.0,0.8968229,229.0,122.0,0.9229173,214.0,127.0,0.85561174,207.0,128.0,0.92949796,248.0,162.0,0.94084203,179.0,167.0,0.9185685,307.0,150.0,0.9370855,117.0,163.0,0.680969,365.0,147.0,0.8850325,64.0,160.0,0.71412593,240.0,262.0,0.9516112,200.0,261.0,0.87865657,322.0,292.0,0.8908398,140.0,326.0,0.84843034,318.0,377.0,0.9144888,73.0,377.0,0.91019034,9,warrior2
warrior2/85.jpg,375.0,257.0,0.8650843,390.0,244.0,0.846162,386.0,242.0,0.8631823,426.0,253.0,0.8109385,416.0,250.0,0.81755984,449.0,312.0,0.79441446,398.0,304.0,0.703923,428.0,194.0,0.8632506,395.0,189.0,0.88279533,428.0,132.0,0.3872844,399.0,139.0,0.37485394,447.0,504.0,0.76399875,393.0,506.0,0.91818047,562.0,591.0,0.9333045,259.0,553.0,0.9132115,668.0,649.0,0.639375,227.0,691.0,0.96034616,9,warrior2
warrior2/86.jpg,245.0,116.0,0.7922743,243.0,111.0,0.61157227,243.0,110.0,0.7055167,229.0,110.0,0.87489986,229.0,109.0,0.76068604,241.0,145.0,0.85529864,202.0,131.0,0.8773609,270.0,151.0,0.776659,161.0,116.0,0.95946753,298.0,155.0,0.926749,117.0,101.0,0.9450607,219.0,214.0,0.8077557,202.0,204.0,0.7416006,260.0,242.0,0.9653406,145.0,233.0,0.7684508,241.0,295.0,0.7278511,83.0,263.0,0.8950877,9,warrior2
warrior2/87.jpg,375.0,352.0,0.58294415,382.0,347.0,0.7730367,372.0,346.0,0.69202447,399.0,352.0,0.60100114,372.0,351.0,0.29347706,420.0,383.0,0.774553,358.0,385.0,0.75854427,461.0,393.0,0.61796105,308.0,377.0,0.5958218,503.0,394.0,0.57588136,264.0,367.0,0.41237485,412.0,484.0,0.7845119,372.0,486.0,0.68976504,457.0,543.0,0.68466556,317.0,511.0,0.6890857,504.0,602.0,0.70535207,318.0,595.0,0.80547094,9,warrior2
warrior2/89.jpg,468.0,170.0,0.702374,480.0,157.0,0.909983,472.0,157.0,0.92314506,520.0,163.0,0.792676,501.0,161.0,0.701409,570.0,227.0,0.951269,456.0,227.0,0.94910085,668.0,225.0,0.94865346,361.0,224.0,0.9666678,748.0,224.0,0.8869362,284.0,222.0,0.7549284,562.0,401.0,0.7839174,496.0,411.0,0.9540105,676.0,487.0,0.96660435,377.0,426.0,0.85110474,793.0,562.0,0.8514007,362.0,560.0,0.74898815,9,warrior2
warrior2/9.jpg,448.0,127.0,0.86880994,439.0,115.0,0.8225831,440.0,115.0,0.81745005,406.0,118.0,0.84854007,409.0,119.0,0.88122493,436.0,181.0,0.7594279,380.0,177.0,0.55092037,533.0,181.0,0.7682721,268.0,206.0,0.57633674,604.0,175.0,0.75363207,144.0,210.0,0.4853452,415.0,345.0,0.5800855,437.0,341.0,0.68915844,310.0,446.0,0.8717929,570.0,361.0,0.84822977,171.0,541.0,0.807164,579.0,496.0,0.8106813,9,warrior2
warrior2/90.jpg,236.0,199.0,0.5966656,242.0,192.0,0.70578676,238.0,191.0,0.84051925,263.0,194.0,0.8559394,254.0,192.0,0.8221308,287.0,225.0,0.8404961,226.0,222.0,0.9336281,326.0,238.0,0.85522765,180.0,226.0,0.89205074,375.0,241.0,0.91378945,136.0,215.0,0.88526005,274.0,319.0,0.95518845,234.0,318.0,0.9421069,305.0,382.0,0.9369604,187.0,366.0,0.7205793,332.0,427.0,0.6925005,198.0,429.0,0.86375415,9,warrior2
warrior2/91.jpg,425.0,148.0,0.7909227,439.0,161.0,0.8390659,435.0,157.0,0.74970216,435.0,195.0,0.8724663,430.0,186.0,0.8087481,413.0,235.0,0.86727434,358.0,179.0,0.6479757,457.0,337.0,0.64719707,409.0,93.0,0.7953785,488.0,414.0,0.838643,467.0,38.0,0.85787785,367.0,350.0,0.93995816,303.0,355.0,0.72252786,483.0,446.0,0.93065274,165.0,376.0,0.88617593,580.0,519.0,0.9032318,138.0,518.0,0.8203913,9,warrior2
warrior2/92.jpg,304.0,96.0,0.59875417,313.0,85.0,0.7833121,311.0,85.0,0.92201984,342.0,88.0,0.84390265,335.0,89.0,0.7342104,390.0,142.0,0.93906134,293.0,141.0,0.9562354,472.0,144.0,0.87655574,222.0,129.0,0.90734076,544.0,146.0,0.84719324,151.0,128.0,0.9047593,386.0,279.0,0.9452248,327.0,288.0,0.9555713,454.0,362.0,0.9743285,239.0,334.0,0.81280524,524.0,432.0,0.9197745,220.0,432.0,0.85286474,9,warrior2
warrior2/93.jpg,304.0,231.0,0.8490634,320.0,219.0,0.71069264,319.0,219.0,0.85233265,356.0,230.0,0.7572986,351.0,230.0,0.648813,435.0,287.0,0.84765816,286.0,305.0,0.9668833,552.0,303.0,0.8045604,185.0,302.0,0.88980335,663.0,309.0,0.9211991,93.0,296.0,0.8549045,413.0,495.0,0.9284168,326.0,499.0,0.93034345,548.0,602.0,0.91178197,183.0,493.0,0.7871262,705.0,696.0,0.9050693,170.0,667.0,0.93377316,9,warrior2
warrior2/94.jpg,211.0,54.0,0.8383064,218.0,46.0,0.90097725,214.0,46.0,0.7729755,241.0,50.0,0.6617111,233.0,50.0,0.72779775,281.0,92.0,0.7413261,202.0,100.0,0.8991139,354.0,96.0,0.85970956,131.0,95.0,0.77337235,413.0,96.0,0.7007644,77.0,90.0,0.74220926,274.0,212.0,0.79710114,223.0,213.0,0.93731,347.0,284.0,0.8506764,129.0,224.0,0.8543287,436.0,346.0,0.72440666,111.0,326.0,0.94004846,9,warrior2
warrior2/95.jpg,578.0,135.0,0.78356695,568.0,123.0,0.7668954,565.0,121.0,0.83849627,536.0,131.0,0.8506514,532.0,131.0,0.9426119,594.0,197.0,0.887841,475.0,202.0,0.8624031,674.0,198.0,0.777403,372.0,216.0,0.87172097,745.0,196.0,0.91067106,280.0,218.0,0.8446505,559.0,393.0,0.81841755,488.0,385.0,0.68497455,693.0,425.0,0.73756427,368.0,489.0,0.81144583,682.0,577.0,0.92258376,228.0,585.0,0.880085,9,warrior2
warrior2/96.jpg,1001.0,524.0,0.7040372,998.0,502.0,0.8577422,971.0,504.0,0.7712382,953.0,522.0,0.79870427,918.0,531.0,0.80986047,985.0,615.0,0.8950477,889.0,628.0,0.8821847,998.0,445.0,0.7961791,906.0,433.0,0.8402987,955.0,360.0,0.53162694,908.0,364.0,0.49429792,953.0,951.0,0.70368403,891.0,948.0,0.7223154,1166.0,973.0,0.6163535,1169.0,970.0,0.56608415,1218.0,1224.0,0.49550363,519.0,1147.0,0.7782226,9,warrior2
warrior2/97.jpg,636.0,97.0,0.8478272,626.0,84.0,0.79741436,620.0,83.0,0.91770184,585.0,89.0,0.8136383,578.0,88.0,0.8805602,649.0,157.0,0.93427014,510.0,136.0,0.9022349,759.0,157.0,0.96571547,394.0,135.0,0.9668035,860.0,142.0,0.879758,301.0,119.0,0.9307298,632.0,323.0,0.84140575,533.0,328.0,0.8909029,767.0,358.0,0.75607395,429.0,459.0,0.70791876,785.0,513.0,0.9407506,287.0,518.0,0.90330034,9,warrior2
warrior2/98.jpg,574.0,207.0,0.6396234,588.0,192.0,0.84025854,575.0,192.0,0.7492838,628.0,198.0,0.67917633,598.0,195.0,0.57634574,680.0,264.0,0.77721965,551.0,263.0,0.7696642,775.0,286.0,0.14828742,454.0,265.0,0.8947546,863.0,292.0,0.20159385,366.0,266.0,0.8721752,663.0,441.0,0.88421464,586.0,444.0,0.8072609,752.0,532.0,0.35823184,458.0,493.0,0.6376331,861.0,632.0,0.5947256,455.0,629.0,0.91924435,9,warrior2
warrior2/WhatsApp Image 2021-02-25 at 11.54.02 AM.jpeg,355.0,474.0,0.44705763,339.0,477.0,0.63177675,337.0,480.0,0.6436385,343.0,505.0,0.64587235,343.0,513.0,0.64127314,408.0,565.0,0.7263851,415.0,580.0,0.62364155,418.0,694.0,0.7164577,423.0,685.0,0.49479908,415.0,778.0,0.69601333,404.0,252.0,0.37978128,613.0,544.0,0.7871614,622.0,568.0,0.80827886,690.0,423.0,0.73549795,736.0,629.0,0.88579684,825.0,404.0,0.61513287,822.0,722.0,0.82552254,9,warrior2
warrior2/WhatsApp Image 2021-02-25 at 11.54.04 AM.jpeg,291.0,476.0,0.5052545,272.0,489.0,0.7102984,280.0,470.0,0.5909777,285.0,517.0,0.7854361,293.0,481.0,0.78736854,348.0,579.0,0.730067,371.0,431.0,0.81614244,376.0,674.0,0.63400644,368.0,335.0,0.6148368,377.0,773.0,0.8098028,343.0,259.0,0.8009432,577.0,575.0,0.83999366,576.0,503.0,0.61360013,684.0,614.0,0.55235314,639.0,407.0,0.77174103,764.0,694.0,0.38412276,769.0,396.0,0.6282331,9,warrior2
warrior2/WhatsApp Image 2021-02-25 at 11.54.06 AM.jpeg,282.0,484.0,0.64326894,266.0,500.0,0.7112345,271.0,480.0,0.65575814,281.0,528.0,0.78365564,289.0,489.0,0.7555508,343.0,585.0,0.8368686,370.0,440.0,0.7812346,372.0,680.0,0.81745297,369.0,348.0,0.4980372,377.0,780.0,0.8960137,341.0,262.0,0.83896595,567.0,567.0,0.7077656,572.0,519.0,0.79012895,688.0,618.0,0.21624479,635.0,416.0,0.78504246,763.0,704.0,0.17852081,766.0,706.0,0.61996794,9,warrior2
warrior2/WhatsApp Image 2021-02-25 at 11.54.08 AM.jpeg,386.0,588.0,0.8453257,376.0,572.0,0.6403327,377.0,573.0,0.8649247,396.0,532.0,0.76590323,396.0,535.0,0.76826054,456.0,478.0,0.617548,466.0,568.0,0.51581895,511.0,359.0,0.8977678,467.0,698.0,0.87102574,545.0,255.0,0.8155269,461.0,804.0,0.79135644,660.0,459.0,0.91315305,657.0,448.0,0.6861687,748.0,595.0,0.8027864,759.0,383.0,0.88002086,906.0,593.0,0.87781626,849.0,278.0,0.8622692,9,warrior2
warrior2/WhatsApp Image 2021-02-25 at 11.54.17 AM.jpeg,382.0,399.0,0.74591255,371.0,407.0,0.82167345,374.0,403.0,0.7878785,386.0,448.0,0.8567711,393.0,437.0,0.6629032,439.0,534.0,0.8745781,454.0,394.0,0.57114637,478.0,644.0,0.75195986,438.0,294.0,0.59022546,485.0,749.0,0.7985903,418.0,229.0,0.44627732,610.0,563.0,0.64387536,624.0,535.0,0.709232,686.0,406.0,0.71335936,682.0,404.0,0.5354029,812.0,423.0,0.76159924,829.0,784.0,0.93363553,9,warrior2
warrior2/WhatsApp Image 2021-02-25 at 11.54.18 AM.jpeg,411.0,402.0,0.6438855,401.0,388.0,0.7193545,385.0,414.0,0.8081118,409.0,389.0,0.52965546,383.0,443.0,0.65593326,453.0,368.0,0.81435597,443.0,516.0,0.70177424,438.0,276.0,0.563461,471.0,628.0,0.614264,425.0,199.0,0.65123284,468.0,741.0,0.68058604,616.0,475.0,0.701761,611.0,562.0,0.6490514,680.0,382.0,0.9499803,733.0,657.0,0.8401301,803.0,408.0,0.8636967,824.0,771.0,0.8951279,9,warrior2
warrior2/WhatsApp Image 2021-02-25 at 11.54.19 AM.jpeg,383.0,399.0,0.4859012,368.0,411.0,0.6728972,368.0,399.0,0.72350454,387.0,434.0,0.6987976,390.0,419.0,0.5224662,479.0,378.0,0.49896273,468.0,502.0,0.5755312,505.0,214.0,0.39232075,493.0,647.0,0.818285,512.0,87.0,0.5319435,499.0,754.0,0.36284253,692.0,446.0,0.70818305,696.0,530.0,0.7993665,799.0,312.0,0.96390367,825.0,601.0,0.7235675,967.0,368.0,0.8421162,950.0,733.0,0.94133663,9,warrior2
warrior2/WhatsApp Image 2021-02-25 at 11.54.21 AM.jpeg,384.0,412.0,0.7221051,372.0,392.0,0.81783164,358.0,429.0,0.519734,390.0,379.0,0.7071973,369.0,458.0,0.8432831,464.0,356.0,0.80673194,436.0,512.0,0.8835608,494.0,252.0,0.77508116,481.0,653.0,0.81823385,495.0,123.0,0.85563827,482.0,784.0,0.5913938,688.0,441.0,0.7275833,675.0,532.0,0.69885916,778.0,324.0,0.8494749,816.0,633.0,0.69064784,936.0,390.0,0.9225436,932.0,769.0,0.81885344,9,warrior2
warrior2/WhatsApp Image 2021-02-25 at 12.06.26 AM.jpeg,614.0,904.0,0.5912129,609.0,907.0,0.456739,611.0,913.0,0.59819853,614.0,876.0,0.703087,605.0,901.0,0.5523203,633.0,771.0,0.62729573,585.0,780.0,0.3299128,812.0,724.0,0.5565626,727.0,755.0,0.12682022,975.0,707.0,0.9261655,1095.0,162.0,0.5460075,573.0,500.0,0.7619278,566.0,484.0,0.78912127,845.0,338.0,0.44464755,335.0,463.0,0.4497474,399.0,203.0,0.38567188,400.0,197.0,0.47898722,9,warrior2
warrior2/WhatsApp Image 2021-02-25 at 12.06.27 AM (1).jpeg,541.0,796.0,0.53332615,548.0,808.0,0.48671007,534.0,803.0,0.502656,567.0,790.0,0.619804,535.0,785.0,0.5229373,615.0,704.0,0.6727556,511.0,681.0,0.48792034,788.0,605.0,0.5649749,305.0,666.0,0.75029606,940.0,566.0,0.8481319,160.0,675.0,0.8500972,587.0,457.0,0.32934186,577.0,420.0,0.36650625,346.0,363.0,0.5068253,860.0,207.0,0.79219574,369.0,83.0,0.7830693,1085.0,32.0,0.5930809,9,warrior2
warrior2/WhatsApp Image 2021-02-25 at 12.16.06 PM (2).jpeg,736.0,202.0,0.8362605,722.0,178.0,0.7977124,732.0,181.0,0.88470155,669.0,188.0,0.8412947,692.0,192.0,0.8088763,549.0,282.0,0.85711557,734.0,299.0,0.8997842,404.0,352.0,0.8185586,893.0,325.0,0.7290548,234.0,403.0,0.7935527,1024.0,332.0,0.79169345,575.0,574.0,0.7499655,672.0,576.0,0.7854656,502.0,727.0,0.81932056,766.0,666.0,0.9013756,420.0,888.0,0.743502,736.0,818.0,0.8394908,9,warrior2
warrior2/WhatsApp Image 2021-02-25 at 12.16.07 PM.jpeg,756.0,166.0,0.8458598,756.0,139.0,0.8375074,739.0,138.0,0.8579811,692.0,145.0,0.6635497,664.0,142.0,0.8768099,578.0,221.0,0.9159374,707.0,262.0,0.9158611,488.0,308.0,0.8539993,883.0,309.0,0.9319714,419.0,338.0,0.73737276,1112.0,359.0,0.7447748,554.0,518.0,0.753418,620.0,546.0,0.8154577,519.0,608.0,0.73617613,731.0,714.0,0.71210843,446.0,691.0,0.7017638,669.0,861.0,0.87488216,9,warrior2
warrior2/WhatsApp Image 2021-02-25 at 12.16.08 PM (1).jpeg,444.0,122.0,0.79550695,451.0,98.0,0.882586,450.0,97.0,0.84467566,509.0,93.0,0.9169732,502.0,96.0,0.88915503,614.0,198.0,0.92027277,449.0,225.0,0.85644776,733.0,269.0,0.9236894,334.0,255.0,0.8066351,864.0,319.0,0.9149926,200.0,265.0,0.64583075,605.0,491.0,0.93096036,509.0,494.0,0.929183,720.0,659.0,0.8893594,423.0,635.0,0.7831085,806.0,786.0,0.868263,525.0,768.0,0.9478015,9,warrior2
warrior2/WhatsApp Image 2021-02-25 at 12.16.08 PM (2).jpeg,461.0,152.0,0.6125819,455.0,131.0,0.64548516,471.0,129.0,0.7921334,476.0,137.0,0.8529289,515.0,127.0,0.72428316,589.0,222.0,0.89119035,488.0,220.0,0.9120839,714.0,304.0,0.8281918,450.0,245.0,0.88374054,866.0,377.0,0.919291,383.0,240.0,0.5572091,611.0,473.0,0.91748893,540.0,470.0,0.8655404,685.0,628.0,0.9438363,515.0,560.0,0.6979945,773.0,788.0,0.7800433,582.0,655.0,0.9151493,9,warrior2
warrior2/WhatsApp Image 2021-02-25 at 12.16.08 PM.jpeg,500.0,184.0,0.88089967,512.0,159.0,0.8756943,512.0,157.0,0.7961837,579.0,162.0,0.8162769,571.0,162.0,0.796708,708.0,268.0,0.93921965,521.0,282.0,0.9046629,864.0,351.0,0.8537691,402.0,310.0,0.8977268,1022.0,404.0,0.7547071,290.0,311.0,0.7705712,695.0,539.0,0.94147336,597.0,542.0,0.90910274,781.0,692.0,0.90339077,523.0,679.0,0.9003749,872.0,800.0,0.9187641,620.0,751.0,0.8958517,9,warrior2
warrior2/images.jpeg,110.0,60.0,0.69063103,113.0,56.0,0.8204704,112.0,56.0,0.9003673,125.0,59.0,0.7342169,121.0,58.0,0.82471585,140.0,75.0,0.8455986,107.0,74.0,0.91364557,168.0,77.0,0.93442583,82.0,73.0,0.93270993,193.0,77.0,0.87847745,61.0,72.0,0.6583953,132.0,126.0,0.6791396,114.0,125.0,0.9440292,162.0,151.0,0.94692194,75.0,130.0,0.9234867,197.0,172.0,0.726007,74.0,171.0,0.929198,9,warrior2
warrior2/images1.jpeg,126.0,41.0,0.8796675,129.0,36.0,0.8172045,126.0,37.0,0.834646,141.0,37.0,0.9297152,135.0,37.0,0.7385213,155.0,56.0,0.9577204,120.0,56.0,0.9347484,186.0,54.0,0.87225163,92.0,57.0,0.8557725,209.0,55.0,0.66899264,69.0,55.0,0.71601695,152.0,109.0,0.87414134,133.0,110.0,0.91759884,180.0,144.0,0.97852015,93.0,126.0,0.7888803,212.0,168.0,0.7444413,84.0,167.0,0.8021252,9,warrior2
warrior2/images2.jpeg,186.0,18.0,0.7822865,182.0,14.0,0.8735487,182.0,14.0,0.8685933,172.0,16.0,0.83782196,171.0,17.0,0.80267656,184.0,41.0,0.8506784,152.0,39.0,0.9259889,208.0,45.0,0.89079505,129.0,45.0,0.9227003,235.0,46.0,0.6610836,100.0,47.0,0.9404937,177.0,99.0,0.9035617,158.0,97.0,0.9201765,214.0,117.0,0.9393705,130.0,134.0,0.897445,215.0,161.0,0.9304989,100.0,167.0,0.8924367,9,warrior2
warrior2/images4.jpeg,150.0,50.0,0.81358695,149.0,47.0,0.91082543,147.0,47.0,0.82952094,142.0,49.0,0.7918667,139.0,49.0,0.90281594,154.0,66.0,0.95246184,127.0,65.0,0.8522665,175.0,63.0,0.7885165,104.0,64.0,0.9554054,194.0,60.0,0.90817857,83.0,62.0,0.9351723,147.0,109.0,0.91820467,130.0,109.0,0.878828,179.0,123.0,0.92975956,108.0,135.0,0.8369003,180.0,157.0,0.9549297,84.0,158.0,0.82173324,9,warrior2
warrior2/warrer2_1.jpeg,101.0,40.0,0.89554304,105.0,36.0,0.7845005,103.0,36.0,0.8672536,118.0,39.0,0.8549888,115.0,38.0,0.8553596,135.0,59.0,0.8480086,96.0,57.0,0.94215375,168.0,59.0,0.9395986,64.0,54.0,0.9396225,195.0,60.0,0.6713017,34.0,56.0,0.9116877,123.0,121.0,0.9506314,99.0,121.0,0.89756745,155.0,160.0,0.9723824,58.0,145.0,0.8325908,190.0,190.0,0.6988465,42.0,189.0,0.8616015,9,warrior2
warrior2/warrer2_2.jpeg,111.0,32.0,0.8057152,110.0,29.0,0.6809227,107.0,29.0,0.7190677,103.0,31.0,0.68716776,97.0,32.0,0.9167447,115.0,52.0,0.91190606,84.0,48.0,0.7420251,139.0,48.0,0.8608058,56.0,51.0,0.8692533,160.0,44.0,0.6826743,28.0,52.0,0.77147925,105.0,94.0,0.9274175,85.0,94.0,0.9148773,135.0,103.0,0.9440298,60.0,122.0,0.8674607,133.0,136.0,0.93137574,32.0,145.0,0.7598364,9,warrior2
warrior2/warrior-2-blog-2.jpg,524.0,65.0,0.8729294,535.0,55.0,0.854571,519.0,56.0,0.7962528,562.0,61.0,0.886607,525.0,61.0,0.7663722,586.0,121.0,0.8246593,498.0,114.0,0.91848576,621.0,147.0,0.6033913,433.0,107.0,0.67929745,667.0,149.0,0.85464865,363.0,79.0,0.8418074,578.0,279.0,0.81980217,518.0,273.0,0.82477206,627.0,355.0,0.7852937,415.0,311.0,0.8334589,683.0,399.0,0.76876944,389.0,459.0,0.8944586,9,warrior2
warrior2/warrior2-pose.jpg,422.0,77.0,0.82309735,435.0,66.0,0.9035969,433.0,65.0,0.72263354,473.0,79.0,0.84927154,469.0,76.0,0.8292404,528.0,153.0,0.85725725,403.0,136.0,0.8426267,637.0,142.0,0.86266136,304.0,133.0,0.95461154,727.0,125.0,0.90413535,213.0,115.0,0.84310937,509.0,336.0,0.94821197,424.0,335.0,0.83891183,624.0,439.0,0.9401566,296.0,359.0,0.8688786,750.0,506.0,0.9313021,296.0,502.0,0.8850829,9,warrior2
warrior2/warrior2.jpg,354.0,81.0,0.6489999,347.0,72.0,0.93107,344.0,72.0,0.9199329,322.0,80.0,0.91396713,317.0,80.0,0.6966677,369.0,131.0,0.9480324,277.0,128.0,0.929482,431.0,122.0,0.60087776,212.0,143.0,0.93146086,494.0,115.0,0.7028726,147.0,150.0,0.8761699,347.0,253.0,0.82524085,288.0,250.0,0.783806,437.0,269.0,0.7135713,207.0,316.0,0.8387805,424.0,372.0,0.8662018,120.0,370.0,0.9474164,9,warrior2
